weight_kg,stress_mpa,accel_x,accel_y,accel_z,g_force,gyro_x,gyro_y,gyro_z,temp_chassis,health_state
203.03,10.186,0.002,-0.008,0.992,0.992,-0.16,-0.16,-0.16,24.71,0
192.27,9.64,-0.005,-0.013,0.989,0.989,-0.96,-0.96,-0.95,24.62,0
227.58,11.467,-0.021,-0.027,0.978,0.978,-0.5,-0.5,-0.47,24.44,0
219.68,10.911,0.004,0.001,1.007,1.007,0.02,0.02,0.06,24.52,0
242.59,12.108,0.008,0.007,1.015,1.015,-0.08,-0.08,-0.02,24.53,0
241.23,12.079,-0.013,-0.012,0.998,0.998,-0.17,-0.17,-0.1,24.59,0
256.79,12.828,0.007,0.01,1.021,1.022,-0.42,-0.42,-0.33,24.64,0
250.5,12.481,0.007,0.012,1.024,1.024,0.13,0.13,0.23,24.47,0
263.26,13.151,-0.005,0.003,1.015,1.015,-0.36,-0.36,-0.24,24.56,0
235.74,11.926,-0.006,0.003,1.015,1.015,-0.5,-0.5,-0.36,24.62,0
248.33,12.399,0.011,0.022,1.034,1.034,0.26,0.26,0.41,24.73,0
233.68,11.733,0.007,0.019,1.03,1.03,-0.41,-0.41,-0.25,24.5,0
226.16,11.37,0.014,0.027,1.037,1.038,-0.27,-0.27,-0.1,24.63,0
225.62,11.234,0.015,0.029,1.037,1.038,0.01,0.01,0.2,24.55,0
205.42,10.211,-0.007,0.009,1.015,1.015,0.3,0.3,0.51,24.57,0
184.95,9.135,0.009,0.026,1.029,1.029,0.5,0.5,0.72,24.58,0
192.53,9.589,0.021,0.038,1.038,1.039,-0.33,-0.33,-0.1,24.74,0
157.52,7.89,0.002,0.019,1.017,1.017,0.02,0.02,0.27,24.67,0
159.77,7.992,-0.043,-0.026,0.968,0.97,0.21,0.21,0.47,24.71,0
147.91,7.408,0.018,0.035,1.026,1.027,0.18,0.18,0.45,24.75,0
134.49,6.787,-0.003,0.013,1.001,1.001,-0.09,-0.09,0.2,24.57,0
136.47,6.85,0.007,0.023,1.008,1.008,0.5,0.5,0.8,24.64,0
116.5,5.9,0.047,0.062,1.044,1.047,0.31,0.31,0.61,24.78,0
119.91,6.191,-0.02,-0.006,0.974,0.974,-0.48,-0.48,-0.17,24.7,0
122.97,6.136,0.01,0.023,1.0,1.0,-0.15,-0.15,0.18,24.64,0
112.82,5.699,-0.014,-0.002,0.973,0.973,-0.49,-0.49,-0.15,24.63,0
142.93,7.21,-0.028,-0.018,0.956,0.957,0.62,0.62,0.97,24.89,0
136.42,6.827,0.003,0.012,0.985,0.985,-0.06,-0.06,0.3,24.75,0
150.27,7.477,0.022,0.03,1.002,1.003,-0.51,-0.51,-0.13,24.76,0
157.78,7.898,-0.022,-0.016,0.957,0.958,0.3,0.3,0.68,24.82,0
170.48,8.594,0.017,0.022,0.995,0.996,-0.07,-0.07,0.32,24.82,0
169.45,8.442,-0.015,-0.013,0.963,0.963,-0.29,-0.29,0.11,24.9,0
205.18,10.122,0.001,0.002,0.979,0.979,-1.07,-1.07,-0.66,24.85,0
211.24,10.503,0.011,0.01,0.99,0.99,0.4,0.4,0.81,24.63,0
228.08,11.418,-0.019,-0.021,0.962,0.962,0.13,0.13,0.55,24.74,0
239.71,12.032,-0.004,-0.008,0.979,0.98,0.02,0.02,0.45,24.75,0
243.07,12.22,-0.025,-0.03,0.962,0.962,0.01,0.01,0.45,25.05,0
249.11,12.452,0.018,0.012,1.008,1.008,-0.38,-0.38,0.06,24.88,0
235.52,11.682,-0.005,-0.012,0.989,0.989,0.4,0.4,0.85,24.86,0
250.61,12.518,0.011,0.002,1.008,1.008,-0.31,-0.31,0.15,24.78,0
242.05,12.21,-0.017,-0.026,0.985,0.985,0.08,0.08,0.55,24.92,0
243.39,12.132,-0.041,-0.051,0.965,0.967,-0.07,-0.07,0.4,24.76,0
240.83,12.154,-0.009,-0.019,1.001,1.002,0.68,0.68,1.16,24.87,0
234.44,11.814,-0.003,-0.013,1.012,1.012,0.79,0.79,1.27,24.84,0
228.08,11.421,-0.004,-0.014,1.015,1.015,0.52,0.52,1.01,24.94,0
207.33,10.309,0.022,0.012,1.045,1.045,-0.33,-0.33,0.16,24.85,0
196.54,9.761,-0.03,-0.041,0.995,0.997,0.37,0.37,0.86,25.13,0
194.6,9.794,-0.007,-0.017,1.022,1.022,0.45,0.45,0.94,24.97,0
187.83,9.269,0.025,0.016,1.057,1.057,-0.27,-0.27,0.23,25.08,0
168.85,8.332,0.001,-0.008,1.034,1.034,-0.14,-0.14,0.36,24.92,0
166.05,8.332,-0.012,-0.02,1.023,1.023,0.5,0.5,0.99,24.94,0
138.32,6.904,-0.035,-0.042,1.0,1.001,-0.53,-0.53,-0.03,25.05,0
128.04,6.56,0.004,-0.001,1.039,1.039,1.21,1.21,1.71,25.04,0
138.15,6.938,0.005,0.001,1.039,1.039,-0.52,-0.52,-0.02,24.78,0
132.8,6.665,0.019,0.016,1.052,1.052,0.74,0.74,1.24,25.06,0
130.05,6.52,-0.008,-0.01,1.023,1.023,0.22,0.22,0.72,24.88,0
129.29,6.494,-0.013,-0.014,1.014,1.015,-0.07,-0.07,0.42,24.97,0
116.96,5.968,-0.022,-0.021,1.002,1.003,0.25,0.25,0.74,25.17,0
140.12,6.953,-0.047,-0.045,0.973,0.975,0.38,0.38,0.88,25.23,0
143.5,7.136,-0.013,-0.009,1.004,1.004,-0.71,-0.71,-0.22,25.19,0
155.78,7.731,-0.003,0.002,1.009,1.009,-0.4,-0.4,0.09,25.24,0
176.69,8.709,-0.037,-0.031,0.969,0.97,0.18,0.18,0.67,25.1,0
181.27,8.901,0.001,0.009,1.003,1.003,0.45,0.45,0.93,25.04,0
186.45,9.339,0.01,0.019,1.006,1.007,0.48,0.48,0.96,25.13,0
193.11,9.516,0.043,0.053,1.034,1.036,-0.56,-0.56,-0.09,25.03,0
228.13,11.459,0.031,0.041,1.017,1.018,0.33,0.33,0.79,25.28,0
216.59,10.851,-0.024,-0.012,0.957,0.958,-0.17,-0.17,0.29,25.08,0
226.39,11.33,0.037,0.049,1.013,1.015,-0.09,-0.09,0.36,24.99,0
236.55,11.85,0.019,0.031,0.992,0.992,0.62,0.62,1.06,25.2,0
249.75,12.563,0.021,0.033,0.99,0.99,-0.3,-0.3,0.14,25.05,0
240.59,12.139,0.008,0.02,0.974,0.974,-0.41,-0.41,0.02,24.87,0
248.08,12.45,-0.004,0.008,0.96,0.96,0.19,0.19,0.62,25.06,0
246.37,12.367,0.018,0.029,0.98,0.98,0.73,0.73,1.15,25.14,0
236.23,11.771,0.002,0.012,0.963,0.963,-0.45,-0.45,-0.05,25.19,0
228.08,11.451,0.032,0.042,0.993,0.994,0.16,0.16,0.56,25.18,0
230.53,11.556,0.006,0.015,0.967,0.967,-0.38,-0.38,0.01,25.29,0
217.85,10.754,0.032,0.04,0.995,0.996,0.36,0.36,0.74,25.36,0
221.26,11.012,0.038,0.044,1.002,1.004,-0.93,-0.93,-0.56,25.12,0
190.04,9.365,-0.021,-0.016,0.946,0.946,0.05,0.05,0.41,25.15,0
196.21,9.83,0.027,0.031,0.998,0.998,-0.02,-0.02,0.33,25.29,0
164.34,8.191,-0.025,-0.023,0.949,0.95,0.66,0.66,1.0,25.19,0
145.7,7.309,0.017,0.017,0.995,0.995,-0.39,-0.39,-0.07,25.26,0
144.9,7.188,0.021,0.019,1.003,1.004,-1.78,-1.78,-1.46,25.35,0
136.72,6.781,-0.028,-0.032,0.959,0.96,-0.32,-0.32,-0.02,25.31,0
120.27,5.991,0.007,0.001,0.999,0.999,0.02,0.02,0.31,25.52,0
133.72,6.586,0.025,0.018,1.022,1.022,-0.16,-0.16,0.12,25.26,0
128.57,6.35,-0.004,-0.013,0.997,0.997,0.46,0.46,0.72,25.11,0
136.56,6.93,0.01,-0.001,1.016,1.016,0.4,0.4,0.66,25.35,0
125.04,6.3,0.027,0.015,1.037,1.038,0.01,0.01,0.25,25.42,0
126.75,6.415,0.0,-0.014,1.015,1.015,-0.59,-0.59,-0.36,25.3,0
142.84,7.161,0.024,0.009,1.042,1.043,-0.19,-0.19,0.03,25.34,0
150.65,7.669,-0.007,-0.023,1.014,1.014,0.02,0.02,0.22,25.42,0
152.05,7.548,0.001,-0.017,1.024,1.024,0.12,0.12,0.3,25.33,0
155.1,7.782,0.0,-0.018,1.026,1.026,0.03,0.03,0.2,25.4,0
184.02,9.272,-0.011,-0.03,1.016,1.017,0.84,0.84,1.0,25.28,0
202.37,10.187,0.012,-0.008,1.039,1.039,-1.21,-1.21,-1.07,25.44,0
211.9,10.664,-0.035,-0.055,0.992,0.994,-0.47,-0.47,-0.34,25.42,0
225.34,11.194,-0.032,-0.052,0.994,0.996,-0.75,-0.75,-0.63,25.32,0
224.19,11.125,-0.003,-0.023,1.022,1.022,-0.36,-0.36,-0.26,25.46,0
231.11,11.627,0.035,0.016,1.058,1.059,-0.08,-0.08,0.0,25.46,0
246.05,12.354,-0.016,-0.034,1.005,1.006,-1.03,-1.03,-0.96,25.57,0
247.39,12.421,-0.038,-0.056,0.98,0.982,0.31,0.31,0.36,25.58,0
261.86,12.967,-0.01,-0.027,1.004,1.005,-0.05,-0.05,-0.01,25.42,0
245.45,12.357,0.0,-0.015,1.012,1.012,-0.48,-0.48,-0.46,25.65,0
235.71,11.725,-0.017,-0.03,0.991,0.992,-0.47,-0.47,-0.46,25.47,0
222.42,11.26,-0.003,-0.015,1.001,1.001,-1.33,-1.33,-1.33,25.37,0
226.93,11.384,-0.019,-0.029,0.981,0.982,-0.02,-0.02,-0.03,25.59,0
212.52,10.493,-0.004,-0.012,0.993,0.993,0.98,0.98,0.94,25.54,0
208.19,10.512,-0.021,-0.027,0.972,0.972,-0.18,-0.18,-0.23,25.5,0
197.06,9.946,0.007,0.003,0.996,0.996,0.27,0.27,0.2,25.71,0
194.63,9.588,-0.01,-0.011,0.976,0.977,-0.02,-0.02,-0.1,25.51,0
174.78,8.87,-0.015,-0.013,0.97,0.97,0.06,0.06,-0.03,25.53,0
151.69,7.605,-0.018,-0.014,0.965,0.965,0.33,0.33,0.22,25.56,0
154.78,7.714,-0.022,-0.015,0.959,0.96,1.38,1.38,1.26,25.62,0
140.62,6.983,-0.026,-0.017,0.954,0.954,-0.03,-0.03,-0.17,25.54,0
134.1,6.616,0.035,0.046,1.015,1.016,-0.03,-0.03,-0.18,25.52,0
135.14,6.684,0.004,0.018,0.984,0.984,-0.66,-0.66,-0.83,25.53,0
139.81,6.951,0.004,0.02,0.985,0.985,-0.18,-0.18,-0.36,25.61,0
121.91,5.966,-0.014,0.004,0.969,0.969,-1.11,-1.11,-1.31,25.6,0
135.36,6.798,-0.023,-0.003,0.962,0.962,-0.11,-0.11,-0.32,25.52,0
142.25,7.119,0.003,0.025,0.991,0.991,-0.18,-0.18,-0.4,25.57,0
139.9,7.095,-0.054,-0.031,0.936,0.938,0.04,0.04,-0.19,25.59,0
149.1,7.451,-0.023,0.001,0.971,0.971,-0.37,-0.37,-0.62,25.68,0
162.1,8.137,0.012,0.038,1.01,1.01,0.41,0.41,0.15,25.73,0
168.15,8.393,-0.005,0.021,0.996,0.996,-0.25,-0.25,-0.52,25.6,0
193.98,9.762,-0.01,0.017,0.995,0.995,0.07,0.07,-0.22,25.74,0
200.44,10.013,0.002,0.029,1.011,1.012,-0.5,-0.5,-0.8,25.62,0
194.19,9.711,0.013,0.04,1.026,1.027,-0.25,-0.25,-0.56,25.66,0
204.66,10.227,0.011,0.037,1.028,1.028,-0.01,-0.01,-0.33,25.65,0
233.19,11.631,0.007,0.033,1.028,1.028,-0.5,-0.5,-0.83,25.63,0
235.22,11.752,-0.033,-0.007,0.991,0.992,-0.36,-0.36,-0.7,25.82,0
251.17,12.434,0.0,0.024,1.027,1.027,0.1,0.1,-0.26,25.66,0
265.63,13.225,-0.003,0.02,1.026,1.026,-0.52,-0.52,-0.89,25.64,0
235.82,11.789,0.002,0.023,1.032,1.032,-0.81,-0.81,-1.18,25.9,0
246.92,12.428,-0.021,-0.002,1.01,1.01,0.52,0.52,0.14,25.81,0
257.14,12.903,0.0,0.018,1.032,1.032,0.41,0.41,0.02,25.86,0
249.9,12.395,0.013,0.028,1.044,1.044,0.72,0.72,0.32,25.79,0
250.71,12.433,-0.005,0.008,1.025,1.025,0.55,0.55,0.14,25.72,0
239.66,11.888,0.012,0.022,1.041,1.041,0.67,0.67,0.25,25.84,0
223.12,11.145,-0.009,-0.002,1.017,1.017,0.01,0.01,-0.42,25.79,0
200.46,9.992,0.011,0.015,1.034,1.034,0.59,0.59,0.15,25.86,0
202.45,10.151,0.03,0.032,1.05,1.051,0.24,0.24,-0.2,25.87,0
165.08,8.214,-0.01,-0.012,1.005,1.005,0.23,0.23,-0.22,25.78,0
171.34,8.63,-0.009,-0.014,1.002,1.002,-0.17,-0.17,-0.63,25.87,0
150.35,7.522,0.031,0.024,1.038,1.038,-0.42,-0.42,-0.88,25.84,0
163.11,7.99,0.007,-0.003,1.009,1.009,-0.12,-0.12,-0.59,25.91,0
128.36,6.415,0.014,0.001,1.011,1.011,-0.7,-0.7,-1.17,25.72,0
137.37,6.858,0.005,-0.01,0.997,0.997,0.8,0.8,0.32,25.78,0
141.45,7.113,-0.011,-0.029,0.976,0.976,-0.15,-0.15,-0.63,25.92,0
122.95,6.114,-0.026,-0.047,0.955,0.957,0.25,0.25,-0.24,25.94,0
124.43,6.238,0.008,-0.015,0.985,0.985,0.12,0.12,-0.36,25.9,0
138.4,6.767,0.03,0.006,1.003,1.003,-0.39,-0.39,-0.89,25.79,0
126.03,6.29,0.034,0.008,1.003,1.004,-0.07,-0.07,-0.57,25.94,0
151.1,7.559,-0.003,-0.031,0.963,0.963,0.95,0.95,0.45,26.15,0
153.76,7.683,0.045,0.017,1.009,1.01,-0.1,-0.1,-0.6,25.92,0
160.1,7.922,0.028,-0.001,0.99,0.99,0.61,0.61,0.12,25.91,0
169.98,8.481,0.032,0.003,0.993,0.993,0.05,0.05,-0.45,25.81,0
185.93,9.358,0.036,0.006,0.996,0.997,0.86,0.86,0.36,25.93,0
207.99,10.426,0.03,-0.0,0.99,0.99,1.01,1.01,0.51,26.07,0
215.73,10.584,0.019,-0.01,0.98,0.981,-0.7,-0.7,-1.2,25.8,0
225.86,11.244,0.012,-0.016,0.976,0.976,-0.23,-0.23,-0.72,25.93,0
242.09,12.053,-0.005,-0.033,0.96,0.961,0.27,0.27,-0.22,25.92,0
238.63,12.126,0.018,-0.009,0.986,0.987,0.27,0.27,-0.23,25.79,0
254.64,12.778,-0.019,-0.044,0.953,0.954,0.62,0.62,0.13,26.08,0
241.67,12.201,-0.02,-0.043,0.957,0.958,-0.05,-0.05,-0.54,26.04,0
256.22,12.892,-0.025,-0.046,0.956,0.957,-0.14,-0.14,-0.63,26.01,0
261.18,12.916,-0.027,-0.046,0.958,0.96,-1.09,-1.09,-1.57,26.0,0
245.59,12.376,-0.001,-0.018,0.989,0.989,-0.82,-0.82,-1.29,26.02,0
232.32,11.737,0.023,0.009,1.019,1.019,0.18,0.18,-0.3,26.08,0
233.51,11.784,-0.008,-0.018,0.993,0.993,0.14,0.14,-0.33,25.91,0
232.8,11.578,0.013,0.005,1.019,1.019,0.5,0.5,0.04,25.93,0
220.72,11.051,-0.03,-0.035,0.98,0.981,0.58,0.58,0.13,26.03,0
193.45,9.543,0.008,0.006,1.023,1.023,0.45,0.45,-0.0,26.09,0
170.08,8.505,-0.014,-0.013,1.005,1.005,-0.43,-0.43,-0.87,26.01,0
171.58,8.565,-0.011,-0.007,1.012,1.012,0.98,0.98,0.54,26.17,0
169.87,8.358,0.023,0.03,1.049,1.05,0.65,0.65,0.22,26.09,0
156.18,7.841,-0.014,-0.005,1.014,1.014,-0.09,-0.09,-0.51,26.13,0
144.26,7.249,0.001,0.013,1.031,1.031,0.84,0.84,0.42,26.08,0
130.93,6.477,-0.036,-0.021,0.995,0.996,0.07,0.07,-0.33,25.99,0
125.02,6.346,-0.012,0.005,1.02,1.02,-1.13,-1.13,-1.52,26.26,0
126.27,6.219,0.015,0.034,1.046,1.047,-0.48,-0.48,-0.87,26.0,0
125.72,6.239,0.022,0.043,1.052,1.053,0.02,0.02,-0.36,26.15,0
124.06,6.217,0.006,0.029,1.035,1.035,0.0,0.0,-0.36,25.99,0
118.37,5.964,-0.007,0.017,1.02,1.02,0.08,0.08,-0.28,25.88,0
155.7,7.664,-0.036,-0.011,0.988,0.989,0.1,0.1,-0.25,26.09,0
140.04,7.067,0.019,0.045,1.04,1.041,0.29,0.29,-0.04,26.0,0
169.35,8.425,0.013,0.04,1.031,1.032,-0.12,-0.12,-0.45,26.24,0
179.32,8.917,-0.018,0.009,0.996,0.996,0.29,0.29,-0.03,26.13,0
181.4,9.186,0.008,0.035,1.018,1.018,0.09,0.09,-0.21,26.09,0
199.2,9.859,-0.009,0.018,0.997,0.997,-0.4,-0.4,-0.69,26.31,0
194.97,9.757,0.017,0.043,1.019,1.02,0.15,0.15,-0.13,26.31,0
228.27,11.292,-0.006,0.02,0.992,0.992,-0.02,-0.02,-0.28,26.16,0
237.81,11.825,-0.013,0.012,0.982,0.982,-0.78,-0.78,-1.03,26.17,0
237.51,12.066,0.01,0.033,1.001,1.001,0.06,0.06,-0.18,26.16,0
263.18,13.242,-0.034,-0.012,0.954,0.954,-0.52,-0.52,-0.74,25.97,0
243.61,12.21,-0.01,0.01,0.975,0.975,0.57,0.57,0.36,26.06,0
242.69,12.076,-0.02,-0.001,0.963,0.963,0.79,0.79,0.59,26.14,0
249.41,12.367,0.011,0.027,0.992,0.993,0.1,0.1,-0.08,26.12,0
257.04,12.983,-0.0,0.014,0.98,0.98,0.41,0.41,0.24,26.16,0
227.44,11.382,-0.015,-0.003,0.965,0.965,0.52,0.52,0.37,26.17,0
253.66,12.655,-0.007,0.002,0.973,0.973,-0.29,-0.29,-0.43,26.05,0
228.1,11.346,-0.015,-0.008,0.966,0.966,0.52,0.52,0.39,26.07,0
214.19,10.819,-0.001,0.004,0.981,0.981,0.54,0.54,0.42,26.35,0
203.19,10.151,-0.009,-0.007,0.975,0.975,-0.1,-0.1,-0.19,26.29,0
185.5,9.331,0.024,0.024,1.01,1.011,-0.32,-0.32,-0.4,26.38,0
180.58,9.025,0.013,0.011,1.003,1.003,-0.48,-0.48,-0.55,26.17,0
155.65,7.799,-0.027,-0.032,0.965,0.966,0.12,0.12,0.07,26.18,0
148.39,7.462,-0.019,-0.026,0.977,0.978,-0.26,-0.26,-0.3,26.4,0
154.38,7.712,-0.042,-0.051,0.958,0.96,-0.18,-0.18,-0.2,26.22,0
154.86,7.748,-0.012,-0.024,0.991,0.991,0.14,0.14,0.13,26.36,0
145.11,7.268,0.034,0.021,1.041,1.042,-0.17,-0.17,-0.16,26.36,0
124.81,6.175,0.017,0.002,1.028,1.028,-0.27,-0.27,-0.24,26.25,0
136.23,6.907,0.005,-0.011,1.019,1.02,0.18,0.18,0.21,26.32,0
124.53,6.118,-0.006,-0.023,1.012,1.012,0.21,0.21,0.27,26.3,0
136.75,6.787,-0.001,-0.019,1.02,1.02,-0.04,-0.04,0.03,26.23,0
149.11,7.502,0.019,-0.0,1.042,1.042,-0.44,-0.44,-0.36,26.3,0
153.35,7.737,0.004,-0.016,1.029,1.029,0.0,0.0,0.1,26.08,0
150.32,7.372,0.033,0.014,1.06,1.06,-0.42,-0.42,-0.31,26.26,0
165.91,8.233,-0.01,-0.03,1.017,1.018,-0.32,-0.32,-0.19,26.3,0
167.31,8.244,0.02,-0.0,1.047,1.047,0.02,0.02,0.16,26.38,0
186.48,9.516,0.02,0.001,1.047,1.047,-0.88,-0.88,-0.73,26.42,0
199.17,9.876,-0.008,-0.027,1.018,1.018,-0.26,-0.26,-0.09,26.31,0
215.17,10.906,0.002,-0.016,1.026,1.026,0.04,0.04,0.23,26.34,0
215.97,10.815,-0.007,-0.023,1.015,1.015,0.65,0.65,0.85,26.15,0
230.91,11.676,0.015,-0.0,1.034,1.034,0.38,0.38,0.59,26.24,0
237.98,12.077,0.011,-0.003,1.026,1.026,0.4,0.4,0.62,26.07,0
243.61,12.118,-0.009,-0.022,1.002,1.002,0.07,0.07,0.31,26.37,0
248.43,12.396,-0.0,-0.011,1.006,1.007,0.34,0.34,0.59,26.22,0
253.85,12.687,0.023,0.013,1.025,1.025,-0.33,-0.33,-0.06,26.4,0
265.9,13.329,0.001,-0.006,0.999,0.999,0.28,0.28,0.56,26.2,0
257.73,13.006,0.038,0.033,1.031,1.032,-0.37,-0.37,-0.08,26.43,0
235.43,11.788,-0.009,-0.013,0.979,0.979,0.03,0.03,0.33,26.21,0
240.05,11.963,0.024,0.022,1.007,1.007,-0.14,-0.14,0.18,26.33,0
217.72,10.718,-0.004,-0.004,0.975,0.975,0.04,0.04,0.36,26.45,0
207.58,10.368,0.003,0.005,0.978,0.978,0.5,0.5,0.83,26.59,0
201.5,10.142,0.024,0.027,0.995,0.995,0.14,0.14,0.48,26.27,0
174.06,8.612,-0.002,0.003,0.966,0.966,0.23,0.23,0.58,26.34,0
163.02,8.022,0.02,0.026,0.985,0.985,0.03,0.03,0.4,26.29,0
160.52,8.046,0.036,0.044,0.999,1.001,0.78,0.78,1.16,26.47,0
149.94,7.667,-0.02,-0.011,0.942,0.942,0.42,0.42,0.81,26.46,0
145.12,7.235,0.018,0.028,0.979,0.979,0.12,0.12,0.51,26.38,0
130.97,6.272,0.012,0.023,0.973,0.974,0.09,0.09,0.5,26.31,0
138.49,7.025,-0.023,-0.012,0.938,0.939,0.34,0.34,0.76,26.46,0
139.49,7.001,0.009,0.02,0.972,0.972,-0.15,-0.15,0.27,26.47,0
125.87,6.328,-0.021,-0.009,0.944,0.944,0.76,0.76,1.19,26.32,0
100.99,5.18,0.013,0.025,0.981,0.982,0.69,0.69,1.13,26.41,0
125.12,6.335,-0.005,0.007,0.966,0.966,-0.17,-0.17,0.27,26.57,0
143.53,7.129,0.022,0.034,0.998,0.998,0.05,0.05,0.51,26.46,0
165.02,8.28,-0.002,0.009,0.978,0.978,0.98,0.98,1.44,26.23,0
168.81,8.472,-0.043,-0.032,0.942,0.944,-0.04,-0.04,0.43,26.38,0
166.26,8.355,-0.016,-0.006,0.974,0.975,0.53,0.53,1.0,26.31,0
177.32,8.88,-0.001,0.008,0.994,0.994,-0.45,-0.45,0.03,26.35,0
197.8,9.782,-0.021,-0.013,0.98,0.98,-0.41,-0.41,0.07,26.39,0
209.63,10.337,-0.001,0.006,1.005,1.005,-0.13,-0.13,0.35,26.36,0
223.65,11.209,-0.031,-0.026,0.98,0.98,-0.09,-0.09,0.4,26.54,0
218.56,10.953,0.035,0.039,1.05,1.051,0.66,0.66,1.15,26.26,0
247.09,12.429,0.008,0.011,1.028,1.028,0.24,0.24,0.73,26.41,0
254.54,12.697,0.009,0.01,1.033,1.033,0.17,0.17,0.66,26.49,0
244.13,12.214,-0.007,-0.007,1.02,1.02,-0.19,-0.19,0.31,26.41,0
248.05,12.385,-0.004,-0.005,1.027,1.027,0.15,0.15,0.65,26.38,0
250.3,12.556,0.011,0.008,1.043,1.043,-1.17,-1.17,-0.67,26.35,0
241.07,12.027,-0.02,-0.024,1.014,1.014,-0.11,-0.11,0.39,26.58,0
220.42,10.957,0.007,0.002,1.042,1.042,-0.57,-0.57,-0.07,26.35,0
234.86,11.773,0.008,0.001,1.043,1.043,0.17,0.17,0.67,26.45,0
236.9,11.848,0.011,0.003,1.045,1.046,1.09,1.09,1.59,26.5,0
227.25,11.572,-0.014,-0.023,1.019,1.02,-0.5,-0.5,-0.01,26.55,0
198.33,9.996,0.006,-0.003,1.038,1.038,-0.19,-0.19,0.31,26.38,0
198.68,10.044,0.009,-0.0,1.039,1.039,0.9,0.9,1.4,26.45,0
160.91,8.02,0.02,0.01,1.046,1.046,0.29,0.29,0.78,26.56,0
161.19,8.08,-0.013,-0.024,1.01,1.01,-0.94,-0.94,-0.45,26.57,0
162.03,8.113,-0.041,-0.052,0.978,0.98,-0.45,-0.45,0.03,26.47,0
152.02,7.56,-0.045,-0.056,0.97,0.973,0.02,0.02,0.5,26.43,0
125.45,6.39,-0.035,-0.045,0.976,0.977,-0.2,-0.2,0.28,26.26,0
119.72,6.082,0.008,-0.002,1.015,1.015,0.21,0.21,0.69,26.37,0
117.18,5.796,-0.015,-0.025,0.987,0.987,-0.23,-0.23,0.23,26.41,0
114.25,5.796,0.008,-0.001,1.006,1.006,1.05,1.05,1.52,26.55,0
115.43,5.743,-0.012,-0.02,0.982,0.982,0.34,0.34,0.8,26.48,0
122.26,6.231,-0.027,-0.034,0.963,0.964,0.13,0.13,0.58,26.36,0
141.15,7.083,0.01,0.005,0.997,0.997,0.25,0.25,0.7,26.38,0
146.84,7.426,-0.038,-0.041,0.946,0.948,-0.01,-0.01,0.42,26.54,0
163.36,8.128,-0.005,-0.007,0.977,0.977,0.39,0.39,0.82,26.58,0
168.43,8.437,0.023,0.023,1.003,1.004,-0.06,-0.06,0.36,26.48,0
195.31,9.586,0.018,0.019,0.997,0.997,0.21,0.21,0.62,26.47,0
189.41,9.563,0.009,0.012,0.987,0.988,-0.45,-0.45,-0.05,26.46,0
216.11,10.767,-0.017,-0.013,0.961,0.961,-0.11,-0.11,0.28,26.61,0
211.96,10.537,-0.0,0.005,0.978,0.978,-0.42,-0.42,-0.03,26.49,0
210.26,10.626,0.003,0.01,0.983,0.983,0.25,0.25,0.62,26.59,0
230.27,11.57,0.003,0.012,0.984,0.984,-0.12,-0.12,0.24,26.58,0
230.48,11.552,0.004,0.014,0.988,0.988,-0.11,-0.11,0.24,26.59,0
256.86,12.911,0.023,0.035,1.01,1.011,0.3,0.3,0.64,26.53,0
238.57,11.805,0.026,0.039,1.016,1.017,-0.18,-0.18,0.15,26.51,0
241.74,12.056,0.002,0.016,0.995,0.995,0.03,0.03,0.35,26.47,0
254.92,12.754,-0.004,0.011,0.993,0.993,0.04,0.04,0.35,26.57,0
231.72,11.576,-0.026,-0.01,0.975,0.975,0.25,0.25,0.54,26.54,0
243.47,12.118,-0.011,0.005,0.993,0.993,0.12,0.12,0.4,26.56,0
229.77,11.48,0.038,0.054,1.045,1.047,0.91,0.91,1.18,26.49,0
218.81,11.055,-0.037,-0.02,0.974,0.975,0.3,0.3,0.56,26.47,0
217.25,10.853,-0.002,0.015,1.012,1.012,-0.05,-0.05,0.19,26.59,0
186.55,9.332,0.012,0.029,1.029,1.029,0.39,0.39,0.62,26.36,0
194.44,9.652,0.005,0.021,1.024,1.025,-0.15,-0.15,0.07,26.51,0
182.04,9.084,0.035,0.051,1.057,1.058,0.81,0.81,1.02,26.39,0
162.28,8.008,0.018,0.033,1.041,1.042,0.51,0.51,0.7,26.48,0
138.59,6.76,0.039,0.053,1.062,1.064,-0.21,-0.21,-0.03,26.39,0
140.69,6.957,0.023,0.036,1.047,1.047,-0.4,-0.4,-0.24,26.35,0
132.66,6.678,-0.006,0.005,1.017,1.017,-0.55,-0.55,-0.4,26.51,0
118.6,5.993,0.037,0.046,1.059,1.061,0.22,0.22,0.36,26.5,0
119.4,6.008,-0.015,-0.008,1.005,1.005,0.86,0.86,0.99,26.59,0
127.18,6.348,0.032,0.038,1.05,1.051,-1.77,-1.77,-1.67,26.35,0
131.77,6.618,0.023,0.027,1.038,1.039,0.61,0.61,0.71,26.61,0
124.62,6.27,0.016,0.017,1.027,1.028,0.08,0.08,0.16,26.48,0
129.39,6.425,-0.001,-0.002,1.007,1.007,0.46,0.46,0.53,26.55,0
158.15,7.86,0.023,0.02,1.027,1.028,-0.48,-0.48,-0.44,26.52,0
158.01,7.855,0.022,0.016,1.021,1.022,-0.48,-0.48,-0.45,26.29,0
166.32,8.34,0.002,-0.005,0.997,0.997,-0.28,-0.28,-0.26,26.67,0
194.7,9.634,-0.011,-0.021,0.98,0.98,0.59,0.59,0.6,26.51,0
205.71,10.249,0.026,0.015,1.013,1.013,-0.24,-0.24,-0.26,26.52,0
192.7,9.611,0.02,0.006,1.002,1.002,-0.6,-0.6,-0.63,26.65,0
227.43,11.322,-0.02,-0.036,0.958,0.959,0.63,0.63,0.59,26.33,0
235.6,11.715,0.0,-0.017,0.975,0.975,-0.58,-0.58,-0.63,26.56,0
235.85,11.745,0.006,-0.014,0.976,0.976,-0.11,-0.11,-0.18,26.49,0
246.03,12.483,0.01,-0.011,0.978,0.978,-0.13,-0.13,-0.22,26.71,0
256.29,12.864,0.01,-0.013,0.975,0.976,0.28,0.28,0.17,26.43,0
242.5,12.106,0.007,-0.017,0.971,0.971,-0.41,-0.41,-0.53,26.64,0
255.86,12.749,0.017,-0.008,0.98,0.98,0.6,0.6,0.46,26.52,0
244.41,12.128,0.011,-0.014,0.974,0.974,0.37,0.37,0.22,26.65,0
240.55,12.052,0.031,0.006,0.994,0.995,0.12,0.12,-0.04,26.43,0
235.2,11.824,-0.009,-0.034,0.955,0.956,-0.02,-0.02,-0.19,26.38,0
210.11,10.393,-0.014,-0.039,0.953,0.953,0.49,0.49,0.31,26.42,0
203.78,10.193,0.022,-0.003,0.991,0.991,0.23,0.23,0.03,26.5,0
202.89,10.245,-0.009,-0.033,0.963,0.964,0.2,0.2,-0.02,26.62,0
213.4,10.558,0.044,0.021,1.02,1.022,0.01,0.01,-0.22,26.61,0
181.79,9.054,0.02,-0.001,1.001,1.001,0.3,0.3,0.06,26.51,0
146.72,7.289,-0.018,-0.038,0.967,0.968,-0.62,-0.62,-0.87,26.5,0
142.8,7.091,-0.01,-0.028,0.98,0.981,0.96,0.96,0.7,26.47,0
139.54,7.198,0.011,-0.005,1.007,1.007,-0.54,-0.54,-0.82,26.63,0
139.81,7.056,0.029,0.015,1.029,1.03,-0.84,-0.84,-1.13,26.54,0
132.18,6.584,-0.001,-0.012,1.005,1.005,-0.29,-0.29,-0.59,26.49,0
133.22,6.688,0.002,-0.008,1.013,1.013,1.22,1.22,0.9,26.43,0
119.87,5.933,-0.037,-0.044,0.979,0.981,-0.49,-0.49,-0.82,26.52,0
129.76,6.363,-0.015,-0.019,1.005,1.005,-0.08,-0.08,-0.42,26.47,0
130.29,6.425,-0.013,-0.014,1.012,1.012,0.63,0.63,0.28,26.46,0
139.76,6.975,0.002,0.003,1.03,1.03,0.5,0.5,0.14,26.39,0
142.1,7.183,-0.016,-0.011,1.016,1.016,0.58,0.58,0.21,26.38,0
160.66,8.054,0.003,0.011,1.038,1.038,-0.27,-0.27,-0.65,26.49,0
162.08,8.045,0.018,0.028,1.054,1.055,0.27,0.27,-0.12,26.52,0
196.07,9.807,0.011,0.023,1.048,1.049,-0.3,-0.3,-0.7,26.54,0
191.44,9.576,0.002,0.018,1.04,1.041,-0.57,-0.57,-0.98,26.53,0
194.09,9.681,-0.025,-0.007,1.013,1.013,0.18,0.18,-0.24,26.45,0
208.29,10.541,-0.0,0.02,1.037,1.037,0.23,0.23,-0.2,26.48,0
215.76,10.882,-0.009,0.013,1.026,1.026,-0.03,-0.03,-0.46,26.46,0
251.39,12.694,-0.009,0.015,1.024,1.024,0.13,0.13,-0.31,26.58,0
239.89,11.964,-0.019,0.007,1.012,1.012,-0.89,-0.89,-1.34,26.49,0
234.78,11.802,-0.026,0.001,1.001,1.002,0.35,0.35,-0.1,26.32,0
251.39,12.579,-0.003,0.025,1.02,1.02,0.04,0.04,-0.42,26.41,0
264.64,13.236,0.022,0.051,1.041,1.042,0.68,0.68,0.22,26.55,0
237.66,11.755,-0.06,-0.03,0.955,0.957,0.25,0.25,-0.22,26.54,0
243.32,12.14,-0.042,-0.012,0.968,0.969,-0.42,-0.42,-0.9,26.35,0
239.43,11.997,-0.005,0.025,1.001,1.001,-0.12,-0.12,-0.6,26.32,0
231.04,11.487,-0.057,-0.027,0.944,0.946,0.57,0.57,0.08,26.31,0
218.34,10.836,0.008,0.036,1.004,1.004,-0.08,-0.08,-0.56,26.5,0
208.52,10.477,-0.022,0.005,0.97,0.97,-0.15,-0.15,-0.64,26.59,0
199.0,10.053,0.018,0.044,1.006,1.007,0.52,0.52,0.03,26.44,0
185.36,9.217,-0.017,0.008,0.968,0.968,0.08,0.08,-0.42,26.5,0
184.95,9.254,-0.054,-0.031,0.928,0.93,1.58,1.58,1.08,26.32,0
154.01,7.796,-0.028,-0.007,0.951,0.951,-1.17,-1.17,-1.66,26.59,0
150.26,7.53,-0.003,0.016,0.974,0.974,0.33,0.33,-0.17,26.39,0
138.01,6.717,-0.025,-0.009,0.951,0.951,0.09,0.09,-0.41,26.44,0
129.24,6.438,-0.05,-0.036,0.925,0.927,-0.21,-0.21,-0.71,26.47,0
120.14,5.97,0.021,0.032,0.996,0.996,0.58,0.58,0.08,26.45,0
125.89,6.283,-0.024,-0.016,0.951,0.951,0.22,0.22,-0.28,26.4,0
132.75,6.542,-0.017,-0.011,0.96,0.96,-0.16,-0.16,-0.65,26.48,0
122.34,6.066,0.02,0.022,0.998,0.999,0.74,0.74,0.24,26.31,0
144.36,7.248,0.006,0.005,0.986,0.986,-0.25,-0.25,-0.74,26.35,0
147.34,7.349,0.006,0.003,0.989,0.989,0.17,0.17,-0.32,26.41,0
133.73,6.718,0.003,-0.004,0.989,0.989,-0.78,-0.78,-1.27,26.47,0
164.95,8.338,0.023,0.014,1.013,1.013,0.6,0.6,0.12,26.3,0
176.57,8.896,-0.026,-0.039,0.967,0.968,-0.87,-0.87,-1.35,26.48,0
171.76,8.553,-0.024,-0.039,0.973,0.974,0.29,0.29,-0.19,26.43,0
180.58,9.041,0.049,0.032,1.05,1.052,0.56,0.56,0.09,26.28,0
214.7,10.854,0.016,-0.004,1.02,1.02,-0.42,-0.42,-0.89,26.42,0
224.36,11.2,-0.025,-0.047,0.983,0.984,0.31,0.31,-0.15,26.48,0
244.78,12.209,-0.003,-0.026,1.008,1.009,0.28,0.28,-0.18,26.49,0
245.42,12.36,0.035,0.01,1.049,1.05,0.38,0.38,-0.07,26.31,0
245.48,12.449,-0.0,-0.027,1.016,1.016,-0.36,-0.36,-0.8,26.42,0
269.65,13.509,0.019,-0.008,1.038,1.038,0.62,0.62,0.19,26.29,0
240.82,11.969,-0.018,-0.046,1.002,1.003,-0.24,-0.24,-0.66,26.36,0
255.8,12.8,0.013,-0.016,1.034,1.034,-0.28,-0.28,-0.69,26.3,0
253.5,12.701,0.018,-0.01,1.039,1.04,0.48,0.48,0.07,26.35,0
255.5,12.774,-0.014,-0.043,1.007,1.008,-0.95,-0.95,-1.35,26.27,0
231.45,11.75,0.014,-0.014,1.034,1.034,0.2,0.2,-0.19,26.45,0
222.78,11.124,0.022,-0.005,1.04,1.04,0.29,0.29,-0.09,26.17,0
198.98,10.078,0.008,-0.019,1.024,1.024,-0.12,-0.12,-0.49,26.28,0
192.28,9.642,-0.003,-0.028,1.01,1.011,-0.32,-0.32,-0.68,26.35,0
181.2,9.025,0.034,0.011,1.045,1.045,-0.96,-0.96,-1.31,26.42,0
170.65,8.607,-0.009,-0.031,0.998,0.999,0.27,0.27,-0.07,26.45,0
160.35,7.988,0.016,-0.004,1.019,1.019,0.86,0.86,0.53,26.52,0
139.59,6.994,-0.009,-0.027,0.99,0.99,0.25,0.25,-0.06,26.34,0
149.59,7.469,0.004,-0.012,0.999,0.999,0.53,0.53,0.23,26.18,0
132.12,6.598,-0.004,-0.017,0.987,0.987,-0.22,-0.22,-0.52,26.45,0
116.7,5.833,-0.012,-0.022,0.975,0.975,-0.21,-0.21,-0.49,26.22,0
101.43,5.106,0.014,0.006,0.997,0.997,-0.21,-0.21,-0.47,26.45,0
113.88,5.671,0.0,-0.005,0.979,0.979,0.13,0.13,-0.13,26.26,0
140.0,6.951,0.009,0.007,0.985,0.985,-0.55,-0.55,-0.79,26.39,0
132.34,6.516,0.019,0.019,0.991,0.992,0.2,0.2,-0.03,26.58,0
149.87,7.538,-0.022,-0.02,0.948,0.948,0.12,0.12,-0.1,26.39,0
172.66,8.612,0.006,0.011,0.974,0.974,0.56,0.56,0.36,26.23,0
159.92,8.11,-0.003,0.004,0.964,0.964,-0.23,-0.23,-0.42,26.29,0
167.11,8.301,-0.002,0.008,0.964,0.964,0.2,0.2,0.03,26.34,0
190.94,9.456,0.005,0.017,0.972,0.972,-0.43,-0.43,-0.59,26.28,0
205.88,10.161,-0.005,0.009,0.962,0.962,-0.37,-0.37,-0.51,26.22,0
206.19,10.291,-0.001,0.016,0.968,0.969,-0.27,-0.27,-0.41,26.11,0
228.88,11.406,-0.004,0.014,0.967,0.968,0.37,0.37,0.25,26.33,0
217.18,10.79,-0.001,0.018,0.973,0.973,0.94,0.94,0.84,26.44,0
246.16,12.229,0.029,0.049,1.006,1.008,1.01,1.01,0.92,26.29,0
246.06,12.346,-0.003,0.018,0.978,0.978,-0.62,-0.62,-0.69,26.15,0
249.96,12.456,-0.018,0.004,0.967,0.967,0.23,0.23,0.18,26.07,0
239.19,11.947,0.016,0.039,1.007,1.007,-0.99,-0.99,-1.03,26.24,0
259.91,12.97,0.01,0.033,1.006,1.006,-0.72,-0.72,-0.74,26.2,0
243.93,12.226,-0.007,0.016,0.994,0.994,0.03,0.03,0.01,26.13,0
231.67,11.691,-0.045,-0.023,0.961,0.962,0.18,0.18,0.18,26.01,0
235.05,11.728,-0.007,0.015,1.004,1.004,-0.53,-0.53,-0.51,26.19,0
246.2,12.363,0.017,0.038,1.033,1.034,-0.89,-0.89,-0.86,26.23,0
231.06,11.486,0.016,0.036,1.037,1.038,0.34,0.34,0.39,26.19,0
194.57,9.692,-0.003,0.016,1.022,1.022,-0.03,-0.03,0.03,26.06,0
175.74,8.803,-0.035,-0.018,0.994,0.995,-1.02,-1.02,-0.94,26.04,0
178.66,8.989,0.009,0.025,1.041,1.041,0.35,0.35,0.44,26.12,0
167.78,8.343,-0.013,0.001,1.022,1.022,-1.59,-1.59,-1.49,26.1,0
153.01,7.618,-0.031,-0.019,1.006,1.007,0.19,0.19,0.31,26.05,0
142.94,7.135,-0.007,0.003,1.032,1.032,0.07,0.07,0.21,26.15,0
142.37,7.037,-0.01,-0.001,1.03,1.03,0.36,0.36,0.51,26.14,0
128.59,6.448,-0.025,-0.019,1.014,1.015,0.31,0.31,0.48,26.17,0
141.67,7.059,-0.041,-0.036,0.998,1.0,-0.62,-0.62,-0.44,26.09,0
115.83,5.814,-0.008,-0.005,1.03,1.03,-0.21,-0.21,-0.02,26.12,0
121.15,6.019,-0.008,-0.007,1.028,1.028,-0.15,-0.15,0.06,26.03,0
129.59,6.559,-0.033,-0.034,1.0,1.001,-0.57,-0.57,-0.35,26.16,0
124.84,6.16,-0.033,-0.037,0.996,0.998,0.15,0.15,0.38,25.96,0
154.79,7.711,-0.013,-0.019,1.012,1.013,-0.67,-0.67,-0.42,26.22,0
167.64,8.329,-0.031,-0.038,0.99,0.991,-0.02,-0.02,0.24,26.12,0
164.69,8.346,0.017,0.008,1.034,1.034,0.42,0.42,0.69,26.22,0
176.13,8.688,-0.004,-0.014,1.008,1.008,-0.84,-0.84,-0.55,26.14,0
189.51,9.439,-0.019,-0.03,0.988,0.989,-0.62,-0.62,-0.32,26.19,0
179.64,8.906,-0.003,-0.015,1.0,1.0,0.33,0.33,0.64,26.22,0
209.58,10.524,-0.026,-0.039,0.971,0.972,0.76,0.76,1.08,26.14,0
228.38,11.47,0.015,0.002,1.008,1.008,-0.33,-0.33,-0.0,26.08,0
243.69,12.119,0.016,0.002,1.004,1.004,0.09,0.09,0.43,26.03,0
235.06,11.761,0.018,0.003,1.002,1.002,-0.4,-0.4,-0.05,26.05,0
253.67,12.735,-0.031,-0.045,0.949,0.951,0.18,0.18,0.54,26.2,0
261.24,13.031,-0.009,-0.024,0.968,0.968,1.1,1.1,1.47,26.08,0
249.47,12.447,0.018,0.004,0.993,0.993,-0.04,-0.04,0.35,25.98,0
242.9,12.159,0.023,0.009,0.995,0.996,-0.07,-0.07,0.32,26.08,0
233.53,11.728,-0.019,-0.031,0.953,0.953,-0.43,-0.43,-0.03,26.03,0
225.79,11.395,-0.005,-0.016,0.966,0.966,0.34,0.34,0.75,25.96,0
215.92,10.791,-0.031,-0.042,0.94,0.941,-0.66,-0.66,-0.24,26.11,0
221.42,11.092,0.024,0.014,0.995,0.996,0.4,0.4,0.82,26.11,0
209.92,10.593,-0.006,-0.015,0.966,0.966,-0.04,-0.04,0.39,26.23,0
199.91,9.997,0.007,-0.0,0.981,0.981,-0.67,-0.67,-0.22,25.9,0
180.79,9.04,0.024,0.019,1.001,1.002,0.26,0.26,0.71,25.99,0
168.08,8.42,-0.03,-0.034,0.95,0.951,0.06,0.06,0.52,26.09,0
174.93,8.752,-0.029,-0.032,0.954,0.955,-0.09,-0.09,0.37,26.1,0
146.36,7.24,0.004,0.003,0.99,0.99,-0.53,-0.53,-0.06,25.94,0
140.72,7.001,0.029,0.029,1.019,1.02,0.16,0.16,0.63,25.99,0
134.48,6.653,0.024,0.025,1.018,1.018,0.76,0.76,1.24,25.95,0
110.44,5.587,0.018,0.022,1.017,1.017,-0.83,-0.83,-0.35,26.13,0
129.91,6.554,-0.007,-0.002,0.995,0.995,-0.41,-0.41,0.07,25.99,0
130.31,6.471,0.025,0.031,1.031,1.032,0.3,0.3,0.78,25.98,0
118.32,6.053,0.034,0.04,1.043,1.044,0.45,0.45,0.94,25.98,0
126.79,6.381,-0.002,0.006,1.01,1.01,0.28,0.28,0.78,26.04,0
146.9,7.406,-0.007,0.002,1.008,1.008,-0.25,-0.25,0.24,26.02,0
153.52,7.604,-0.025,-0.016,0.992,0.992,-0.48,-0.48,0.02,25.96,0
172.39,8.662,0.013,0.023,1.032,1.032,-0.1,-0.1,0.4,25.85,0
163.66,8.287,-0.003,0.007,1.017,1.017,-0.56,-0.56,-0.06,25.88,0
198.18,9.976,0.006,0.016,1.026,1.026,-0.18,-0.18,0.32,25.82,0
213.13,10.492,0.022,0.032,1.042,1.042,-0.3,-0.3,0.2,25.97,0
199.21,9.934,0.002,0.012,1.021,1.021,-0.57,-0.57,-0.07,25.84,0
231.43,11.464,-0.003,0.006,1.014,1.014,0.38,0.38,0.88,26.08,0
232.6,11.514,0.001,0.009,1.016,1.016,-0.29,-0.29,0.2,25.87,0
234.41,11.718,0.029,0.037,1.043,1.044,-0.57,-0.57,-0.07,25.91,0
238.72,12.043,0.022,0.029,1.032,1.033,-0.83,-0.83,-0.33,25.86,0
229.05,11.562,0.019,0.025,1.027,1.027,0.08,0.08,0.57,25.83,0
242.07,12.211,0.006,0.011,1.009,1.009,0.05,0.05,0.54,25.93,0
245.84,12.222,-0.01,-0.006,0.99,0.99,-0.44,-0.44,0.04,25.97,0
245.09,12.335,-0.012,-0.01,0.984,0.984,0.49,0.49,0.97,25.78,0
239.31,11.855,0.046,0.047,1.038,1.04,0.16,0.16,0.63,25.78,0
229.11,11.456,0.012,0.012,1.001,1.001,0.49,0.49,0.96,25.76,0
226.09,11.341,0.017,0.015,1.002,1.002,-0.64,-0.64,-0.18,25.81,0
204.84,10.279,-0.036,-0.039,0.945,0.947,-0.7,-0.7,-0.24,25.79,0
205.9,10.198,0.032,0.027,1.01,1.011,-0.09,-0.09,0.36,25.69,0
198.14,9.952,0.01,0.004,0.986,0.986,-0.03,-0.03,0.42,25.8,0
164.53,8.196,-0.005,-0.013,0.969,0.969,0.7,0.7,1.14,25.89,0
160.48,7.826,-0.033,-0.042,0.939,0.941,-0.01,-0.01,0.42,25.76,0
158.64,8.05,-0.012,-0.022,0.959,0.959,-0.68,-0.68,-0.26,25.7,0
145.79,7.304,-0.034,-0.046,0.936,0.938,0.1,0.1,0.52,25.83,0
131.96,6.567,-0.02,-0.033,0.95,0.951,0.06,0.06,0.46,25.65,0
134.46,6.792,0.008,-0.005,0.98,0.98,0.18,0.18,0.57,25.68,0
112.85,5.664,0.011,-0.002,0.985,0.985,-0.65,-0.65,-0.26,25.71,0
117.44,5.939,-0.009,-0.023,0.967,0.967,-0.18,-0.18,0.2,25.88,0
122.78,6.158,0.005,-0.01,0.983,0.984,-0.63,-0.63,-0.26,25.97,0
126.58,6.277,-0.019,-0.033,0.963,0.964,-0.09,-0.09,0.27,25.58,0
132.62,6.617,-0.006,-0.02,0.98,0.981,-0.64,-0.64,-0.29,25.84,0
149.51,7.498,0.014,0.0,1.005,1.005,0.88,0.88,1.21,25.76,0
158.34,7.79,-0.004,-0.018,0.991,0.991,-0.12,-0.12,0.2,25.55,0
172.3,8.552,0.003,-0.009,1.003,1.003,0.0,0.0,0.32,25.69,0
183.19,9.242,0.012,0.001,1.017,1.017,0.61,0.61,0.91,25.61,0
203.81,10.117,0.013,0.002,1.023,1.023,-0.54,-0.54,-0.25,25.75,0
205.99,10.287,-0.009,-0.018,1.006,1.006,-0.69,-0.69,-0.41,25.86,0
224.16,11.178,-0.047,-0.055,0.972,0.975,-0.64,-0.64,-0.37,25.7,0
214.82,10.748,0.022,0.016,1.046,1.046,0.35,0.35,0.6,25.57,0
229.65,11.54,-0.036,-0.04,0.992,0.994,0.97,0.97,1.2,25.65,0
239.1,11.971,-0.012,-0.015,1.019,1.019,-0.89,-0.89,-0.66,25.47,0
244.99,12.217,-0.022,-0.023,1.012,1.013,0.64,0.64,0.85,25.54,0
244.31,12.229,0.015,0.016,1.052,1.052,0.06,0.06,0.26,25.55,0
258.68,12.871,-0.042,-0.039,0.997,0.998,-0.04,-0.04,0.15,25.63,0
255.57,12.654,-0.026,-0.02,1.014,1.014,-0.04,-0.04,0.13,25.63,0
231.59,11.586,-0.029,-0.021,1.011,1.012,0.07,0.07,0.23,25.53,0
239.6,11.968,-0.009,0.001,1.03,1.031,-0.12,-0.12,0.02,25.54,0
225.98,11.214,0.0,0.012,1.038,1.038,-0.51,-0.51,-0.38,25.45,0
218.88,10.986,-0.049,-0.035,0.988,0.989,0.19,0.19,0.3,25.64,0
207.0,10.417,-0.029,-0.014,1.005,1.005,0.32,0.32,0.42,25.55,0
183.77,9.188,-0.021,-0.004,1.01,1.01,-0.36,-0.36,-0.28,25.45,0
191.59,9.576,-0.041,-0.023,0.986,0.987,-0.05,-0.05,0.02,25.42,0
170.89,8.539,0.002,0.022,1.025,1.025,0.42,0.42,0.48,25.36,0
153.96,7.727,-0.028,-0.008,0.99,0.99,-0.74,-0.74,-0.7,25.37,0
147.81,7.307,0.03,0.051,1.043,1.045,1.08,1.08,1.11,25.56,0
131.34,6.482,0.01,0.032,1.018,1.018,0.4,0.4,0.41,25.53,0
134.7,6.682,-0.005,0.017,0.998,0.998,-0.38,-0.38,-0.38,25.6,0
112.24,5.533,-0.022,0.0,0.975,0.976,0.31,0.31,0.29,25.45,0
121.23,5.998,-0.018,0.005,0.975,0.975,-0.68,-0.68,-0.72,25.41,0
128.31,6.307,-0.0,0.022,0.987,0.988,-0.27,-0.27,-0.32,25.58,0
132.42,6.659,0.006,0.027,0.989,0.989,-0.28,-0.28,-0.34,25.52,0
140.8,7.105,-0.031,-0.01,0.948,0.949,0.42,0.42,0.34,25.28,0
140.94,7.002,-0.038,-0.018,0.937,0.938,0.47,0.47,0.37,25.43,0
153.64,7.652,-0.016,0.002,0.956,0.956,-0.53,-0.53,-0.64,25.5,0
157.94,7.877,-0.008,0.009,0.962,0.962,0.14,0.14,0.02,25.4,0
182.74,9.036,-0.006,0.009,0.962,0.962,0.52,0.52,0.38,25.48,0
187.93,9.441,0.02,0.033,0.987,0.987,-0.4,-0.4,-0.55,25.56,0
201.62,9.992,0.025,0.036,0.991,0.992,0.52,0.52,0.35,25.32,0
208.73,10.537,0.025,0.034,0.992,0.993,0.63,0.63,0.45,25.39,0
227.22,11.281,-0.01,-0.004,0.958,0.958,-0.34,-0.34,-0.53,25.47,0
239.74,12.063,0.016,0.02,0.985,0.986,-0.82,-0.82,-1.03,25.45,0
242.81,12.172,0.003,0.004,0.974,0.974,0.27,0.27,0.05,25.48,0
268.18,13.587,-0.003,-0.004,0.971,0.971,0.33,0.33,0.09,25.25,0
252.31,12.57,-0.029,-0.033,0.948,0.949,-0.05,-0.05,-0.3,25.43,0
234.13,11.737,0.033,0.027,1.014,1.015,-0.53,-0.53,-0.79,25.38,0
245.91,12.379,0.025,0.016,1.01,1.01,-0.34,-0.34,-0.62,25.32,0
244.54,12.247,0.003,-0.008,0.992,0.992,0.74,0.74,0.45,25.37,0
245.61,12.305,0.028,0.014,1.021,1.021,0.08,0.08,-0.22,25.15,0
244.12,12.069,0.015,-0.002,1.012,1.012,-0.92,-0.92,-1.24,25.26,0
218.99,11.039,0.013,-0.006,1.014,1.014,-0.44,-0.44,-0.76,25.39,0
208.08,10.487,0.026,0.005,1.031,1.032,0.41,0.41,0.08,25.27,0
206.23,10.177,-0.015,-0.038,0.993,0.994,0.03,0.03,-0.32,25.34,0
218.82,10.875,-0.005,-0.029,1.007,1.008,0.06,0.06,-0.29,25.16,0
172.58,8.72,0.02,-0.006,1.035,1.035,0.57,0.57,0.2,25.12,0
164.9,8.139,-0.05,-0.077,0.967,0.971,0.3,0.3,-0.07,25.22,0
151.01,7.576,0.014,-0.013,1.033,1.034,-0.27,-0.27,-0.66,25.17,0
151.08,7.617,0.046,0.018,1.066,1.067,-0.12,-0.12,-0.52,25.22,0
162.41,8.143,-0.006,-0.035,1.015,1.016,0.48,0.48,0.07,25.23,0
129.03,6.478,-0.028,-0.057,0.993,0.995,0.25,0.25,-0.16,25.21,0
136.83,6.823,-0.03,-0.058,0.99,0.993,-0.09,-0.09,-0.51,25.13,0
129.6,6.408,0.013,-0.015,1.032,1.032,0.03,0.03,-0.4,25.31,0
123.1,6.219,0.014,-0.013,1.032,1.032,-0.59,-0.59,-1.03,25.26,0
153.18,7.574,0.011,-0.014,1.026,1.027,-0.17,-0.17,-0.61,25.23,0
145.48,7.272,0.013,-0.012,1.025,1.025,-0.4,-0.4,-0.85,25.15,0
137.26,6.897,0.02,-0.003,1.029,1.03,-0.59,-0.59,-1.04,25.14,0
150.13,7.548,0.009,-0.012,1.015,1.015,-0.17,-0.17,-0.63,25.12,0
164.14,8.268,0.022,0.004,1.025,1.025,-0.42,-0.42,-0.89,24.97,0
185.96,9.176,0.007,-0.009,1.006,1.006,-0.29,-0.29,-0.76,25.11,0
198.22,9.897,0.03,0.016,1.025,1.025,-0.97,-0.97,-1.44,25.03,0
213.66,10.732,0.001,-0.009,0.993,0.993,0.62,0.62,0.14,25.02,0
216.14,10.771,-0.003,-0.011,0.985,0.985,-0.14,-0.14,-0.63,25.01,0
221.94,11.145,0.036,0.031,1.021,1.022,-0.9,-0.9,-1.38,25.21,0
235.74,11.827,0.008,0.006,0.99,0.99,0.37,0.37,-0.12,25.05,0
236.96,11.949,-0.026,-0.025,0.953,0.954,0.18,0.18,-0.31,25.03,0
240.55,12.055,-0.009,-0.006,0.968,0.968,-0.46,-0.46,-0.96,25.09,0
247.41,12.422,0.009,0.016,0.985,0.985,0.52,0.52,0.02,25.08,0
245.66,12.264,-0.01,-0.001,0.965,0.965,0.15,0.15,-0.35,24.86,0
256.37,12.83,-0.014,-0.001,0.961,0.961,0.04,0.04,-0.46,25.03,0
251.11,12.552,0.014,0.029,0.989,0.989,1.03,1.03,0.53,24.88,0
225.19,11.309,-0.071,-0.053,0.905,0.91,-1.48,-1.48,-1.97,25.27,0
216.16,10.878,0.014,0.034,0.992,0.992,0.02,0.02,-0.47,24.81,0
211.85,10.676,-0.024,-0.002,0.956,0.956,0.72,0.72,0.22,25.15,0
199.32,10.026,0.014,0.038,0.997,0.997,0.1,0.1,-0.4,24.94,0
201.59,10.031,-0.028,-0.002,0.958,0.959,1.41,1.41,0.92,24.94,0
175.05,8.735,-0.008,0.019,0.982,0.983,-0.27,-0.27,-0.76,24.94,0
161.58,8.188,-0.01,0.019,0.985,0.985,-0.06,-0.06,-0.55,24.91,0
142.55,7.238,0.025,0.054,1.023,1.025,0.28,0.28,-0.21,24.94,0
137.44,6.927,-0.009,0.02,0.994,0.994,-0.41,-0.41,-0.89,24.85,0
148.7,7.446,-0.0,0.029,1.007,1.008,0.42,0.42,-0.06,24.97,0
134.4,6.651,-0.047,-0.017,0.966,0.967,0.08,0.08,-0.39,24.86,0
112.73,5.661,0.004,0.033,1.021,1.022,-1.05,-1.05,-1.52,24.88,0
113.45,5.656,-0.018,0.01,1.003,1.003,0.11,0.11,-0.35,24.83,0
123.91,6.205,-0.037,-0.009,0.989,0.989,-0.36,-0.36,-0.81,24.95,0
120.84,5.977,0.023,0.049,1.052,1.053,-0.07,-0.07,-0.52,24.77,0
144.37,7.259,-0.01,0.015,1.022,1.022,1.11,1.11,0.66,25.0,0
147.86,7.479,-0.021,0.002,1.013,1.014,0.69,0.69,0.25,24.86,0
146.07,7.322,-0.018,0.003,1.018,1.018,0.19,0.19,-0.24,24.67,0
154.86,7.707,-0.034,-0.015,1.004,1.005,-0.41,-0.41,-0.83,24.96,0
190.92,9.636,-0.01,0.007,1.028,1.028,0.58,0.58,0.16,24.63,0
194.37,9.773,0.0,0.014,1.038,1.038,-0.33,-0.33,-0.73,24.77,0
211.2,10.631,-0.033,-0.021,1.004,1.005,-0.31,-0.31,-0.71,25.01,0
206.73,10.289,0.006,0.015,1.042,1.042,0.56,0.56,0.17,24.92,0
210.19,10.333,0.014,0.02,1.048,1.048,-0.19,-0.19,-0.56,24.84,0
229.38,11.414,0.016,0.019,1.046,1.047,0.95,0.95,0.59,24.68,0
241.83,12.062,0.028,0.029,1.055,1.056,-0.19,-0.19,-0.55,24.86,0
252.5,12.67,-0.027,-0.03,0.996,0.997,0.04,0.04,-0.31,24.85,0
262.93,13.099,0.041,0.035,1.059,1.06,-0.32,-0.32,-0.65,24.68,0
232.85,11.667,-0.009,-0.017,1.005,1.005,0.66,0.66,0.34,24.82,0
253.82,12.691,-0.019,-0.03,0.989,0.99,-0.51,-0.51,-0.82,24.72,0
250.03,12.486,0.002,-0.011,1.005,1.005,0.63,0.63,0.33,24.64,0
224.94,11.286,-0.021,-0.036,0.977,0.978,0.33,0.33,0.04,24.62,0
217.6,10.888,0.009,-0.008,1.002,1.002,-0.97,-0.97,-1.24,24.59,0
216.68,10.802,0.016,-0.003,1.003,1.003,0.27,0.27,0.01,24.55,0
212.18,10.587,-0.033,-0.054,0.95,0.952,0.76,0.76,0.51,24.67,0
189.5,9.484,0.002,-0.02,0.981,0.981,-0.18,-0.18,-0.41,24.58,0
191.18,9.56,0.001,-0.023,0.975,0.975,-0.32,-0.32,-0.54,24.6,0
167.95,8.267,-0.005,-0.03,0.965,0.966,0.21,0.21,0.0,24.52,0
141.19,7.128,-0.012,-0.037,0.956,0.956,0.45,0.45,0.26,24.62,0
146.12,7.179,0.042,0.017,1.007,1.008,-0.24,-0.24,-0.42,24.55,0
134.28,6.709,0.001,-0.024,0.965,0.965,-0.77,-0.77,-0.94,24.45,0
147.97,7.378,0.003,-0.022,0.966,0.966,0.21,0.21,0.06,24.58,0
137.31,6.916,-0.002,-0.027,0.961,0.961,-0.19,-0.19,-0.33,24.58,0
123.99,6.33,-0.009,-0.033,0.955,0.955,-0.15,-0.15,-0.27,24.55,0
138.46,6.874,0.004,-0.019,0.969,0.969,-0.01,-0.01,-0.12,24.6,0
127.44,6.484,0.022,0.001,0.989,0.99,1.16,1.16,1.07,24.47,0
130.32,6.535,0.017,-0.004,0.986,0.986,0.08,0.08,-0.0,24.47,0
129.27,6.468,-0.006,-0.024,0.967,0.967,-1.06,-1.06,-1.12,24.55,0
149.56,7.635,0.036,0.019,1.012,1.012,0.36,0.36,0.31,24.52,0
155.85,7.681,0.015,-0.0,0.994,0.995,0.23,0.23,0.2,24.59,0
164.92,8.186,0.009,-0.004,0.993,0.993,-0.07,-0.07,-0.09,24.52,0
192.36,9.514,-0.031,-0.042,0.958,0.959,-0.29,-0.29,-0.29,24.47,0
203.81,10.156,0.009,0.0,1.002,1.002,-0.27,-0.27,-0.26,24.54,0
213.77,10.65,-0.014,-0.021,0.983,0.984,0.36,0.36,0.39,24.55,0
229.02,11.368,0.03,0.026,1.032,1.033,0.24,0.24,0.28,24.44,0
228.12,11.409,0.038,0.036,1.044,1.045,0.24,0.24,0.29,24.45,0
232.03,11.629,-0.016,-0.015,0.994,0.995,0.17,0.17,0.24,24.41,0
239.75,11.966,0.015,0.018,1.029,1.029,-0.12,-0.12,-0.04,24.47,0
239.16,12.011,0.009,0.014,1.026,1.026,0.27,0.27,0.37,24.29,0
254.84,12.775,0.001,0.008,1.02,1.02,0.03,0.03,0.14,24.51,0
258.62,12.84,-0.023,-0.015,0.998,0.998,0.44,0.44,0.57,24.49,0
242.17,12.177,-0.007,0.003,1.015,1.015,-0.46,-0.46,-0.31,24.48,0
240.76,11.997,-0.001,0.011,1.022,1.022,0.01,0.01,0.17,24.22,0
245.9,12.319,0.011,0.025,1.035,1.035,0.28,0.28,0.45,24.36,0
223.53,11.219,0.013,0.027,1.036,1.036,0.79,0.79,0.97,24.3,0
201.0,9.917,0.012,0.028,1.034,1.035,0.23,0.23,0.43,24.4,0
206.77,10.38,-0.023,-0.007,0.997,0.997,-0.79,-0.79,-0.57,24.46,0
193.78,9.598,-0.006,0.01,1.012,1.012,0.24,0.24,0.47,24.29,0
178.99,8.959,-0.031,-0.015,0.984,0.985,0.24,0.24,0.48,24.38,0
154.67,7.718,-0.011,0.006,1.001,1.001,-0.0,-0.0,0.25,24.39,0
161.0,8.12,0.007,0.024,1.016,1.016,0.3,0.3,0.57,24.38,0
142.48,7.19,-0.018,-0.001,0.988,0.988,-1.5,-1.5,-1.22,24.27,0
138.75,6.946,-0.016,-0.0,0.986,0.986,1.09,1.09,1.38,24.26,0
139.04,6.909,0.015,0.03,1.013,1.014,0.07,0.07,0.37,24.42,0
134.02,6.632,0.013,0.028,1.008,1.009,-0.15,-0.15,0.17,24.27,0
122.42,6.154,0.001,0.014,0.992,0.992,0.68,0.68,1.01,24.32,0
118.69,5.857,0.036,0.048,1.024,1.026,-0.44,-0.44,-0.11,24.22,0
140.88,7.09,0.025,0.035,1.01,1.011,0.12,0.12,0.47,24.41,0
139.33,6.962,-0.031,-0.021,0.952,0.953,-0.25,-0.25,0.11,24.37,0
124.24,6.241,0.018,0.026,0.998,0.999,-0.17,-0.17,0.2,23.99,0
171.77,8.452,-0.005,0.002,0.974,0.974,-0.22,-0.22,0.16,24.17,0
178.73,8.972,-0.014,-0.009,0.964,0.964,0.36,0.36,0.75,24.21,0
187.5,9.282,-0.004,-0.001,0.974,0.974,-0.8,-0.8,-0.4,24.28,0
196.2,9.737,-0.009,-0.008,0.969,0.969,0.49,0.49,0.9,24.16,0
201.25,10.125,0.016,0.016,0.995,0.996,0.4,0.4,0.82,24.13,0
207.28,10.332,-0.002,-0.003,0.979,0.979,-0.14,-0.14,0.28,24.17,0
218.63,10.974,0.002,-0.001,0.985,0.985,0.63,0.63,1.06,24.2,0
237.79,11.871,-0.01,-0.015,0.975,0.976,0.54,0.54,0.98,23.88,0
254.71,12.676,-0.048,-0.054,0.941,0.944,0.29,0.29,0.73,24.12,0
253.14,12.686,0.006,-0.001,0.998,0.998,-0.32,-0.32,0.13,24.06,0
247.27,12.272,0.01,0.002,1.006,1.006,-0.87,-0.87,-0.41,23.94,0
252.67,12.494,0.003,-0.005,1.004,1.004,0.09,0.09,0.55,24.16,0
244.48,12.036,-0.008,-0.018,0.996,0.997,-0.78,-0.78,-0.31,23.88,0
250.95,12.584,0.006,-0.004,1.015,1.015,-0.33,-0.33,0.14,23.95,0
238.72,12.122,-0.016,-0.027,0.997,0.997,-0.31,-0.31,0.17,24.05,0
231.32,11.538,-0.001,-0.011,1.017,1.017,-0.37,-0.37,0.11,24.12,0
204.65,10.175,-0.005,-0.016,1.016,1.016,-0.34,-0.34,0.14,24.1,0
212.73,10.54,-0.003,-0.013,1.022,1.022,0.17,0.17,0.66,24.07,0
197.23,9.828,0.006,-0.004,1.034,1.034,-0.08,-0.08,0.41,24.08,0
186.58,9.314,-0.004,-0.013,1.027,1.027,-0.23,-0.23,0.27,24.11,0
164.65,8.353,0.02,0.011,1.053,1.053,-0.16,-0.16,0.34,24.09,0
180.05,8.933,-0.023,-0.031,1.011,1.012,-0.15,-0.15,0.35,24.03,0
148.16,7.513,0.011,0.004,1.046,1.046,0.26,0.26,0.76,23.9,0
128.35,6.345,-0.039,-0.045,0.996,0.998,-0.16,-0.16,0.34,23.93,0
124.51,6.249,-0.013,-0.018,1.022,1.022,0.18,0.18,0.68,24.03,0
125.13,6.249,-0.007,-0.01,1.027,1.027,-0.72,-0.72,-0.22,24.11,0
116.01,5.97,0.006,0.004,1.037,1.037,0.1,0.1,0.6,23.92,0
118.96,5.911,-0.001,-0.002,1.028,1.028,-0.39,-0.39,0.11,23.79,0
132.9,6.68,0.008,0.009,1.034,1.034,-0.26,-0.26,0.24,23.94,0
144.55,7.208,-0.018,-0.016,1.004,1.004,0.29,0.29,0.78,23.86,0
146.98,7.29,-0.034,-0.03,0.984,0.985,0.91,0.91,1.4,24.06,0
161.33,7.965,0.034,0.039,1.047,1.049,0.3,0.3,0.79,23.88,0
168.85,8.541,-0.003,0.003,1.005,1.005,0.29,0.29,0.77,23.91,0
163.69,8.136,0.025,0.032,1.028,1.029,0.92,0.92,1.4,23.99,0
180.0,9.029,-0.009,-0.001,0.989,0.989,0.44,0.44,0.92,23.97,0
191.12,9.551,-0.012,-0.002,0.98,0.981,0.2,0.2,0.67,23.94,0
203.7,10.176,0.012,0.023,1.0,1.0,-0.31,-0.31,0.16,24.01,0
219.82,10.87,0.011,0.022,0.993,0.994,-0.53,-0.53,-0.07,23.77,0
228.15,11.513,0.031,0.043,1.009,1.011,-0.03,-0.03,0.42,23.76,0
231.29,11.667,0.052,0.064,1.025,1.028,0.03,0.03,0.48,23.87,0
249.07,12.401,0.006,0.018,0.975,0.976,-0.2,-0.2,0.24,23.74,0
254.37,12.612,0.007,0.019,0.974,0.974,0.05,0.05,0.49,23.88,0
238.45,12.037,-0.0,0.012,0.964,0.964,0.2,0.2,0.63,23.77,0
253.06,12.581,-0.027,-0.016,0.935,0.935,0.37,0.37,0.79,23.82,0
246.96,12.358,-0.02,-0.009,0.941,0.941,0.26,0.26,0.67,23.81,0
243.34,12.106,-0.003,0.007,0.958,0.958,-1.62,-1.62,-1.22,23.96,0
226.07,11.442,0.02,0.029,0.981,0.982,1.05,1.05,1.44,23.66,0
222.21,11.14,0.007,0.015,0.969,0.969,-0.42,-0.42,-0.04,23.85,0
219.91,10.907,0.037,0.044,1.001,1.003,0.37,0.37,0.74,23.85,0
216.8,10.743,0.008,0.014,0.974,0.975,-0.61,-0.61,-0.25,23.59,0
194.94,9.657,0.008,0.012,0.978,0.978,0.51,0.51,0.86,23.7,0
164.92,8.255,-0.003,-0.001,0.969,0.969,-0.29,-0.29,0.05,23.76,0
152.32,7.683,0.007,0.007,0.983,0.983,-0.11,-0.11,0.22,23.67,0
153.83,7.681,0.019,0.018,1.0,1.0,0.47,0.47,0.79,23.58,0
124.2,6.173,0.002,-0.001,0.988,0.988,0.42,0.42,0.73,23.55,0
130.72,6.571,0.005,0.0,0.996,0.996,0.94,0.94,1.24,23.71,0
127.75,6.427,-0.017,-0.024,0.978,0.979,0.74,0.74,1.02,23.66,0
121.23,5.997,-0.012,-0.021,0.988,0.988,-1.22,-1.22,-0.95,23.69,0
101.76,5.209,0.052,0.041,1.056,1.058,0.13,0.13,0.38,23.72,0
124.18,6.064,-0.013,-0.025,0.996,0.996,0.39,0.39,0.64,23.64,0
122.45,6.149,0.016,0.003,1.03,1.03,0.8,0.8,1.03,23.7,0
137.6,6.944,0.016,0.002,1.033,1.033,0.75,0.75,0.97,23.49,0
147.05,7.35,0.016,-0.0,1.036,1.036,-0.0,-0.0,0.2,23.83,0
150.98,7.577,-0.039,-0.056,0.984,0.986,0.44,0.44,0.63,23.75,0
174.7,8.812,-0.026,-0.045,0.999,1.0,0.51,0.51,0.69,23.59,0
180.8,9.023,0.006,-0.013,1.032,1.032,0.06,0.06,0.23,23.57,0
193.54,9.6,0.025,0.005,1.052,1.052,-0.28,-0.28,-0.13,23.67,0
192.24,9.638,0.037,0.017,1.064,1.065,-0.6,-0.6,-0.46,23.57,0
223.02,11.161,-0.015,-0.034,1.012,1.013,-1.11,-1.11,-0.99,23.55,0
233.26,11.728,-0.011,-0.03,1.015,1.016,-0.49,-0.49,-0.38,23.56,0
226.89,11.457,0.025,0.006,1.049,1.049,0.57,0.57,0.66,23.53,0
253.26,12.704,0.016,-0.003,1.037,1.038,-0.72,-0.72,-0.65,23.79,0
245.09,12.224,-0.004,-0.022,1.015,1.015,0.23,0.23,0.29,23.32,0
248.23,12.424,-0.017,-0.034,0.999,1.0,-0.14,-0.14,-0.1,23.52,0
250.89,12.488,-0.026,-0.042,0.986,0.988,-0.56,-0.56,-0.53,23.57,0
246.46,12.427,-0.029,-0.043,0.98,0.981,0.26,0.26,0.27,23.58,0
240.91,12.036,0.0,-0.012,1.006,1.006,-0.06,-0.06,-0.06,23.53,0
214.74,10.835,-0.028,-0.039,0.973,0.974,-0.43,-0.43,-0.44,23.55,0
220.64,10.978,-0.011,-0.019,0.987,0.987,0.3,0.3,0.27,23.35,0
218.99,10.895,0.008,0.001,1.002,1.002,0.54,0.54,0.5,23.57,0
212.14,10.433,-0.039,-0.043,0.952,0.954,-0.42,-0.42,-0.48,23.44,0
199.7,9.832,0.003,0.001,0.991,0.991,0.45,0.45,0.38,23.45,0
181.01,8.997,0.015,0.016,1.0,1.001,-0.11,-0.11,-0.2,23.45,0
165.57,8.168,0.005,0.008,0.988,0.988,-0.4,-0.4,-0.5,23.56,0
171.6,8.604,-0.047,-0.041,0.934,0.937,0.5,0.5,0.38,23.58,0
147.67,7.616,0.007,0.015,0.987,0.988,-0.61,-0.61,-0.74,23.5,0
139.09,6.875,-0.001,0.009,0.978,0.978,0.65,0.65,0.5,23.47,0
129.7,6.488,0.027,0.04,1.007,1.008,-0.05,-0.05,-0.21,23.32,0
131.56,6.513,0.009,0.025,0.99,0.99,-0.53,-0.53,-0.71,23.33,0
130.45,6.605,0.042,0.06,1.025,1.027,0.51,0.51,0.32,23.43,0
127.77,6.313,-0.022,-0.002,0.962,0.963,0.28,0.28,0.07,23.45,0
130.74,6.368,-0.017,0.004,0.969,0.969,-0.56,-0.56,-0.77,23.3,0
130.83,6.53,0.02,0.043,1.009,1.01,0.5,0.5,0.27,23.42,0
136.84,6.803,-0.012,0.012,0.98,0.98,-0.19,-0.19,-0.43,23.28,0
150.36,7.489,-0.008,0.017,0.988,0.988,0.0,0.0,-0.25,23.44,0
164.91,8.306,-0.014,0.012,0.986,0.986,-0.64,-0.64,-0.91,23.3,0
165.06,8.317,-0.011,0.016,0.993,0.993,-0.67,-0.67,-0.95,23.25,0
206.5,10.342,-0.012,0.015,0.996,0.996,-0.07,-0.07,-0.37,23.22,0
215.53,10.835,-0.003,0.024,1.009,1.009,0.29,0.29,-0.01,23.28,0
212.3,10.609,-0.034,-0.007,0.982,0.982,0.01,0.01,-0.31,23.37,0
208.38,10.368,0.012,0.038,1.031,1.032,-0.16,-0.16,-0.49,23.25,0
237.79,12.019,0.022,0.048,1.045,1.046,0.35,0.35,0.01,23.32,0
247.54,12.412,-0.025,-0.0,1.001,1.001,-0.13,-0.13,-0.48,23.27,0
250.49,12.589,-0.02,0.003,1.008,1.008,0.37,0.37,0.0,23.25,0
256.29,12.714,-0.039,-0.017,0.991,0.992,-0.85,-0.85,-1.22,23.3,0
248.91,12.526,-0.009,0.011,1.022,1.022,0.2,0.2,-0.18,23.21,0
253.82,12.758,0.014,0.032,1.045,1.046,0.8,0.8,0.41,23.09,0
253.57,12.534,0.02,0.035,1.051,1.052,0.79,0.79,0.39,23.41,0
227.15,11.4,-0.02,-0.007,1.011,1.011,0.55,0.55,0.14,23.37,0
214.93,10.807,-0.001,0.009,1.028,1.028,0.06,0.06,-0.36,23.17,0
221.34,11.131,-0.029,-0.021,0.998,0.999,-0.65,-0.65,-1.08,23.05,0
220.57,11.153,0.007,0.012,1.031,1.031,-0.63,-0.63,-1.06,23.14,0
196.62,9.753,-0.026,-0.024,0.995,0.995,0.01,0.01,-0.43,23.3,0
195.81,9.969,-0.006,-0.007,1.01,1.01,-0.96,-0.96,-1.41,23.16,0
190.01,9.502,-0.009,-0.013,1.003,1.003,0.15,0.15,-0.31,23.24,0
175.53,8.609,0.009,0.003,1.017,1.017,-0.93,-0.93,-1.39,23.44,0
157.92,7.833,0.014,0.005,1.018,1.018,-0.14,-0.14,-0.6,23.06,0
160.08,8.072,-0.032,-0.045,0.966,0.967,0.15,0.15,-0.32,23.29,0
136.72,6.825,0.016,0.001,1.009,1.009,-0.23,-0.23,-0.71,23.04,0
131.13,6.4,-0.004,-0.021,0.984,0.984,-1.13,-1.13,-1.61,23.07,0
122.68,6.159,0.021,0.001,1.004,1.004,0.32,0.32,-0.16,23.2,0
130.34,6.514,-0.0,-0.022,0.978,0.978,0.31,0.31,-0.18,23.14,0
123.37,6.176,0.046,0.022,1.02,1.021,0.56,0.56,0.07,23.2,0
145.06,7.244,0.025,-0.0,0.996,0.996,-0.37,-0.37,-0.87,23.16,0
135.04,6.773,-0.011,-0.038,0.956,0.956,-0.47,-0.47,-0.96,23.18,0
140.04,6.98,0.013,-0.016,0.977,0.977,0.02,0.02,-0.47,23.18,0
164.34,8.189,0.022,-0.007,0.984,0.984,-0.15,-0.15,-0.65,23.06,0
157.52,7.857,-0.0,-0.03,0.96,0.961,0.29,0.29,-0.21,23.13,0
176.85,8.896,0.009,-0.021,0.969,0.969,-0.41,-0.41,-0.91,23.08,0
190.01,9.532,-0.018,-0.048,0.942,0.944,0.6,0.6,0.1,23.15,0
193.16,9.565,0.008,-0.022,0.969,0.969,-0.01,-0.01,-0.51,23.12,0
221.0,11.007,0.022,-0.007,0.984,0.985,-1.12,-1.12,-1.61,23.03,0
237.35,11.758,-0.014,-0.042,0.95,0.951,-0.38,-0.38,-0.88,23.06,0
256.44,12.751,0.044,0.017,1.011,1.012,-0.08,-0.08,-0.57,23.05,0
264.34,13.32,-0.027,-0.053,0.944,0.946,0.99,0.99,0.49,23.0,0
239.57,11.981,0.026,0.003,1.001,1.001,0.59,0.59,0.1,22.94,0
254.67,12.7,0.011,-0.011,0.99,0.99,0.53,0.53,0.04,22.87,0
257.92,12.82,-0.013,-0.032,0.971,0.972,0.25,0.25,-0.24,22.96,0
250.88,12.483,0.006,-0.011,0.995,0.995,0.04,0.04,-0.44,22.88,0
246.04,12.237,0.013,-0.002,1.007,1.007,-0.25,-0.25,-0.72,23.06,0
238.62,11.743,-0.032,-0.044,0.967,0.969,-0.03,-0.03,-0.5,23.13,0
222.49,11.135,0.012,0.003,1.016,1.016,-0.45,-0.45,-0.92,23.04,0
220.01,10.924,-0.002,-0.009,1.007,1.007,0.16,0.16,-0.3,23.17,0
207.17,10.318,0.006,0.003,1.02,1.02,-0.41,-0.41,-0.86,22.98,0
203.09,10.127,-0.036,-0.036,0.982,0.983,-0.3,-0.3,-0.75,23.15,0
179.38,8.991,-0.028,-0.025,0.994,0.995,0.05,0.05,-0.39,22.98,0
161.27,8.212,-0.018,-0.012,1.007,1.007,-0.07,-0.07,-0.5,22.82,0
151.25,7.611,-0.011,-0.002,1.017,1.017,0.4,0.4,-0.02,23.0,0
141.9,7.12,0.006,0.017,1.036,1.036,-0.85,-0.85,-1.27,22.86,0
142.41,7.205,-0.028,-0.014,1.003,1.003,-0.08,-0.08,-0.49,23.13,0
123.42,6.261,0.034,0.05,1.065,1.067,0.16,0.16,-0.24,23.01,0
126.35,6.251,-0.02,-0.002,1.011,1.012,0.4,0.4,0.01,22.79,0
112.12,5.704,-0.011,0.009,1.02,1.02,0.62,0.62,0.24,22.9,0
125.44,6.146,0.012,0.034,1.042,1.042,0.72,0.72,0.35,22.92,0
127.11,6.22,-0.026,-0.002,1.002,1.002,-1.01,-1.01,-1.37,22.87,0
136.08,6.807,-0.012,0.013,1.013,1.014,0.36,0.36,0.01,22.91,0
142.3,7.143,-0.003,0.023,1.02,1.02,0.65,0.65,0.31,22.77,0
162.26,8.048,-0.023,0.003,0.996,0.996,0.65,0.65,0.33,22.87,0
168.57,8.353,-0.011,0.016,1.004,1.005,-0.19,-0.19,-0.5,22.87,0
174.22,8.681,-0.015,0.012,0.996,0.997,0.32,0.32,0.02,22.76,0
196.75,9.958,-0.024,0.003,0.983,0.983,0.07,0.07,-0.22,22.82,0
197.99,9.88,0.006,0.032,1.009,1.01,-0.13,-0.13,-0.41,22.78,0
215.25,10.705,-0.002,0.024,0.997,0.998,0.2,0.2,-0.07,22.88,0
218.4,10.967,-0.011,0.014,0.985,0.985,0.44,0.44,0.18,23.03,0
235.96,11.805,-0.03,-0.006,0.962,0.963,0.39,0.39,0.15,22.85,0
249.61,12.601,-0.022,0.001,0.967,0.967,1.47,1.47,1.25,22.87,0
257.17,12.86,-0.026,-0.005,0.96,0.96,0.89,0.89,0.68,22.86,0
260.12,13.008,-0.025,-0.006,0.959,0.959,-0.01,-0.01,-0.21,22.82,0
256.76,12.708,-0.0,0.017,0.981,0.982,-0.74,-0.74,-0.92,22.77,0
247.95,12.371,0.006,0.02,0.986,0.986,-0.23,-0.23,-0.4,22.68,0
243.32,12.19,-0.031,-0.018,0.949,0.95,0.62,0.62,0.46,22.69,0
246.47,12.257,0.004,0.014,0.984,0.984,0.31,0.31,0.17,22.61,0
227.59,11.33,0.004,0.012,0.984,0.984,-0.23,-0.23,-0.36,22.88,0
216.16,10.777,-0.054,-0.048,0.928,0.931,-0.34,-0.34,-0.46,22.69,0
214.32,10.726,-0.01,-0.008,0.973,0.973,0.42,0.42,0.32,22.84,0
188.78,9.47,-0.031,-0.03,0.955,0.956,0.85,0.85,0.76,22.75,0
172.46,8.65,0.007,0.005,0.996,0.996,0.29,0.29,0.22,22.77,0
166.65,8.307,-0.019,-0.023,0.972,0.973,0.23,0.23,0.18,22.87,0
170.89,8.491,-0.023,-0.03,0.972,0.973,-0.12,-0.12,-0.16,22.78,0
144.53,7.264,-0.031,-0.04,0.968,0.969,0.51,0.51,0.48,22.78,0
128.49,6.478,0.021,0.01,1.023,1.023,-0.01,-0.01,-0.02,22.72,0
138.65,6.904,0.002,-0.011,1.008,1.008,-0.33,-0.33,-0.33,22.7,0
130.08,6.514,0.032,0.017,1.041,1.042,1.13,1.13,1.15,22.69,0
127.77,6.456,0.02,0.004,1.034,1.034,-0.42,-0.42,-0.39,22.68,0
128.66,6.374,-0.034,-0.051,0.983,0.985,-0.83,-0.83,-0.78,22.77,0
119.71,5.924,0.005,-0.013,1.025,1.025,-0.16,-0.16,-0.1,22.79,0
133.51,6.78,-0.005,-0.024,1.017,1.018,0.5,0.5,0.58,22.66,0
157.67,7.845,-0.004,-0.024,1.02,1.02,-0.13,-0.13,-0.04,22.7,0
164.56,8.143,-0.016,-0.035,1.01,1.011,-1.51,-1.51,-1.4,22.7,0
169.19,8.453,0.025,0.005,1.052,1.052,-0.5,-0.5,-0.38,22.81,0
162.3,8.158,0.038,0.019,1.066,1.066,0.74,0.74,0.88,22.55,0
180.97,9.196,-0.019,-0.038,1.008,1.009,0.23,0.23,0.38,22.68,0
195.18,9.803,0.048,0.029,1.074,1.076,0.28,0.28,0.44,22.74,0
212.38,10.496,0.023,0.005,1.047,1.048,-0.46,-0.46,-0.28,22.69,0
226.61,11.324,0.031,0.014,1.053,1.054,-0.89,-0.89,-0.7,22.69,0
220.3,11.056,0.014,-0.002,1.034,1.034,-0.03,-0.03,0.18,22.82,0
245.11,12.387,0.025,0.011,1.041,1.042,-0.33,-0.33,-0.11,22.72,0
246.76,12.336,0.007,-0.006,1.019,1.019,0.27,0.27,0.5,22.66,0
253.38,12.611,0.013,0.002,1.021,1.022,0.63,0.63,0.88,22.68,0
253.9,12.494,0.021,0.012,1.025,1.025,0.76,0.76,1.02,22.53,0
250.18,12.448,-0.001,-0.01,0.998,0.998,-0.35,-0.35,-0.08,22.73,0
242.34,12.171,0.022,0.016,1.016,1.017,-0.53,-0.53,-0.24,22.63,0
232.89,11.69,0.034,0.03,1.024,1.025,-0.03,-0.03,0.26,22.79,0
243.79,12.168,0.002,-0.0,0.987,0.987,0.67,0.67,0.98,22.65,0
225.07,11.384,-0.007,-0.008,0.973,0.973,-1.03,-1.03,-0.71,22.79,0
218.97,11.032,0.027,0.028,1.003,1.004,-0.17,-0.17,0.16,22.73,0
206.29,10.275,0.002,0.004,0.974,0.974,0.62,0.62,0.97,22.74,0
196.29,9.899,-0.026,-0.021,0.943,0.944,-0.27,-0.27,0.08,22.79,0
175.91,8.892,0.023,0.029,0.989,0.989,-0.55,-0.55,-0.18,22.62,0
162.16,8.092,0.011,0.018,0.974,0.975,0.05,0.05,0.42,22.78,0
148.72,7.259,-0.001,0.007,0.961,0.961,-0.37,-0.37,0.01,22.71,0
134.82,6.797,0.017,0.026,0.978,0.978,-0.4,-0.4,-0.0,22.54,0
138.88,6.874,-0.006,0.004,0.955,0.955,0.31,0.31,0.71,22.54,0
140.34,7.039,0.006,0.017,0.967,0.967,-0.57,-0.57,-0.16,22.67,0
118.74,5.919,-0.048,-0.036,0.915,0.917,-0.45,-0.45,-0.03,22.65,0
138.34,6.893,0.017,0.029,0.982,0.982,0.28,0.28,0.71,22.64,0
128.31,6.515,0.002,0.014,0.969,0.969,0.23,0.23,0.66,22.76,0
135.4,6.718,0.014,0.026,0.985,0.985,0.09,0.09,0.53,22.64,0
140.8,7.04,0.031,0.043,1.005,1.006,-0.07,-0.07,0.38,22.7,0
146.73,7.188,-0.032,-0.021,0.947,0.948,-0.33,-0.33,0.12,22.6,0
142.23,7.1,0.006,0.017,0.989,0.989,1.04,1.04,1.5,22.55,0
153.2,7.671,0.002,0.012,0.99,0.991,0.35,0.35,0.81,22.56,0
176.01,8.713,0.001,0.01,0.994,0.994,0.28,0.28,0.75,22.45,0
202.25,9.964,0.016,0.025,1.015,1.015,0.02,0.02,0.5,22.64,0
194.37,9.703,-0.004,0.003,1.0,1.0,-0.38,-0.38,0.1,22.43,0
232.63,11.631,-0.007,-0.001,1.002,1.002,0.2,0.2,0.69,22.52,0
236.23,11.814,0.008,0.012,1.022,1.022,-0.04,-0.04,0.45,22.64,0
220.98,11.072,0.021,0.024,1.039,1.04,0.7,0.7,1.19,22.58,0
237.41,11.847,-0.008,-0.006,1.015,1.015,-0.34,-0.34,0.15,22.39,0
257.39,12.794,-0.002,-0.002,1.024,1.024,0.48,0.48,0.98,22.82,0
246.26,12.446,-0.023,-0.024,1.006,1.007,-0.06,-0.06,0.44,22.66,0
249.88,12.507,0.019,0.017,1.051,1.052,-0.74,-0.74,-0.24,22.4,0
252.8,12.791,-0.022,-0.025,1.012,1.012,-0.01,-0.01,0.49,22.64,0
244.35,12.264,-0.027,-0.032,1.008,1.009,-0.84,-0.84,-0.34,22.61,0
231.51,11.623,0.019,0.013,1.055,1.055,-0.73,-0.73,-0.23,22.72,0
224.18,11.252,0.023,0.016,1.058,1.058,-0.98,-0.98,-0.48,22.52,0
224.41,11.362,-0.035,-0.043,0.999,1.001,0.14,0.14,0.64,22.57,0
217.08,10.896,0.017,0.008,1.049,1.049,-0.52,-0.52,-0.02,22.64,0
202.55,10.071,-0.007,-0.016,1.024,1.024,-0.45,-0.45,0.05,22.62,0
191.7,9.443,-0.014,-0.024,1.014,1.014,0.02,0.02,0.51,22.53,0
174.13,8.701,-0.021,-0.032,1.003,1.004,-0.03,-0.03,0.46,22.55,0
151.73,7.563,0.004,-0.007,1.024,1.024,0.22,0.22,0.7,22.42,0
170.09,8.422,-0.018,-0.028,0.999,0.999,-0.46,-0.46,0.03,22.48,0
128.88,6.421,-0.031,-0.041,0.981,0.983,-0.32,-0.32,0.16,22.47,0
134.04,6.81,-0.017,-0.027,0.991,0.991,-0.34,-0.34,0.14,22.46,0
133.62,6.632,-0.055,-0.064,0.949,0.952,0.06,0.06,0.53,22.6,0
121.53,6.235,-0.047,-0.056,0.952,0.955,-0.07,-0.07,0.4,22.56,0
115.59,5.812,0.007,-0.001,1.002,1.002,-0.67,-0.67,-0.21,22.57,0
126.81,6.241,-0.064,-0.071,0.927,0.932,-0.51,-0.51,-0.06,22.52,0
136.2,6.934,-0.044,-0.05,0.944,0.946,-0.56,-0.56,-0.12,22.37,0
146.02,7.235,-0.008,-0.013,0.977,0.977,0.67,0.67,1.11,22.64,0
167.1,8.36,0.0,-0.003,0.983,0.983,-0.45,-0.45,-0.02,22.55,0
176.38,8.799,-0.011,-0.012,0.969,0.97,1.47,1.47,1.89,22.43,0
179.48,8.882,0.004,0.004,0.983,0.983,0.42,0.42,0.83,22.46,0
197.72,9.895,-0.041,-0.039,0.937,0.939,1.02,1.02,1.43,22.49,0
199.43,9.915,0.007,0.01,0.984,0.985,-0.33,-0.33,0.07,22.37,0
213.5,10.673,0.01,0.015,0.989,0.989,-0.73,-0.73,-0.35,22.61,0
230.17,11.482,0.006,0.012,0.985,0.985,-0.94,-0.94,-0.57,22.66,0
246.65,12.204,0.01,0.018,0.991,0.991,-0.04,-0.04,0.33,22.52,0
243.55,12.257,0.006,0.016,0.989,0.989,-0.26,-0.26,0.1,22.34,0
253.85,12.683,-0.023,-0.012,0.963,0.963,-0.27,-0.27,0.08,22.52,0
228.23,11.469,-0.007,0.006,0.982,0.982,0.43,0.43,0.77,22.54,0
248.0,12.405,-0.016,-0.002,0.976,0.976,-0.38,-0.38,-0.06,22.66,0
256.28,12.904,-0.019,-0.005,0.976,0.976,-0.63,-0.63,-0.32,22.58,0
252.16,12.553,-0.024,-0.009,0.975,0.975,0.67,0.67,0.97,22.32,0
251.55,12.417,-0.052,-0.036,0.95,0.953,-0.4,-0.4,-0.11,22.48,0
239.49,12.089,0.008,0.025,1.015,1.015,0.82,0.82,1.1,22.54,0
227.87,11.17,0.007,0.024,1.017,1.017,0.29,0.29,0.55,22.48,0
225.1,11.256,0.012,0.029,1.026,1.026,0.39,0.39,0.65,22.45,0
213.22,10.438,0.009,0.026,1.025,1.025,-0.01,-0.01,0.23,22.55,0
172.08,8.594,-0.028,-0.011,0.991,0.991,-0.02,-0.02,0.21,22.43,0
167.48,8.41,-0.015,0.001,1.006,1.006,0.49,0.49,0.7,22.39,0
167.06,8.273,-0.02,-0.005,1.002,1.003,0.18,0.18,0.38,22.35,0
158.94,7.874,0.021,0.036,1.045,1.046,-0.36,-0.36,-0.17,22.45,0
136.17,6.758,0.028,0.041,1.052,1.053,-0.5,-0.5,-0.33,22.67,0
140.34,7.022,0.006,0.018,1.03,1.03,-0.07,-0.07,0.08,22.42,0
129.29,6.453,0.015,0.025,1.038,1.038,0.08,0.08,0.22,22.41,0
120.49,5.987,0.003,0.011,1.024,1.024,0.54,0.54,0.67,22.56,0
131.09,6.557,0.03,0.036,1.049,1.05,0.08,0.08,0.19,22.59,0
123.19,5.993,-0.021,-0.016,0.996,0.996,0.21,0.21,0.3,22.4,0
141.86,7.148,0.036,0.038,1.048,1.05,0.74,0.74,0.82,22.49,0
129.47,6.577,0.022,0.022,1.031,1.031,0.08,0.08,0.14,22.49,0
144.61,7.19,-0.002,-0.004,1.004,1.004,0.21,0.21,0.26,22.47,0
160.52,8.032,0.03,0.026,1.031,1.032,-0.69,-0.69,-0.65,22.37,0
176.58,8.719,0.016,0.009,1.013,1.013,0.3,0.3,0.33,22.54,0
182.79,9.352,-0.001,-0.01,0.991,0.991,0.21,0.21,0.21,22.57,0
202.94,10.13,0.009,-0.002,0.997,0.997,0.62,0.62,0.61,22.4,0
226.09,11.293,-0.007,-0.02,0.976,0.976,-0.21,-0.21,-0.23,22.69,0
219.44,11.1,-0.002,-0.017,0.977,0.978,-0.29,-0.29,-0.32,22.49,0
228.4,11.259,-0.014,-0.031,0.962,0.962,-0.38,-0.38,-0.43,22.53,0
232.36,11.655,0.038,0.019,1.01,1.011,0.2,0.2,0.13,22.38,0
253.13,12.735,-0.019,-0.04,0.95,0.951,0.04,0.04,-0.05,22.63,0
262.98,13.054,0.0,-0.022,0.967,0.967,-0.33,-0.33,-0.42,22.4,0
259.14,12.887,0.005,-0.018,0.97,0.97,0.45,0.45,0.34,22.57,0
254.66,12.706,0.01,-0.014,0.974,0.974,-0.16,-0.16,-0.28,22.4,0
251.02,12.591,0.003,-0.021,0.966,0.967,-0.64,-0.64,-0.78,22.48,0
241.68,12.009,-0.003,-0.028,0.961,0.961,0.08,0.08,-0.07,22.55,0
235.56,11.842,0.059,0.034,1.024,1.026,0.84,0.84,0.67,22.55,0
213.93,10.699,0.018,-0.007,0.984,0.984,0.9,0.9,0.72,22.59,0
209.26,10.456,0.02,-0.004,0.989,0.989,-0.21,-0.21,-0.41,22.68,0
214.44,10.67,0.032,0.008,1.003,1.004,-0.49,-0.49,-0.7,22.5,0
181.69,8.97,0.031,0.008,1.006,1.007,-1.0,-1.0,-1.22,22.55,0
176.93,8.906,-0.003,-0.025,0.976,0.976,-1.4,-1.4,-1.64,22.64,0
162.52,8.215,-0.005,-0.025,0.979,0.979,-0.0,-0.0,-0.26,22.51,0
160.54,8.052,-0.008,-0.027,0.98,0.981,0.31,0.31,0.05,22.46,0
139.65,6.933,-0.016,-0.033,0.978,0.978,-0.39,-0.39,-0.67,22.3,0
137.54,6.912,-0.006,-0.021,0.992,0.993,0.01,0.01,-0.28,22.43,0
128.73,6.349,0.026,0.014,1.03,1.031,0.02,0.02,-0.28,22.56,0
132.47,6.581,-0.015,-0.025,0.995,0.995,-0.11,-0.11,-0.42,22.38,0
126.64,6.322,-0.024,-0.031,0.99,0.991,1.0,1.0,0.68,22.57,0
135.11,6.799,-0.006,-0.011,1.013,1.013,0.31,0.31,-0.03,22.46,0
137.78,6.837,0.001,-0.001,1.025,1.025,-0.77,-0.77,-1.12,22.44,0
142.05,7.128,0.008,0.009,1.036,1.036,-0.32,-0.32,-0.68,22.5,0
138.84,7.188,-0.01,-0.007,1.021,1.021,0.12,0.12,-0.25,22.35,0
172.93,8.654,0.017,0.023,1.051,1.051,0.12,0.12,-0.25,22.62,0
160.88,8.007,0.008,0.017,1.044,1.044,0.45,0.45,0.07,22.62,0
187.78,9.426,0.014,0.026,1.052,1.052,0.37,0.37,-0.02,22.54,0
184.02,9.288,-0.004,0.011,1.034,1.034,0.28,0.28,-0.13,22.5,0
180.09,8.985,-0.026,-0.009,1.012,1.013,0.55,0.55,0.14,22.57,0
206.23,10.188,-0.006,0.014,1.032,1.032,-0.38,-0.38,-0.8,22.53,0
229.41,11.453,-0.036,-0.014,1.0,1.001,0.28,0.28,-0.15,22.5,0
229.64,11.444,0.005,0.028,1.039,1.039,0.9,0.9,0.46,22.47,0
260.24,13.149,-0.04,-0.015,0.991,0.992,-0.35,-0.35,-0.8,22.77,0
248.39,12.32,-0.035,-0.009,0.993,0.993,-0.32,-0.32,-0.77,22.41,0
244.13,12.282,0.017,0.045,1.042,1.043,-0.56,-0.56,-1.02,22.47,0
241.15,12.05,-0.01,0.018,1.01,1.01,0.04,0.04,-0.43,22.72,0
249.28,12.499,0.01,0.039,1.026,1.027,-0.04,-0.04,-0.51,22.57,0
243.19,12.168,-0.006,0.023,1.005,1.005,0.13,0.13,-0.34,22.45,0
244.77,12.123,-0.011,0.018,0.995,0.996,-0.01,-0.01,-0.48,22.66,0
233.56,11.66,0.017,0.046,1.019,1.02,-0.8,-0.8,-1.29,22.54,0
232.15,11.614,-0.001,0.028,0.996,0.997,-0.6,-0.6,-1.09,22.64,0
213.49,10.569,-0.038,-0.01,0.955,0.956,0.03,0.03,-0.46,22.43,0
196.44,9.713,0.009,0.036,0.998,0.999,0.18,0.18,-0.32,22.52,0
171.19,8.5,-0.024,0.001,0.962,0.962,-0.79,-0.79,-1.28,22.54,0
153.65,7.616,-0.027,-0.003,0.955,0.956,-0.87,-0.87,-1.37,22.67,0
173.64,8.559,-0.006,0.015,0.973,0.973,-0.22,-0.22,-0.72,22.53,0
148.11,7.403,-0.007,0.012,0.97,0.97,0.07,0.07,-0.43,22.62,0
138.35,6.982,0.021,0.038,0.997,0.998,0.31,0.31,-0.19,22.5,0
127.36,6.428,-0.023,-0.008,0.952,0.952,0.31,0.31,-0.19,22.45,0
128.46,6.459,-0.016,-0.004,0.959,0.959,-0.04,-0.04,-0.53,22.49,0
144.29,7.132,0.005,0.014,0.98,0.98,-0.63,-0.63,-1.13,22.68,0
130.15,6.471,0.036,0.042,1.012,1.013,0.07,0.07,-0.42,22.56,0
128.35,6.477,0.019,0.022,0.996,0.997,0.12,0.12,-0.37,22.64,0
117.89,5.941,-0.02,-0.019,0.96,0.96,0.05,0.05,-0.44,22.66,0
164.52,8.057,0.016,0.013,0.998,0.998,-0.14,-0.14,-0.63,22.56,0
148.45,7.348,0.012,0.006,0.997,0.997,-0.16,-0.16,-0.65,22.52,0
146.4,7.352,0.023,0.015,1.012,1.012,0.89,0.89,0.4,22.45,0
160.93,8.116,0.007,-0.004,0.999,1.0,0.7,0.7,0.22,22.65,0
168.89,8.577,-0.012,-0.026,0.984,0.984,0.13,0.13,-0.34,22.73,0
200.57,10.076,0.038,0.022,1.038,1.039,-0.59,-0.59,-1.06,22.71,0
218.85,10.894,-0.018,-0.037,0.985,0.986,-0.74,-0.74,-1.2,22.49,0
224.07,11.089,0.031,0.01,1.038,1.038,-0.08,-0.08,-0.54,22.54,0
247.41,12.317,-0.014,-0.037,0.996,0.997,0.64,0.64,0.18,22.5,0
240.6,12.074,-0.013,-0.038,1.0,1.0,-0.66,-0.66,-1.11,22.69,0
251.22,12.505,0.008,-0.018,1.024,1.024,-0.24,-0.24,-0.68,22.53,0
267.95,13.329,0.006,-0.021,1.024,1.024,0.42,0.42,-0.01,22.66,0
253.31,12.629,-0.001,-0.029,1.018,1.019,-0.44,-0.44,-0.87,22.72,0
241.23,12.058,0.022,-0.006,1.043,1.043,-0.05,-0.05,-0.47,22.73,0
230.73,11.514,0.033,0.004,1.054,1.054,0.28,0.28,-0.13,22.73,0
253.69,12.769,0.005,-0.024,1.026,1.026,-0.88,-0.88,-1.28,22.81,0
231.09,11.686,0.016,-0.013,1.036,1.036,-0.39,-0.39,-0.78,22.71,0
230.46,11.517,0.039,0.012,1.058,1.059,0.08,0.08,-0.31,22.81,0
213.34,10.622,-0.009,-0.035,1.008,1.009,-0.38,-0.38,-0.76,22.75,0
200.46,10.068,0.002,-0.024,1.016,1.017,0.28,0.28,-0.09,22.58,0
212.66,10.565,0.017,-0.007,1.029,1.029,-0.45,-0.45,-0.8,22.69,0
165.45,8.255,0.018,-0.005,1.026,1.026,1.01,1.01,0.67,22.66,0
165.55,8.243,0.042,0.021,1.046,1.047,-0.65,-0.65,-0.98,22.53,0
146.53,7.271,0.037,0.019,1.037,1.038,0.16,0.16,-0.16,22.64,0
139.31,6.904,-0.003,-0.019,0.993,0.993,0.68,0.68,0.37,22.63,0
128.77,6.291,0.028,0.014,1.02,1.02,-0.67,-0.67,-0.97,22.79,0
115.32,5.732,-0.001,-0.013,0.987,0.987,-0.15,-0.15,-0.44,22.46,0
121.04,6.045,-0.003,-0.012,0.981,0.981,-0.39,-0.39,-0.67,22.78,0
120.85,6.021,0.016,0.009,0.996,0.996,-0.75,-0.75,-1.01,22.76,0
127.05,6.364,0.016,0.013,0.993,0.993,-0.07,-0.07,-0.31,22.88,0
144.4,7.255,0.006,0.005,0.98,0.98,-1.0,-1.0,-1.24,22.65,0
126.68,6.273,-0.02,-0.018,0.951,0.951,0.13,0.13,-0.09,22.68,0
147.3,7.395,0.026,0.031,0.995,0.996,0.46,0.46,0.25,22.5,0
153.6,7.563,0.037,0.044,1.005,1.006,0.03,0.03,-0.17,22.6,0
168.29,8.37,0.013,0.023,0.98,0.98,-0.45,-0.45,-0.63,22.73,0
185.26,9.227,0.029,0.041,0.996,0.997,0.12,0.12,-0.05,22.63,0
194.32,9.671,0.033,0.047,1.0,1.002,0.26,0.26,0.11,22.87,0
198.0,9.908,0.026,0.041,0.994,0.995,-0.11,-0.11,-0.25,22.72,0
197.91,10.04,-0.037,-0.02,0.933,0.934,1.08,1.08,0.96,22.85,0
238.95,11.866,-0.032,-0.013,0.941,0.942,-0.01,-0.01,-0.12,22.65,0
233.57,11.744,-0.025,-0.005,0.951,0.951,0.26,0.26,0.17,22.78,0
241.9,12.131,-0.003,0.018,0.977,0.977,0.69,0.69,0.61,22.84,0
257.92,12.896,-0.005,0.017,0.979,0.98,0.11,0.11,0.05,22.77,0
242.72,12.19,0.008,0.03,0.996,0.997,0.95,0.95,0.91,22.61,0
249.71,12.526,-0.015,0.008,0.979,0.979,-0.47,-0.47,-0.51,22.78,0
235.68,11.937,0.0,0.023,0.999,0.999,-0.34,-0.34,-0.36,22.69,0
248.34,12.306,-0.009,0.014,0.995,0.995,0.64,0.64,0.63,22.74,0
236.37,11.882,-0.013,0.009,0.996,0.996,0.23,0.23,0.24,22.78,0
224.7,11.304,-0.014,0.007,1.0,1.0,0.2,0.2,0.23,22.83,0
221.51,11.04,-0.008,0.013,1.011,1.011,0.63,0.63,0.68,22.65,0
215.39,10.827,0.051,0.07,1.075,1.078,0.28,0.28,0.34,22.79,0
191.44,9.469,0.02,0.037,1.047,1.048,0.1,0.1,0.17,22.76,0
180.76,8.954,0.021,0.037,1.052,1.053,-0.26,-0.26,-0.17,22.74,0
167.64,8.304,0.011,0.026,1.046,1.046,-0.05,-0.05,0.06,22.6,0
156.22,7.666,-0.004,0.009,1.033,1.033,0.81,0.81,0.92,22.91,0
147.41,7.306,0.006,0.017,1.044,1.045,0.01,0.01,0.14,22.88,0
132.61,6.657,-0.012,-0.003,1.027,1.027,-0.13,-0.13,0.01,22.82,0
119.41,5.982,0.01,0.018,1.05,1.05,0.14,0.14,0.3,22.72,0
134.0,6.676,-0.025,-0.02,1.014,1.015,-0.04,-0.04,0.14,22.86,0
124.19,6.164,0.002,0.005,1.04,1.04,0.15,0.15,0.34,22.79,0
114.38,5.684,-0.005,-0.004,1.032,1.032,-0.9,-0.9,-0.7,22.74,0
134.52,6.637,-0.008,-0.009,1.026,1.026,0.05,0.05,0.26,22.93,0
136.7,6.805,-0.002,-0.005,1.029,1.029,0.38,0.38,0.61,22.78,0
146.48,7.317,0.015,0.01,1.042,1.042,0.7,0.7,0.94,22.81,0
163.13,8.019,0.014,0.008,1.037,1.037,-0.06,-0.06,0.2,22.96,0
165.9,8.206,0.027,0.019,1.046,1.046,0.08,0.08,0.35,22.92,0
171.66,8.525,0.002,-0.008,1.015,1.015,0.11,0.11,0.39,23.05,0
185.79,9.374,0.0,-0.011,1.009,1.009,1.2,1.2,1.49,22.73,0
203.99,10.225,0.022,0.01,1.026,1.026,0.31,0.31,0.62,22.98,0
208.84,10.381,0.004,-0.009,1.003,1.003,-0.19,-0.19,0.13,22.95,0
224.08,11.226,0.019,0.005,1.013,1.013,-0.14,-0.14,0.18,22.74,0
238.74,11.8,-0.045,-0.059,0.945,0.948,-0.22,-0.22,0.11,22.97,0
245.92,12.465,0.002,-0.012,0.988,0.988,-0.21,-0.21,0.14,23.01,0
254.32,12.646,0.016,0.001,0.997,0.997,0.19,0.19,0.55,22.86,0
248.43,12.39,0.028,0.014,1.006,1.007,0.18,0.18,0.55,23.05,0
248.76,12.398,-0.017,-0.031,0.959,0.959,-0.74,-0.74,-0.36,22.92,0
252.05,12.517,0.013,-0.0,0.987,0.987,0.16,0.16,0.55,22.88,0
250.93,12.444,-0.037,-0.049,0.935,0.937,-0.33,-0.33,0.07,22.93,0
257.92,12.936,-0.014,-0.026,0.957,0.957,0.17,0.17,0.58,22.99,0
241.68,12.188,0.019,0.008,0.989,0.99,-0.19,-0.19,0.23,22.98,0
230.53,11.532,0.004,-0.006,0.975,0.975,0.35,0.35,0.78,23.02,0
191.48,9.586,0.022,0.013,0.994,0.995,0.33,0.33,0.76,22.85,0
199.1,9.831,0.015,0.008,0.989,0.989,-0.04,-0.04,0.4,22.96,0
192.68,9.557,-0.011,-0.017,0.965,0.965,0.08,0.08,0.53,22.86,0
169.16,8.545,-0.017,-0.021,0.962,0.963,-0.61,-0.61,-0.16,22.83,0
170.61,8.571,-0.021,-0.024,0.961,0.961,0.04,0.04,0.5,22.98,0
149.47,7.416,0.023,0.022,1.009,1.009,0.41,0.41,0.87,22.89,0
150.12,7.519,-0.035,-0.035,0.954,0.956,0.49,0.49,0.96,23.04,0
132.48,6.676,-0.023,-0.022,0.97,0.97,0.07,0.07,0.54,22.97,0
135.66,6.769,0.005,0.007,1.002,1.002,0.82,0.82,1.3,22.93,0
105.45,5.171,0.037,0.041,1.038,1.04,-0.48,-0.48,0.0,23.04,0
123.02,6.167,-0.017,-0.011,0.988,0.988,0.02,0.02,0.51,22.96,0
135.17,6.723,0.01,0.016,1.018,1.018,0.39,0.39,0.88,22.83,0
138.76,6.892,-0.011,-0.004,1.0,1.0,-0.35,-0.35,0.15,22.89,0
141.43,7.184,-0.019,-0.011,0.995,0.995,-0.14,-0.14,0.36,23.12,0
163.04,8.124,0.027,0.036,1.044,1.045,0.61,0.61,1.1,23.03,0
154.55,7.789,0.033,0.042,1.051,1.052,0.24,0.24,0.74,22.93,0
176.38,8.797,0.018,0.028,1.038,1.038,0.08,0.08,0.58,23.16,0
183.01,9.136,0.035,0.045,1.055,1.057,0.42,0.42,0.92,22.99,0
190.24,9.5,-0.003,0.007,1.017,1.017,0.73,0.73,1.23,23.2,0
209.47,10.346,0.04,0.05,1.06,1.062,-0.51,-0.51,-0.01,22.97,0
225.44,11.392,-0.028,-0.019,0.99,0.99,1.21,1.21,1.71,22.96,0
235.24,11.746,0.03,0.039,1.047,1.048,0.63,0.63,1.13,23.16,0
250.93,12.554,0.026,0.035,1.041,1.041,0.37,0.37,0.86,23.23,0
234.39,11.774,0.001,0.009,1.013,1.013,-0.03,-0.03,0.46,23.06,0
263.04,13.095,-0.006,0.001,1.002,1.002,0.48,0.48,0.97,23.05,0
260.85,13.008,0.017,0.023,1.022,1.023,0.02,0.02,0.5,23.28,0
257.53,12.772,-0.011,-0.007,0.99,0.99,0.64,0.64,1.13,23.03,0
243.75,12.078,-0.026,-0.023,0.972,0.972,0.32,0.32,0.8,23.09,0
237.06,11.793,0.004,0.005,0.997,0.997,0.27,0.27,0.75,23.17,0
239.22,12.045,0.009,0.009,0.999,0.999,1.05,1.05,1.52,23.11,0
217.49,10.858,0.025,0.023,1.01,1.011,-0.05,-0.05,0.42,23.36,0
222.97,11.188,-0.012,-0.014,0.971,0.971,-0.04,-0.04,0.42,23.04,0
203.41,10.176,0.012,0.008,0.992,0.992,0.22,0.22,0.67,23.23,0
188.61,9.54,0.039,0.034,1.016,1.017,-0.48,-0.48,-0.03,23.31,0
196.22,9.73,-0.016,-0.023,0.958,0.958,-0.21,-0.21,0.23,23.09,0
175.83,8.685,-0.001,-0.01,0.971,0.971,-0.45,-0.45,-0.01,23.13,0
151.2,7.566,-0.005,-0.015,0.966,0.966,0.58,0.58,1.01,23.26,0
132.8,6.503,0.014,0.003,0.985,0.985,0.72,0.72,1.14,23.22,0
138.16,6.88,-0.023,-0.034,0.948,0.949,-0.01,-0.01,0.4,23.4,0
121.65,6.156,-0.017,-0.029,0.955,0.955,0.35,0.35,0.75,23.32,0
143.59,7.112,0.006,-0.007,0.979,0.979,-0.43,-0.43,-0.04,23.32,0
121.13,6.077,-0.004,-0.018,0.971,0.971,-0.62,-0.62,-0.24,23.19,0
117.31,5.81,-0.005,-0.019,0.973,0.973,-0.33,-0.33,0.04,23.2,0
143.11,7.031,-0.007,-0.022,0.974,0.974,0.24,0.24,0.6,23.23,0
134.15,6.776,0.037,0.023,1.022,1.023,0.71,0.71,1.07,23.25,0
136.74,6.839,-0.007,-0.021,0.982,0.982,0.97,0.97,1.31,23.25,0
149.7,7.476,-0.004,-0.017,0.99,0.99,-0.34,-0.34,-0.01,23.1,0
161.33,8.062,-0.036,-0.049,0.963,0.965,0.44,0.44,0.76,23.32,0
190.1,9.555,-0.014,-0.026,0.989,0.989,0.89,0.89,1.19,23.22,0
193.03,9.701,-0.007,-0.018,1.001,1.001,0.04,0.04,0.33,23.25,0
209.26,10.562,-0.008,-0.018,1.005,1.005,-0.7,-0.7,-0.42,23.16,0
223.57,11.13,0.002,-0.006,1.02,1.02,0.47,0.47,0.74,23.18,0
239.97,11.903,0.016,0.009,1.038,1.038,-0.91,-0.91,-0.65,23.49,0
223.85,11.137,0.011,0.006,1.037,1.037,-0.82,-0.82,-0.58,23.54,0
254.52,12.772,-0.007,-0.01,1.023,1.023,0.54,0.54,0.77,23.45,0
237.26,11.896,0.0,-0.001,1.034,1.034,0.44,0.44,0.66,23.18,0
245.54,12.28,-0.024,-0.023,1.012,1.013,0.26,0.26,0.46,23.4,0
240.46,12.052,-0.022,-0.019,1.016,1.017,1.03,1.03,1.22,23.38,0
255.25,12.814,0.013,0.018,1.052,1.053,-0.68,-0.68,-0.51,23.47,0
250.75,12.586,-0.021,-0.014,1.019,1.019,-0.18,-0.18,-0.02,23.44,0
238.41,11.972,0.024,0.033,1.064,1.064,1.01,1.01,1.16,23.36,0
229.21,11.391,-0.002,0.009,1.037,1.037,-0.04,-0.04,0.09,23.38,0
222.08,11.253,-0.005,0.008,1.032,1.033,-0.03,-0.03,0.09,23.43,0
200.96,9.959,-0.016,-0.001,1.019,1.019,-0.4,-0.4,-0.29,23.41,0
197.89,9.868,0.001,0.018,1.033,1.033,0.59,0.59,0.67,23.43,0
195.89,9.787,0.018,0.036,1.047,1.047,0.07,0.07,0.14,23.54,0
173.52,8.588,-0.007,0.012,1.017,1.017,-0.03,-0.03,0.03,23.51,0
158.02,7.952,-0.003,0.017,1.016,1.016,0.97,0.97,1.01,23.52,0
151.52,7.587,0.003,0.024,1.018,1.018,0.27,0.27,0.3,23.44,0
130.14,6.493,-0.024,-0.002,0.986,0.986,-0.63,-0.63,-0.61,23.58,0
117.53,5.762,-0.023,-0.001,0.981,0.982,0.8,0.8,0.8,23.37,0
121.06,6.207,0.016,0.039,1.016,1.016,-0.99,-0.99,-1.0,23.4,0
125.74,6.266,-0.02,0.003,0.974,0.975,-0.08,-0.08,-0.11,23.49,0
110.84,5.583,0.009,0.032,0.999,0.999,-0.42,-0.42,-0.47,23.44,0
136.04,6.675,-0.02,0.002,0.965,0.965,-0.63,-0.63,-0.69,23.69,0
132.46,6.576,0.034,0.055,1.014,1.016,0.62,0.62,0.54,23.54,0
138.37,6.905,0.019,0.039,0.996,0.997,-0.08,-0.08,-0.17,23.48,0
144.21,7.204,0.023,0.042,0.997,0.998,0.36,0.36,0.26,23.63,0
170.2,8.522,-0.005,0.013,0.966,0.966,-0.49,-0.49,-0.61,23.67,0
165.94,8.408,-0.005,0.011,0.964,0.964,0.41,0.41,0.27,23.54,0
167.83,8.33,-0.027,-0.013,0.94,0.941,-1.03,-1.03,-1.18,23.45,0
186.42,9.311,0.005,0.017,0.972,0.972,-0.18,-0.18,-0.34,23.44,0
227.15,11.307,-0.013,-0.004,0.953,0.954,-0.15,-0.15,-0.33,23.47,0
222.53,11.21,-0.017,-0.01,0.95,0.95,0.01,0.01,-0.19,23.7,0
218.47,11.011,0.009,0.014,0.978,0.978,-0.66,-0.66,-0.87,23.61,0
236.94,11.897,0.028,0.031,0.999,1.0,-0.01,-0.01,-0.23,23.43,0
235.22,11.751,-0.006,-0.006,0.967,0.967,0.76,0.76,0.52,23.57,0
238.85,11.931,0.012,0.009,0.988,0.988,0.3,0.3,0.05,23.6,0
237.67,12.007,-0.015,-0.021,0.964,0.965,0.84,0.84,0.58,23.62,0
253.26,12.787,-0.008,-0.016,0.976,0.976,-0.18,-0.18,-0.45,23.63,0
238.39,11.926,-0.017,-0.028,0.971,0.971,0.03,0.03,-0.26,23.76,0
244.66,12.266,0.015,0.002,1.007,1.007,0.04,0.04,-0.26,23.68,0
220.1,11.173,0.044,0.028,1.039,1.041,1.36,1.36,1.05,23.58,0
225.89,11.305,-0.031,-0.049,0.969,0.971,0.46,0.46,0.14,23.42,0
219.1,10.848,0.043,0.022,1.046,1.047,0.43,0.43,0.1,23.76,0
209.54,10.459,0.024,0.001,1.031,1.031,0.38,0.38,0.04,23.55,0
192.75,9.64,-0.009,-0.033,1.002,1.003,0.25,0.25,-0.1,23.79,0
175.65,8.633,0.034,0.008,1.048,1.048,0.01,0.01,-0.36,23.79,0
187.03,9.382,-0.015,-0.042,1.001,1.002,0.84,0.84,0.46,23.86,0
160.45,7.953,-0.015,-0.042,1.004,1.005,0.23,0.23,-0.15,23.72,0
141.21,7.13,0.004,-0.024,1.024,1.024,0.42,0.42,0.02,23.64,0
143.85,7.262,0.031,0.002,1.051,1.052,-0.9,-0.9,-1.31,23.77,0
120.65,6.015,0.029,0.0,1.05,1.05,0.13,0.13,-0.28,23.87,0
124.55,6.269,0.036,0.007,1.056,1.057,-0.63,-0.63,-1.05,23.87,0
116.45,5.685,0.012,-0.016,1.031,1.031,-0.57,-0.57,-1.0,23.9,0
152.78,7.533,0.027,-0.001,1.045,1.045,-0.16,-0.16,-0.6,23.87,0
141.6,7.018,-0.026,-0.052,0.99,0.992,0.51,0.51,0.07,23.78,0
135.4,6.817,0.02,-0.005,1.033,1.034,-0.15,-0.15,-0.6,23.79,0
132.67,6.692,0.028,0.005,1.038,1.038,0.87,0.87,0.42,23.84,0
158.11,7.879,0.019,-0.003,1.026,1.026,0.94,0.94,0.48,23.81,0
159.44,8.052,-0.012,-0.031,0.991,0.992,-0.29,-0.29,-0.75,23.93,0
167.03,8.334,-0.007,-0.024,0.993,0.993,0.34,0.34,-0.13,23.94,0
200.93,10.112,-0.004,-0.018,0.992,0.992,0.63,0.63,0.16,23.89,0
198.32,9.895,0.011,-0.0,1.004,1.004,0.08,0.08,-0.4,23.94,0
221.47,11.046,-0.008,-0.017,0.981,0.981,-0.13,-0.13,-0.61,24.0,0
226.95,11.435,0.007,0.001,0.992,0.992,-0.18,-0.18,-0.67,23.79,0
237.2,11.759,0.006,0.002,0.988,0.988,-0.28,-0.28,-0.77,23.98,0
238.89,11.979,-0.003,-0.003,0.977,0.977,-0.4,-0.4,-0.89,24.1,0
251.81,12.524,0.022,0.025,1.0,1.001,-0.59,-0.59,-1.09,23.96,0
254.46,12.687,0.003,0.009,0.979,0.979,0.56,0.56,0.06,24.03,0
227.6,11.338,0.023,0.032,0.998,0.999,-0.81,-0.81,-1.31,23.82,0
242.91,12.334,-0.023,-0.011,0.952,0.952,0.03,0.03,-0.47,23.89,0
245.33,12.282,-0.02,-0.006,0.955,0.955,-0.53,-0.53,-1.03,23.94,0
233.36,11.636,-0.02,-0.003,0.956,0.956,-0.66,-0.66,-1.16,24.15,0
220.37,11.035,-0.025,-0.005,0.952,0.953,-0.74,-0.74,-1.24,23.9,0
223.39,11.108,-0.048,-0.026,0.932,0.933,0.18,0.18,-0.31,23.91,0
200.46,9.939,-0.017,0.006,0.965,0.965,-0.89,-0.89,-1.38,23.97,0
195.09,9.697,-0.046,-0.021,0.939,0.94,-0.72,-0.72,-1.22,24.01,0
200.5,9.983,0.023,0.05,1.012,1.013,0.42,0.42,-0.08,24.17,0
156.4,7.857,-0.023,0.005,0.97,0.97,-0.25,-0.25,-0.74,24.1,0
166.89,8.35,-0.011,0.018,0.986,0.986,-0.24,-0.24,-0.72,24.14,0
159.01,7.876,-0.013,0.016,0.989,0.989,0.57,0.57,0.09,24.1,0
138.99,6.889,-0.02,0.009,0.986,0.986,0.58,0.58,0.1,23.9,0
139.11,6.919,-0.019,0.011,0.992,0.993,0.81,0.81,0.34,24.18,0
123.59,6.159,0.016,0.045,1.031,1.032,-0.44,-0.44,-0.91,24.01,0
127.66,6.458,0.007,0.035,1.027,1.027,0.6,0.6,0.13,24.21,0
118.72,6.008,0.044,0.072,1.068,1.071,0.37,0.37,-0.09,24.16,0
128.33,6.416,-0.035,-0.008,0.993,0.993,-0.27,-0.27,-0.73,23.96,0
138.03,6.935,-0.052,-0.027,0.979,0.981,-0.54,-0.54,-0.99,24.18,0
148.99,7.518,0.007,0.03,1.041,1.041,0.45,0.45,0.01,24.24,0
140.17,6.879,-0.017,0.005,1.019,1.019,0.66,0.66,0.23,24.04,0
170.57,8.408,0.036,0.055,1.073,1.075,0.2,0.2,-0.22,24.29,0
176.98,8.804,-0.008,0.009,1.03,1.03,0.1,0.1,-0.31,24.22,0
187.97,9.548,0.003,0.018,1.041,1.042,0.07,0.07,-0.33,24.12,0
204.52,10.283,-0.021,-0.008,1.017,1.017,0.05,0.05,-0.35,24.16,0
214.67,10.818,0.004,0.013,1.04,1.04,0.42,0.42,0.03,24.23,0
226.8,11.46,-0.014,-0.007,1.02,1.02,0.02,0.02,-0.35,24.35,0
238.25,11.826,-0.005,-0.001,1.027,1.027,0.66,0.66,0.29,24.04,0
244.24,12.185,-0.017,-0.016,1.011,1.011,0.61,0.61,0.26,24.28,0
243.29,12.17,-0.012,-0.013,1.012,1.013,-0.44,-0.44,-0.79,24.23,0
270.69,13.473,-0.026,-0.03,0.994,0.995,-0.69,-0.69,-1.03,24.26,0
255.11,12.782,0.02,0.013,1.035,1.036,0.22,0.22,-0.1,24.24,0
251.92,12.483,-0.002,-0.012,1.007,1.008,-0.43,-0.43,-0.75,24.31,0
259.07,13.061,-0.001,-0.014,1.003,1.003,-0.38,-0.38,-0.68,24.26,0
237.13,11.997,0.059,0.045,1.059,1.061,-0.76,-0.76,-1.05,24.13,0
252.79,12.591,-0.043,-0.06,0.951,0.954,-0.48,-0.48,-0.76,24.28,0
228.42,11.392,-0.028,-0.047,0.961,0.962,-0.14,-0.14,-0.41,24.29,0
219.64,10.957,0.028,0.008,1.012,1.013,0.42,0.42,0.17,24.36,0
196.21,9.827,-0.003,-0.024,0.977,0.977,-0.92,-0.92,-1.16,24.27,0
182.19,9.122,0.001,-0.022,0.976,0.977,0.96,0.96,0.73,24.31,0
179.22,9.035,-0.005,-0.029,0.966,0.967,-0.39,-0.39,-0.6,24.3,0
171.93,8.544,-0.018,-0.043,0.951,0.952,-0.37,-0.37,-0.56,24.27,0
160.4,8.03,0.001,-0.024,0.968,0.968,0.37,0.37,0.18,24.44,0
134.9,6.726,0.024,-0.001,0.989,0.989,-0.13,-0.13,-0.3,24.33,0
127.28,6.443,0.043,0.018,1.007,1.008,-1.36,-1.36,-1.52,24.49,0
131.06,6.63,0.014,-0.011,0.977,0.977,-0.04,-0.04,-0.18,24.49,0
133.07,6.577,0.033,0.009,0.996,0.997,-0.11,-0.11,-0.24,24.3,0
122.85,6.245,0.019,-0.004,0.983,0.983,0.16,0.16,0.05,24.35,0
123.24,6.232,0.016,-0.006,0.982,0.982,0.12,0.12,0.02,24.56,0
124.75,6.269,-0.002,-0.023,0.967,0.967,-0.15,-0.15,-0.24,24.42,0
122.74,6.177,0.011,-0.008,0.983,0.983,-0.26,-0.26,-0.33,24.49,0
148.78,7.382,0.011,-0.007,0.986,0.986,-0.73,-0.73,-0.79,24.43,0
164.85,8.323,0.01,-0.006,0.988,0.988,-0.22,-0.22,-0.26,24.64,0
162.16,8.047,0.026,0.012,1.009,1.009,0.78,0.78,0.75,24.53,0
182.49,9.056,0.033,0.022,1.02,1.021,0.29,0.29,0.28,24.24,0
191.95,9.537,0.002,-0.007,0.994,0.994,-0.67,-0.67,-0.66,24.5,0
206.49,10.36,0.003,-0.004,0.999,0.999,-0.03,-0.03,-0.01,24.6,0
215.09,10.733,0.009,0.004,1.009,1.009,0.67,0.67,0.71,24.63,0
228.66,11.439,0.028,0.025,1.032,1.033,0.01,0.01,0.06,24.48,0
244.63,12.164,0.022,0.022,1.031,1.031,0.03,0.03,0.1,24.67,0
241.57,11.971,0.035,0.037,1.047,1.048,0.64,0.64,0.72,24.5,0
241.07,12.067,0.018,0.023,1.034,1.035,-1.3,-1.3,-1.2,24.59,0
257.72,12.961,0.013,0.02,1.032,1.032,0.49,0.49,0.6,24.52,0
253.81,12.666,-0.022,-0.014,0.998,0.999,0.12,0.12,0.25,24.58,0
245.38,12.225,-0.003,0.007,1.019,1.019,-0.55,-0.55,-0.41,24.52,0
245.31,12.187,0.037,0.048,1.06,1.062,0.78,0.78,0.93,24.56,0
228.52,11.481,0.019,0.031,1.042,1.043,-0.08,-0.08,0.09,24.73,0
222.61,11.043,0.013,0.027,1.037,1.037,-0.39,-0.39,-0.21,24.53,0
222.42,11.193,-0.0,0.015,1.022,1.022,-0.53,-0.53,-0.34,24.44,0
195.71,9.857,-0.009,0.007,1.012,1.012,-0.61,-0.61,-0.4,24.47,0
205.97,10.233,-0.008,0.008,1.011,1.011,-0.48,-0.48,-0.26,24.74,0
167.69,8.331,0.021,0.038,1.037,1.038,0.34,0.34,0.57,24.77,0
165.2,8.21,-0.017,-0.0,0.996,0.996,-0.29,-0.29,-0.04,24.66,0
167.01,8.417,0.018,0.035,1.028,1.029,-0.12,-0.12,0.14,24.69,0
151.92,7.693,-0.017,-0.001,0.99,0.99,-0.28,-0.28,-0.01,24.58,0
139.2,6.998,-0.005,0.011,0.998,0.998,-0.06,-0.06,0.22,24.77,0
138.96,6.992,0.019,0.035,1.019,1.019,-1.05,-1.05,-0.75,24.74,0
126.59,6.367,-0.001,0.014,0.995,0.995,-0.13,-0.13,0.18,24.61,0
139.64,6.976,0.019,0.033,1.011,1.012,-0.2,-0.2,0.13,24.6,0
126.49,6.37,0.016,0.028,1.005,1.005,-0.29,-0.29,0.05,24.73,0
124.09,6.146,-0.038,-0.027,0.948,0.949,-0.13,-0.13,0.22,24.72,0
138.06,6.972,0.009,0.019,0.992,0.992,-0.25,-0.25,0.1,24.89,0
135.04,6.811,-0.041,-0.032,0.94,0.942,0.11,0.11,0.48,24.89,0
150.86,7.612,-0.021,-0.014,0.959,0.959,0.62,0.62,1.0,24.81,0
137.21,6.977,-0.019,-0.014,0.959,0.959,0.53,0.53,0.92,24.81,0
167.45,8.433,0.004,0.007,0.982,0.982,0.67,0.67,1.06,24.77,0
198.86,9.881,-0.021,-0.019,0.957,0.958,0.41,0.41,0.82,24.77,0
197.04,9.781,-0.008,-0.008,0.971,0.971,-0.4,-0.4,0.01,24.8,0
222.24,11.085,-0.004,-0.006,0.976,0.976,-0.08,-0.08,0.34,24.82,0
226.85,11.57,-0.021,-0.024,0.961,0.961,-0.32,-0.32,0.11,24.75,0
239.09,12.007,-0.026,-0.03,0.959,0.96,0.31,0.31,0.75,24.89,0
250.94,12.44,-0.005,-0.01,0.983,0.983,-0.69,-0.69,-0.25,24.88,0
240.33,11.994,-0.002,-0.009,0.989,0.989,0.14,0.14,0.59,24.69,0
263.48,13.256,-0.028,-0.036,0.967,0.968,-0.48,-0.48,-0.03,25.05,0
254.95,12.712,-0.018,-0.026,0.981,0.982,-0.28,-0.28,0.19,25.03,0
250.95,12.591,0.026,0.017,1.029,1.03,-0.01,-0.01,0.46,24.97,0
240.7,12.143,0.005,-0.005,1.012,1.012,0.47,0.47,0.95,25.04,0
252.14,12.433,-0.025,-0.036,0.987,0.988,0.57,0.57,1.05,25.04,0
235.28,11.701,-0.016,-0.026,1.0,1.001,-0.2,-0.2,0.29,24.94,0
223.98,11.205,-0.011,-0.021,1.009,1.01,-0.19,-0.19,0.3,24.88,0
204.69,10.266,0.015,0.004,1.039,1.039,-0.26,-0.26,0.23,24.84,0
192.26,9.558,0.01,-0.0,1.037,1.037,0.26,0.26,0.75,25.0,0
186.54,9.456,-0.017,-0.026,1.013,1.014,0.52,0.52,1.01,24.81,0
181.66,9.17,-0.008,-0.017,1.025,1.025,-0.94,-0.94,-0.44,24.91,0
157.61,7.834,-0.024,-0.033,1.01,1.01,0.3,0.3,0.8,24.99,0
146.8,7.371,-0.039,-0.046,0.996,0.998,-0.1,-0.1,0.39,24.9,0
138.27,6.894,-0.024,-0.03,1.011,1.012,0.62,0.62,1.12,25.17,0
158.61,7.98,-0.008,-0.013,1.027,1.027,-0.77,-0.77,-0.27,24.96,0
131.4,6.526,0.014,0.01,1.047,1.048,-0.06,-0.06,0.44,25.03,0
126.22,6.375,0.006,0.004,1.038,1.038,-0.06,-0.06,0.44,25.05,0
121.59,6.044,-0.018,-0.019,1.012,1.012,0.71,0.71,1.2,25.2,0
129.8,6.523,0.003,0.003,1.029,1.029,-2.02,-2.02,-1.52,24.97,0
126.88,6.313,-0.029,-0.027,0.994,0.995,0.48,0.48,0.98,25.05,0
135.63,6.698,-0.018,-0.015,1.001,1.002,0.77,0.77,1.26,24.95,0
145.5,7.238,-0.031,-0.027,0.983,0.984,-0.12,-0.12,0.37,25.0,0
159.82,7.775,-0.029,-0.023,0.981,0.982,-0.61,-0.61,-0.12,25.18,0
164.72,8.514,-0.004,0.003,1.001,1.001,0.56,0.56,1.04,25.06,0
191.53,9.542,0.049,0.057,1.048,1.051,0.77,0.77,1.24,25.11,0
198.08,9.94,-0.006,0.004,0.988,0.988,0.43,0.43,0.9,24.99,0
193.19,9.676,0.001,0.011,0.99,0.99,0.06,0.06,0.53,25.28,0
235.28,11.759,-0.002,0.009,0.982,0.982,-0.19,-0.19,0.27,25.37,0
228.3,11.479,-0.0,0.011,0.979,0.979,0.23,0.23,0.69,25.24,0
239.94,12.007,0.019,0.031,0.994,0.994,0.87,0.87,1.32,25.16,0
238.92,12.042,0.002,0.014,0.973,0.973,-0.57,-0.57,-0.13,25.11,0
265.42,13.346,0.031,0.043,0.999,1.0,0.42,0.42,0.86,25.11,0
245.17,12.218,0.05,0.062,1.015,1.018,0.61,0.61,1.04,25.08,0
246.05,12.401,0.009,0.021,0.972,0.973,-0.49,-0.49,-0.07,25.2,0
256.67,12.816,0.001,0.012,0.962,0.962,0.55,0.55,0.96,25.26,0
242.01,12.159,0.014,0.024,0.975,0.975,0.23,0.23,0.64,25.07,0
234.04,11.601,0.001,0.011,0.962,0.962,0.39,0.39,0.79,25.26,0
231.94,11.659,-0.009,-0.0,0.953,0.953,0.7,0.7,1.09,25.22,0
214.21,10.832,0.005,0.012,0.968,0.968,-0.46,-0.46,-0.09,25.26,0
206.16,10.283,-0.003,0.003,0.963,0.963,-0.76,-0.76,-0.4,25.31,0
182.98,9.205,-0.006,-0.002,0.962,0.962,0.79,0.79,1.14,25.44,0
170.57,8.44,-0.006,-0.003,0.965,0.965,-0.05,-0.05,0.3,25.22,0
169.65,8.426,0.013,0.014,0.989,0.989,-0.85,-0.85,-0.51,25.2,0
143.75,7.186,0.016,0.016,0.996,0.996,0.32,0.32,0.64,25.31,0
135.26,6.855,0.008,0.006,0.992,0.992,0.13,0.13,0.44,25.24,0
136.5,6.699,-0.023,-0.027,0.966,0.966,0.23,0.23,0.53,25.38,0
131.3,6.587,0.018,0.012,1.012,1.012,-0.02,-0.02,0.27,25.31,0
115.2,5.838,0.017,0.01,1.016,1.016,-0.28,-0.28,-0.01,25.52,0
122.67,6.095,-0.034,-0.044,0.969,0.97,0.39,0.39,0.66,25.46,0
144.42,7.1,0.025,0.014,1.033,1.034,-0.16,-0.16,0.09,25.26,0
120.29,6.052,0.01,-0.003,1.022,1.022,0.3,0.3,0.54,25.45,0
137.11,6.917,0.037,0.022,1.053,1.053,-0.46,-0.46,-0.24,25.37,0
148.25,7.514,0.026,0.011,1.046,1.046,0.52,0.52,0.73,25.42,0
159.65,7.997,0.032,0.015,1.054,1.055,0.54,0.54,0.74,25.49,0
157.43,7.802,0.004,-0.014,1.028,1.029,0.04,0.04,0.22,25.4,0
196.25,9.759,-0.009,-0.028,1.017,1.017,0.35,0.35,0.51,25.18,0
182.55,9.067,-0.016,-0.035,1.011,1.012,0.12,0.12,0.28,25.3,0
200.2,9.968,-0.029,-0.049,0.999,1.0,-0.12,-0.12,0.02,25.36,0
209.28,10.597,0.005,-0.015,1.032,1.032,1.03,1.03,1.15,25.42,0
227.03,11.478,-0.038,-0.058,0.988,0.991,-0.09,-0.09,0.02,25.4,0
230.82,11.463,-0.001,-0.021,1.023,1.024,0.04,0.04,0.14,25.51,0
237.45,11.98,0.044,0.025,1.067,1.068,0.04,0.04,0.12,25.31,0
249.45,12.476,0.017,-0.001,1.037,1.037,-0.04,-0.04,0.02,25.45,0
246.06,12.325,0.02,0.003,1.037,1.037,-0.62,-0.62,-0.57,25.54,0
250.81,12.56,-0.031,-0.047,0.983,0.984,-0.27,-0.27,-0.23,25.47,0
252.28,12.6,-0.012,-0.027,0.998,0.998,0.08,0.08,0.1,25.29,0
244.02,12.321,-0.006,-0.019,1.0,1.0,0.33,0.33,0.34,25.52,0
241.7,12.007,0.023,0.012,1.026,1.026,-0.02,-0.02,-0.03,25.58,0
235.67,11.892,0.006,-0.003,1.005,1.005,0.6,0.6,0.58,25.48,0
231.57,11.465,0.016,0.009,1.011,1.011,-0.34,-0.34,-0.38,25.47,0
216.54,10.812,-0.037,-0.042,0.955,0.956,0.69,0.69,0.63,25.48,0
192.65,9.594,0.007,0.005,0.996,0.996,0.98,0.98,0.91,25.66,0
185.42,9.278,-0.022,-0.022,0.963,0.964,0.69,0.69,0.6,25.7,0
179.85,9.005,0.014,0.016,0.997,0.997,-0.69,-0.69,-0.79,25.43,0
165.1,8.268,-0.001,0.004,0.981,0.981,-0.96,-0.96,-1.08,25.65,0
158.37,7.84,0.022,0.03,1.003,1.003,-0.68,-0.68,-0.81,25.67,0
155.62,7.832,-0.003,0.007,0.977,0.977,0.96,0.96,0.82,25.6,0
131.21,6.536,-0.035,-0.023,0.945,0.946,0.42,0.42,0.26,25.71,0
124.58,6.238,-0.035,-0.021,0.945,0.946,-0.77,-0.77,-0.94,25.63,0
135.0,6.909,0.012,0.029,0.994,0.994,-0.45,-0.45,-0.63,25.64,0
135.29,6.774,-0.062,-0.043,0.921,0.924,-0.5,-0.5,-0.7,25.73,0
126.09,6.348,0.013,0.034,0.999,0.999,-0.52,-0.52,-0.73,25.74,0
133.47,6.676,-0.032,-0.01,0.957,0.957,0.06,0.06,-0.17,25.65,0
143.48,7.253,0.026,0.05,1.018,1.019,0.31,0.31,0.07,25.56,0
144.3,7.2,-0.022,0.003,0.973,0.973,-0.69,-0.69,-0.94,25.58,0
163.63,8.103,-0.022,0.004,0.977,0.977,-0.29,-0.29,-0.55,25.65,0
191.65,9.518,-0.002,0.024,1.001,1.001,0.6,0.6,0.32,25.68,0
189.52,9.549,-0.0,0.027,1.007,1.007,-0.06,-0.06,-0.35,25.86,0
196.0,9.77,-0.014,0.013,0.997,0.997,-0.38,-0.38,-0.68,25.64,0
206.72,10.394,0.041,0.068,1.056,1.059,0.39,0.39,0.07,25.63,0
213.14,10.738,0.018,0.044,1.036,1.037,-0.73,-0.73,-1.05,25.67,0
228.44,11.451,0.014,0.04,1.036,1.037,-0.3,-0.3,-0.64,25.64,0
242.12,12.162,0.001,0.026,1.026,1.026,-0.24,-0.24,-0.59,25.69,0
246.12,12.315,0.008,0.032,1.035,1.036,0.59,0.59,0.23,25.68,0
264.64,13.172,0.011,0.033,1.04,1.041,0.05,0.05,-0.32,25.63,0
255.11,12.617,-0.015,0.006,1.016,1.016,-0.42,-0.42,-0.8,25.57,0
258.25,12.893,0.005,0.024,1.037,1.037,0.21,0.21,-0.18,25.55,0
236.19,11.814,-0.013,0.003,1.018,1.018,0.11,0.11,-0.29,25.97,0
242.36,12.051,0.023,0.036,1.053,1.054,-0.11,-0.11,-0.52,25.88,0
243.95,12.06,-0.005,0.006,1.025,1.025,-0.39,-0.39,-0.81,25.59,0
219.98,11.073,0.016,0.024,1.043,1.044,0.14,0.14,-0.29,25.84,0
217.09,10.885,-0.036,-0.03,0.989,0.99,-0.59,-0.59,-1.02,25.93,0
200.69,9.917,0.016,0.019,1.038,1.039,0.9,0.9,0.46,25.66,0
189.63,9.438,0.008,0.008,1.026,1.026,0.34,0.34,-0.11,25.95,0
188.33,9.357,0.011,0.008,1.025,1.025,0.56,0.56,0.11,25.8,0
177.17,8.761,-0.017,-0.023,0.993,0.993,-0.3,-0.3,-0.76,25.73,0
148.81,7.382,0.008,-0.0,1.013,1.013,0.66,0.66,0.19,25.88,0
150.97,7.465,0.006,-0.005,1.006,1.006,-0.16,-0.16,-0.63,25.77,0
140.68,6.991,0.001,-0.013,0.996,0.996,-0.45,-0.45,-0.93,25.81,0
125.11,6.255,-0.003,-0.02,0.986,0.987,1.33,1.33,0.85,25.95,0
122.42,6.096,-0.014,-0.033,0.97,0.971,0.12,0.12,-0.37,25.89,0
130.19,6.445,0.034,0.013,1.014,1.014,-0.03,-0.03,-0.52,25.92,0
139.34,7.064,0.038,0.015,1.014,1.015,-0.65,-0.65,-1.14,25.95,0
132.41,6.559,0.008,-0.017,0.979,0.979,-0.01,-0.01,-0.5,25.88,0
134.78,6.651,-0.004,-0.03,0.964,0.965,0.28,0.28,-0.22,25.9,0
162.86,8.202,-0.012,-0.04,0.953,0.954,-0.25,-0.25,-0.75,25.83,0
153.45,7.574,0.01,-0.019,0.973,0.973,-0.85,-0.85,-1.35,25.94,0
165.84,8.278,0.018,-0.011,0.979,0.979,-0.09,-0.09,-0.58,25.9,0
184.33,9.346,0.025,-0.005,0.985,0.985,0.08,0.08,-0.42,25.83,0
192.4,9.65,0.019,-0.011,0.979,0.979,-0.55,-0.55,-1.05,25.84,0
216.05,10.866,-0.04,-0.069,0.921,0.925,-0.77,-0.77,-1.27,25.88,0
216.15,10.708,0.034,0.005,0.996,0.996,-0.87,-0.87,-1.37,25.93,0
236.66,11.888,-0.001,-0.029,0.963,0.963,0.29,0.29,-0.21,25.84,0
248.53,12.499,0.021,-0.006,0.987,0.988,0.32,0.32,-0.18,25.94,0
246.88,12.387,0.025,-0.001,0.995,0.995,0.26,0.26,-0.23,26.13,0
254.96,12.758,0.001,-0.023,0.975,0.975,0.0,0.0,-0.49,26.04,0
242.15,12.134,-0.003,-0.025,0.975,0.975,-0.87,-0.87,-1.36,25.98,0
251.0,12.54,-0.034,-0.054,0.948,0.95,-0.5,-0.5,-0.99,25.92,0
252.01,12.621,-0.026,-0.044,0.961,0.963,-1.15,-1.15,-1.63,25.96,0
248.39,12.376,-0.002,-0.017,0.991,0.991,0.71,0.71,0.24,25.91,0
236.26,11.838,-0.012,-0.025,0.985,0.986,-0.09,-0.09,-0.56,25.84,0
217.95,10.851,-0.064,-0.074,0.939,0.944,-0.48,-0.48,-0.94,25.99,0
217.33,10.803,0.012,0.005,1.019,1.019,0.06,0.06,-0.4,25.94,0
213.81,10.706,-0.001,-0.006,1.011,1.011,0.03,0.03,-0.43,26.11,0
195.81,9.812,0.061,0.06,1.078,1.081,-0.76,-0.76,-1.21,26.09,0
182.86,9.209,0.055,0.057,1.075,1.078,0.21,0.21,-0.23,25.97,0
174.99,8.694,0.013,0.018,1.037,1.037,-0.55,-0.55,-0.99,26.1,0
163.82,8.184,-0.025,-0.018,1.002,1.002,0.17,0.17,-0.26,25.94,0
147.09,7.419,-0.048,-0.038,0.981,0.983,0.12,0.12,-0.3,26.04,0
146.89,7.414,-0.02,-0.007,1.01,1.01,-0.11,-0.11,-0.52,26.01,0
124.04,6.246,-0.001,0.014,1.03,1.03,0.26,0.26,-0.15,25.8,0
122.47,6.006,-0.009,0.009,1.023,1.023,-0.54,-0.54,-0.93,26.11,0
143.59,7.21,-0.033,-0.014,0.998,0.998,0.48,0.48,0.1,25.99,0
127.02,6.404,0.037,0.058,1.067,1.069,-0.75,-0.75,-1.12,26.16,0
132.35,6.724,-0.025,-0.002,1.004,1.004,0.03,0.03,-0.33,26.27,0
125.26,6.315,-0.0,0.024,1.026,1.026,0.16,0.16,-0.19,26.21,0
134.6,6.575,0.0,0.026,1.023,1.024,0.39,0.39,0.04,26.18,0
133.26,6.674,-0.017,0.01,1.003,1.003,0.53,0.53,0.2,26.26,0
158.24,7.939,0.024,0.051,1.041,1.042,0.87,0.87,0.55,26.1,0
192.42,9.653,-0.037,-0.01,0.976,0.976,-0.58,-0.58,-0.88,26.21,0
183.39,9.244,-0.004,0.023,1.005,1.005,-0.08,-0.08,-0.38,26.12,0
204.68,10.127,-0.011,0.016,0.993,0.994,-0.13,-0.13,-0.42,26.19,0
219.13,11.02,-0.0,0.026,1.0,1.001,0.53,0.53,0.26,26.04,0
219.54,11.031,-0.009,0.016,0.988,0.988,-0.2,-0.2,-0.45,26.29,0
226.76,11.338,-0.009,0.016,0.985,0.985,-0.04,-0.04,-0.28,26.28,0
257.38,12.902,-0.013,0.01,0.977,0.977,-0.94,-0.94,-1.18,26.24,0
248.33,12.356,0.012,0.033,0.999,1.0,-0.37,-0.37,-0.59,25.99,0
241.55,12.203,-0.001,0.019,0.983,0.983,-0.05,-0.05,-0.26,26.25,0
254.95,12.784,-0.034,-0.016,0.949,0.949,0.67,0.67,0.48,26.19,0
246.24,12.271,-0.015,0.001,0.966,0.966,0.78,0.78,0.6,26.11,0
249.71,12.514,-0.014,-0.0,0.966,0.966,-0.29,-0.29,-0.45,26.13,0
248.55,12.284,-0.023,-0.012,0.957,0.957,-0.71,-0.71,-0.86,26.08,0
224.48,11.183,-0.045,-0.037,0.935,0.937,0.16,0.16,0.03,26.37,0
226.81,11.318,-0.025,-0.019,0.956,0.957,-0.7,-0.7,-0.82,26.28,0
218.91,10.963,-0.006,-0.002,0.977,0.977,0.3,0.3,0.2,26.09,0
193.27,9.659,0.026,0.028,1.011,1.012,0.1,0.1,0.01,26.16,0
189.88,9.518,0.009,0.007,0.996,0.996,-0.81,-0.81,-0.89,26.27,0
156.92,7.909,-0.015,-0.018,0.976,0.976,-0.64,-0.64,-0.7,26.36,0
165.8,8.168,-0.02,-0.026,0.973,0.974,-0.09,-0.09,-0.14,26.18,0
148.18,7.485,0.0,-0.008,0.998,0.998,-0.0,-0.0,-0.03,26.24,0
144.28,7.251,-0.032,-0.043,0.968,0.97,-0.8,-0.8,-0.81,26.29,0
142.74,7.2,-0.019,-0.031,0.986,0.987,0.62,0.62,0.62,26.29,0
120.93,6.123,0.003,-0.011,1.011,1.011,0.56,0.56,0.58,26.2,0
111.05,5.627,-0.015,-0.031,0.997,0.998,0.32,0.32,0.35,26.17,0
123.59,6.166,0.025,0.008,1.041,1.041,0.53,0.53,0.58,26.2,0
129.07,6.522,0.005,-0.013,1.024,1.024,0.15,0.15,0.21,26.15,0
125.19,6.275,-0.011,-0.029,1.011,1.011,-0.49,-0.49,-0.42,26.2,0
135.99,6.786,-0.014,-0.034,1.009,1.01,0.14,0.14,0.23,26.16,0
142.85,7.113,-0.011,-0.031,1.015,1.015,-0.15,-0.15,-0.04,26.24,0
149.21,7.618,0.011,-0.008,1.038,1.038,0.06,0.06,0.17,26.36,0
154.95,7.707,0.013,-0.007,1.04,1.04,0.8,0.8,0.94,26.5,0
171.49,8.551,-0.015,-0.035,1.012,1.013,0.18,0.18,0.33,26.27,0
205.03,10.162,-0.023,-0.042,1.003,1.004,-0.19,-0.19,-0.03,26.32,0
213.14,10.694,0.04,0.022,1.065,1.066,-0.67,-0.67,-0.5,26.38,0
208.84,10.378,0.02,0.003,1.044,1.044,-0.29,-0.29,-0.1,26.21,0
226.45,11.301,0.002,-0.015,1.022,1.022,0.3,0.3,0.5,26.35,0
238.06,12.025,0.003,-0.012,1.02,1.02,0.69,0.69,0.91,26.29,0
251.9,12.511,0.014,0.0,1.027,1.027,-0.68,-0.68,-0.45,26.44,0
242.94,12.13,0.027,0.015,1.037,1.037,-0.7,-0.7,-0.46,26.34,0
245.19,12.076,0.017,0.007,1.022,1.023,0.07,0.07,0.33,26.21,0
244.43,12.171,0.002,-0.007,1.002,1.002,0.05,0.05,0.32,26.43,0
256.79,12.922,0.009,0.002,1.005,1.005,-0.47,-0.47,-0.19,26.33,0
254.99,12.728,0.012,0.007,1.003,1.003,-0.67,-0.67,-0.38,26.43,0
235.52,11.819,-0.008,-0.011,0.979,0.979,-0.38,-0.38,-0.07,26.23,0
215.27,10.652,-0.004,-0.005,0.977,0.977,-0.02,-0.02,0.3,26.38,0
229.42,11.505,0.048,0.049,1.025,1.028,-0.61,-0.61,-0.28,26.4,0
218.03,10.891,-0.045,-0.043,0.928,0.93,-0.06,-0.06,0.28,26.31,0
204.33,10.229,-0.018,-0.014,0.952,0.952,1.38,1.38,1.73,26.37,0
173.07,8.648,-0.012,-0.007,0.954,0.955,-0.02,-0.02,0.34,26.28,0
168.96,8.44,-0.005,0.001,0.959,0.959,0.19,0.19,0.56,26.23,0
161.82,8.075,0.006,0.014,0.968,0.968,-0.33,-0.33,0.05,26.44,0
142.72,7.024,0.013,0.022,0.975,0.975,0.02,0.02,0.41,26.18,0
143.72,7.178,0.003,0.013,0.964,0.964,1.06,1.06,1.46,26.45,0
113.41,5.684,0.021,0.032,0.983,0.983,1.01,1.01,1.42,26.37,0
114.94,5.974,-0.018,-0.007,0.944,0.944,0.33,0.33,0.75,26.43,0
116.75,5.981,0.06,0.072,1.024,1.029,0.93,0.93,1.36,26.23,0
135.4,6.799,0.012,0.024,0.978,0.979,0.23,0.23,0.66,26.42,0
140.78,7.012,0.046,0.058,1.015,1.018,-0.57,-0.57,-0.13,26.16,0
132.77,6.733,-0.008,0.004,0.965,0.965,-0.37,-0.37,0.08,26.36,0
143.56,7.214,0.015,0.027,0.992,0.993,0.03,0.03,0.48,26.46,0
155.59,7.948,0.014,0.025,0.996,0.996,-0.58,-0.58,-0.12,26.42,0
155.83,7.769,0.003,0.014,0.99,0.99,-1.11,-1.11,-0.64,26.4,0
169.18,8.579,0.031,0.04,1.022,1.024,-0.27,-0.27,0.2,26.5,0
197.68,9.967,-0.018,-0.009,0.979,0.98,0.2,0.2,0.68,26.46,0
199.33,10.049,-0.02,-0.013,0.982,0.982,-0.13,-0.13,0.35,26.22,0
215.02,10.643,-0.016,-0.009,0.992,0.992,0.35,0.35,0.84,26.31,0
238.74,11.833,0.011,0.016,1.024,1.024,-0.69,-0.69,-0.2,26.27,0
244.94,12.294,-0.043,-0.04,0.974,0.976,0.68,0.68,1.17,26.48,0
241.33,12.034,0.038,0.04,1.059,1.061,-0.61,-0.61,-0.11,26.57,0
239.56,12.011,0.015,0.016,1.04,1.04,-0.31,-0.31,0.19,26.27,0
251.63,12.467,0.001,0.001,1.03,1.03,0.15,0.15,0.64,26.32,0
247.06,12.35,0.002,0.001,1.034,1.034,0.5,0.5,1.0,26.59,0
256.09,12.716,-0.011,-0.014,1.022,1.022,-0.61,-0.61,-0.11,26.52,0
250.24,12.52,-0.02,-0.025,1.014,1.015,-0.37,-0.37,0.13,26.38,0
217.93,10.982,0.02,0.014,1.055,1.055,0.55,0.55,1.05,26.46,0
233.13,11.624,0.003,-0.004,1.038,1.038,0.19,0.19,0.69,26.29,0
218.32,11.001,-0.007,-0.015,1.027,1.027,1.19,1.19,1.69,26.57,0
211.9,10.61,-0.034,-0.043,0.999,1.001,0.24,0.24,0.74,26.45,0
175.06,8.729,0.033,0.024,1.064,1.065,0.39,0.39,0.88,26.51,0
187.65,9.397,0.005,-0.005,1.033,1.033,0.8,0.8,1.29,26.51,0
183.67,9.199,0.015,0.005,1.04,1.04,-0.14,-0.14,0.35,26.37,0
159.79,7.93,0.043,0.032,1.064,1.066,-0.96,-0.96,-0.47,26.42,0
151.65,7.623,0.035,0.025,1.053,1.054,1.25,1.25,1.74,26.44,0
152.85,7.673,-0.038,-0.048,0.976,0.978,-0.66,-0.66,-0.18,26.36,0
131.14,6.508,0.0,-0.01,1.01,1.01,-0.39,-0.39,0.09,26.37,0
124.38,6.28,-0.029,-0.038,0.976,0.977,-0.04,-0.04,0.43,26.43,0
126.77,6.442,-0.027,-0.036,0.973,0.974,0.89,0.89,1.35,26.51,0
121.88,6.216,-0.001,-0.009,0.996,0.996,0.62,0.62,1.07,26.47,0
133.88,6.611,0.002,-0.005,0.994,0.994,-0.31,-0.31,0.15,26.64,0
120.9,6.171,0.0,-0.006,0.989,0.989,0.37,0.37,0.82,26.5,0
135.31,6.773,-0.017,-0.022,0.969,0.969,0.33,0.33,0.77,26.54,0
138.69,6.949,-0.028,-0.031,0.956,0.956,0.01,0.01,0.44,26.5,0
179.31,8.888,-0.025,-0.027,0.956,0.957,-0.55,-0.55,-0.13,26.52,0
167.63,8.361,0.011,0.011,0.99,0.99,0.2,0.2,0.62,26.46,0
186.92,9.435,0.003,0.004,0.981,0.981,0.39,0.39,0.8,26.51,0
208.03,10.389,-0.019,-0.016,0.959,0.96,0.13,0.13,0.53,26.63,0
203.41,10.126,0.02,0.025,0.998,0.999,-0.48,-0.48,-0.09,26.68,0
234.43,11.61,0.014,0.02,0.993,0.993,0.07,0.07,0.46,26.52,0
231.31,11.537,-0.011,-0.003,0.97,0.97,0.03,0.03,0.4,26.55,0
233.4,11.712,0.019,0.028,1.001,1.002,-0.48,-0.48,-0.12,26.54,0
248.58,12.433,0.048,0.058,1.032,1.035,-0.14,-0.14,0.2,26.68,0
238.9,12.059,-0.011,0.001,0.977,0.977,-0.3,-0.3,0.04,26.55,0
266.38,13.314,-0.007,0.007,0.984,0.984,-0.64,-0.64,-0.31,26.39,0
244.23,12.247,0.02,0.035,1.015,1.016,-0.55,-0.55,-0.24,26.44,0
257.6,12.975,0.004,0.02,1.002,1.003,-0.23,-0.23,0.07,26.32,0
240.45,12.092,-0.013,0.003,0.988,0.988,-0.0,-0.0,0.29,26.43,0
241.41,12.017,-0.011,0.005,0.994,0.994,-0.44,-0.44,-0.16,26.48,0
224.63,11.256,0.002,0.019,1.01,1.011,-0.01,-0.01,0.26,26.58,0
209.8,10.54,0.025,0.042,1.037,1.038,0.13,0.13,0.39,26.53,0
201.42,10.047,-0.003,0.014,1.012,1.012,1.0,1.0,1.24,26.39,0
193.3,9.739,0.043,0.06,1.061,1.064,0.49,0.49,0.72,26.48,0
179.45,9.052,-0.003,0.014,1.018,1.018,-0.7,-0.7,-0.49,26.51,0
185.09,9.232,0.003,0.019,1.025,1.025,0.19,0.19,0.4,26.52,0
167.49,8.519,0.063,0.078,1.086,1.091,0.93,0.93,1.11,26.34,0
150.34,7.485,0.031,0.044,1.054,1.056,0.41,0.41,0.59,26.72,0
138.93,6.804,0.044,0.056,1.067,1.069,-0.35,-0.35,-0.19,26.58,0
123.36,6.141,0.016,0.027,1.039,1.039,0.13,0.13,0.28,26.6,0
130.46,6.308,-0.008,0.001,1.014,1.014,0.83,0.83,0.96,26.33,0
131.74,6.536,0.032,0.039,1.052,1.053,0.05,0.05,0.16,26.45,0
126.79,6.314,-0.012,-0.007,1.005,1.005,0.63,0.63,0.73,26.6,0
122.27,6.109,-0.007,-0.004,1.007,1.007,-0.59,-0.59,-0.51,26.53,0
145.69,7.252,0.009,0.01,1.019,1.02,-0.23,-0.23,-0.16,26.4,0
151.38,7.454,0.015,0.014,1.022,1.022,0.63,0.63,0.68,26.52,0
156.17,8.055,-0.012,-0.016,0.99,0.99,0.06,0.06,0.11,26.57,0
161.65,7.94,-0.002,-0.008,0.996,0.996,-1.11,-1.11,-1.09,26.54,0
174.96,8.865,0.018,0.01,1.012,1.012,-1.97,-1.97,-1.96,26.44,0
197.4,9.887,-0.003,-0.013,0.986,0.986,0.36,0.36,0.36,26.56,0
197.72,9.954,0.028,0.015,1.012,1.013,-0.06,-0.06,-0.08,26.42,0
209.77,10.551,-0.034,-0.049,0.946,0.948,-0.07,-0.07,-0.1,26.58,0
224.64,11.252,0.021,0.004,0.997,0.998,0.45,0.45,0.4,26.39,0
227.89,11.532,0.003,-0.016,0.976,0.976,0.7,0.7,0.64,26.7,0
257.41,12.798,0.037,0.017,1.007,1.007,0.43,0.43,0.36,26.64,0
250.18,12.393,-0.006,-0.028,0.961,0.961,-0.07,-0.07,-0.16,26.54,0
235.55,11.727,-0.01,-0.032,0.955,0.956,-0.61,-0.61,-0.71,26.42,0
239.57,12.143,0.003,-0.02,0.967,0.967,-0.65,-0.65,-0.77,26.47,0
251.79,12.515,-0.016,-0.04,0.947,0.948,-0.7,-0.7,-0.83,26.48,0
240.59,12.043,0.005,-0.02,0.968,0.968,-0.26,-0.26,-0.41,26.48,0
241.59,12.097,-0.001,-0.026,0.963,0.964,0.02,0.02,-0.15,26.33,0
232.96,11.58,0.008,-0.017,0.973,0.973,0.28,0.28,0.11,26.48,0
211.42,10.516,0.025,-0.0,0.992,0.992,0.31,0.31,0.12,26.72,0
203.2,10.212,-0.006,-0.03,0.965,0.965,0.04,0.04,-0.17,26.51,0
187.1,9.379,0.033,0.01,1.007,1.007,0.13,0.13,-0.09,26.53,0
179.99,8.975,0.022,-0.0,1.0,1.0,0.54,0.54,0.31,26.35,0
164.98,8.268,0.011,-0.01,0.993,0.993,-0.35,-0.35,-0.6,26.32,0
160.56,8.089,-0.014,-0.033,0.973,0.974,0.54,0.54,0.28,26.46,0
152.47,7.694,-0.011,-0.029,0.981,0.981,0.26,0.26,-0.01,26.52,0
142.95,7.106,0.017,0.002,1.015,1.015,0.69,0.69,0.4,26.34,0
132.93,6.547,-0.005,-0.018,0.997,0.998,-1.03,-1.03,-1.33,26.46,0
128.96,6.459,0.008,-0.003,1.016,1.016,0.13,0.13,-0.18,26.16,0
117.86,5.904,-0.013,-0.021,1.0,1.0,-0.4,-0.4,-0.72,26.53,0
117.64,5.832,0.014,0.008,1.031,1.031,0.04,0.04,-0.29,26.49,0
128.26,6.446,0.0,-0.003,1.022,1.022,-0.16,-0.16,-0.5,26.43,0
128.45,6.496,0.001,0.001,1.027,1.027,-0.0,-0.0,-0.36,26.45,0
130.93,6.539,-0.01,-0.008,1.019,1.02,-0.5,-0.5,-0.86,26.51,0
151.89,7.709,-0.046,-0.041,0.987,0.989,-1.2,-1.2,-1.57,26.61,0
168.88,8.575,-0.029,-0.021,1.006,1.007,0.07,0.07,-0.31,26.46,0
182.25,8.964,0.011,0.023,1.048,1.049,-0.15,-0.15,-0.54,26.44,0
195.95,9.852,-0.021,-0.007,1.017,1.017,-0.08,-0.08,-0.48,26.43,0
198.49,9.983,-0.037,-0.02,1.002,1.003,-0.57,-0.57,-0.98,26.48,0
210.88,10.499,-0.015,0.004,1.023,1.023,0.21,0.21,-0.21,26.31,0
221.73,10.951,-0.028,-0.007,1.008,1.009,-0.1,-0.1,-0.52,26.38,0
256.72,12.739,-0.037,-0.014,0.998,0.999,0.15,0.15,-0.29,26.52,0
240.65,11.993,0.019,0.043,1.051,1.052,0.39,0.39,-0.05,26.36,0
240.24,12.119,0.014,0.04,1.043,1.044,0.63,0.63,0.18,26.46,0
236.62,11.91,-0.022,0.005,1.003,1.004,-0.14,-0.14,-0.59,26.66,0
252.52,12.668,-0.03,-0.002,0.992,0.992,0.41,0.41,-0.05,26.61,0
250.05,12.574,-0.032,-0.003,0.985,0.986,-0.14,-0.14,-0.6,26.41,0
241.43,12.133,-0.046,-0.016,0.967,0.968,0.32,0.32,-0.15,26.52,0
243.72,12.197,-0.036,-0.006,0.973,0.973,0.62,0.62,0.14,26.57,0
224.84,11.334,-0.006,0.024,0.998,0.998,-0.17,-0.17,-0.65,26.4,0
206.64,10.338,0.009,0.038,1.008,1.009,-0.16,-0.16,-0.65,26.65,0
193.33,9.65,-0.026,0.002,0.968,0.969,0.27,0.27,-0.22,26.57,0
194.31,9.632,-0.024,0.003,0.966,0.967,0.11,0.11,-0.38,26.37,0
181.08,8.981,0.006,0.031,0.992,0.993,-0.05,-0.05,-0.54,26.38,0
169.84,8.533,-0.034,-0.009,0.95,0.95,0.35,0.35,-0.15,26.34,0
162.8,8.258,0.017,0.039,0.997,0.998,-0.22,-0.22,-0.72,26.5,0
165.91,8.315,0.026,0.046,1.004,1.005,-0.47,-0.47,-0.97,26.54,0
146.06,7.254,-0.003,0.015,0.974,0.974,0.75,0.75,0.25,26.4,0
123.99,6.232,-0.019,-0.004,0.956,0.956,-0.35,-0.35,-0.85,26.43,0
123.78,6.113,-0.039,-0.026,0.936,0.937,0.08,0.08,-0.42,26.39,0
137.59,6.882,-0.012,-0.002,0.962,0.963,0.93,0.93,0.43,26.56,0
129.85,6.444,0.012,0.019,0.987,0.988,-0.44,-0.44,-0.94,26.43,0
132.23,6.608,0.002,0.006,0.979,0.979,0.39,0.39,-0.1,26.4,0
128.54,6.367,-0.012,-0.01,0.967,0.967,0.09,0.09,-0.41,26.59,0
136.92,6.791,0.017,0.015,0.998,0.998,-0.1,-0.1,-0.6,26.35,0
125.11,6.149,-0.005,-0.01,0.979,0.979,0.81,0.81,0.32,26.57,0
152.71,7.694,-0.001,-0.009,0.986,0.986,-0.09,-0.09,-0.57,26.29,0
174.45,8.882,-0.005,-0.015,0.986,0.986,-0.15,-0.15,-0.63,26.45,0
189.28,9.445,0.003,-0.011,0.997,0.997,0.6,0.6,0.12,26.13,0
206.11,10.269,0.051,0.035,1.049,1.051,-0.31,-0.31,-0.79,26.56,0
200.74,9.881,0.015,-0.003,1.017,1.017,0.35,0.35,-0.12,26.45,0
212.04,10.587,-0.001,-0.021,1.005,1.005,-0.54,-0.54,-1.0,26.38,0
215.94,10.84,0.0,-0.022,1.009,1.009,-0.78,-0.78,-1.24,26.49,0
241.02,12.081,0.02,-0.004,1.032,1.033,-0.29,-0.29,-0.74,26.35,0
248.68,12.433,-0.039,-0.065,0.976,0.979,0.01,0.01,-0.43,26.32,0
247.6,12.387,0.037,0.01,1.054,1.055,-1.28,-1.28,-1.71,26.31,0
242.21,12.148,-0.02,-0.048,0.999,1.0,-0.39,-0.39,-0.82,26.42,0
259.21,13.005,0.002,-0.026,1.023,1.023,-0.11,-0.11,-0.53,26.2,0
236.65,11.849,-0.003,-0.032,1.018,1.018,0.09,0.09,-0.33,26.37,0
232.45,11.624,0.036,0.008,1.057,1.058,-0.26,-0.26,-0.66,26.35,0
241.52,11.987,0.022,-0.006,1.042,1.043,-0.68,-0.68,-1.08,26.57,0
229.99,11.547,0.053,0.025,1.072,1.073,-1.28,-1.28,-1.66,26.28,0
226.68,11.332,0.02,-0.007,1.037,1.037,0.26,0.26,-0.12,26.31,0
198.84,10.137,0.033,0.007,1.049,1.049,-0.09,-0.09,-0.46,26.29,0
198.58,9.94,0.003,-0.021,1.016,1.016,0.29,0.29,-0.07,26.36,0
174.93,8.73,0.029,0.006,1.039,1.039,0.42,0.42,0.07,26.4,0
178.98,8.825,0.018,-0.003,1.024,1.024,-0.18,-0.18,-0.52,26.14,0
141.37,7.003,0.002,-0.017,1.004,1.004,-0.43,-0.43,-0.76,26.28,0
150.01,7.554,0.033,0.016,1.03,1.031,0.41,0.41,0.09,26.19,0
138.37,6.947,0.011,-0.004,1.004,1.004,-0.18,-0.18,-0.48,26.25,0
136.65,6.858,0.052,0.039,1.041,1.043,0.66,0.66,0.37,26.33,0
132.37,6.634,0.024,0.015,1.009,1.01,0.07,0.07,-0.2,26.39,0
133.43,6.634,0.008,0.001,0.989,0.989,-0.23,-0.23,-0.49,26.4,0
122.18,6.255,-0.009,-0.014,0.968,0.968,0.09,0.09,-0.16,26.22,0
135.19,6.739,0.027,0.025,1.001,1.002,-0.49,-0.49,-0.73,26.31,0
142.89,7.197,-0.029,-0.028,0.943,0.944,0.08,0.08,-0.14,26.33,0
142.69,7.189,-0.028,-0.025,0.941,0.942,0.23,0.23,0.02,26.15,0
158.05,7.97,-0.025,-0.019,0.943,0.943,0.01,0.01,-0.19,26.5,0
162.64,8.189,0.016,0.025,0.983,0.983,-0.17,-0.17,-0.35,26.39,0
170.81,8.587,0.011,0.022,0.977,0.978,0.68,0.68,0.51,26.19,0
187.37,9.287,0.012,0.025,0.979,0.98,-0.08,-0.08,-0.23,26.39,0
204.71,10.215,-0.011,0.004,0.957,0.957,0.12,0.12,-0.02,26.42,0
219.84,10.887,0.011,0.028,0.981,0.981,0.34,0.34,0.21,26.36,0
236.71,11.833,-0.009,0.01,0.963,0.963,-0.18,-0.18,-0.3,26.18,0
249.02,12.41,-0.014,0.005,0.961,0.961,0.26,0.26,0.16,26.32,0
251.12,12.439,0.026,0.047,1.005,1.007,-0.11,-0.11,-0.19,26.19,0
253.02,12.704,0.024,0.046,1.007,1.008,-0.53,-0.53,-0.6,26.14,0
272.2,13.622,-0.019,0.003,0.968,0.968,0.08,0.08,0.03,26.35,0
235.02,11.871,0.019,0.041,1.011,1.012,0.23,0.23,0.19,26.28,0
244.34,12.258,-0.011,0.012,0.986,0.986,-0.17,-0.17,-0.19,26.13,0
239.73,11.912,-0.011,0.011,0.991,0.991,-0.31,-0.31,-0.32,26.28,0
240.96,11.952,-0.013,0.009,0.995,0.995,1.07,1.07,1.08,26.44,0
226.83,11.437,-0.0,0.021,1.012,1.013,0.5,0.5,0.52,26.21,0
221.69,11.185,-0.013,0.007,1.004,1.005,0.31,0.31,0.35,26.26,0
203.13,10.13,-0.003,0.017,1.019,1.019,-0.59,-0.59,-0.54,26.2,0
203.32,10.2,0.001,0.02,1.028,1.028,0.03,0.03,0.09,26.4,0
193.68,9.553,-0.004,0.013,1.027,1.027,0.39,0.39,0.47,26.13,0
183.05,9.029,0.007,0.022,1.04,1.04,0.51,0.51,0.61,26.28,0
166.02,8.35,0.014,0.028,1.05,1.051,-1.1,-1.1,-0.99,26.2,0
152.37,7.71,0.002,0.014,1.04,1.04,0.5,0.5,0.62,26.4,0
147.44,7.468,0.003,0.013,1.043,1.043,0.19,0.19,0.33,26.0,0
141.91,7.004,-0.016,-0.009,1.024,1.024,0.46,0.46,0.62,25.98,0
132.13,6.463,0.022,0.027,1.061,1.062,-0.04,-0.04,0.13,26.12,0
127.59,6.477,-0.042,-0.038,0.997,0.998,0.2,0.2,0.38,26.16,0
110.94,5.603,-0.019,-0.018,1.018,1.018,0.06,0.06,0.26,26.17,0
122.23,6.157,-0.043,-0.044,0.991,0.993,-0.12,-0.12,0.09,26.21,0
127.63,6.46,-0.013,-0.015,1.019,1.019,-0.15,-0.15,0.07,25.82,0
133.43,6.664,-0.027,-0.031,1.001,1.002,0.12,0.12,0.36,26.25,0
143.15,7.096,0.04,0.034,1.064,1.065,0.41,0.41,0.66,26.22,0
168.63,8.414,0.02,0.012,1.04,1.04,0.5,0.5,0.76,26.1,0
152.46,7.604,-0.017,-0.026,0.998,0.999,0.47,0.47,0.75,26.14,0
179.86,8.9,-0.021,-0.032,0.989,0.99,0.95,0.95,1.24,26.08,0
197.22,9.7,-0.026,-0.038,0.979,0.98,-0.25,-0.25,0.05,26.13,0
189.1,9.502,0.01,-0.003,1.01,1.01,0.61,0.61,0.92,25.95,0
212.16,10.758,0.001,-0.012,0.997,0.997,-0.14,-0.14,0.19,26.27,0
235.97,11.866,0.016,0.002,1.007,1.007,-0.64,-0.64,-0.31,26.19,0
245.2,12.204,0.014,-0.0,1.0,1.0,0.08,0.08,0.43,26.19,0
241.32,12.118,0.018,0.003,1.0,1.001,-0.1,-0.1,0.25,26.17,0
252.97,12.628,0.02,0.006,1.0,1.0,-0.73,-0.73,-0.37,26.14,0
255.84,12.79,0.016,0.002,0.992,0.992,0.24,0.24,0.62,26.03,0
253.14,12.594,0.011,-0.003,0.985,0.985,0.13,0.13,0.52,26.23,0
259.21,12.925,-0.016,-0.029,0.956,0.957,0.18,0.18,0.57,26.07,0
239.36,11.94,-0.005,-0.017,0.966,0.966,0.81,0.81,1.22,26.26,0
218.96,10.905,0.035,0.023,1.005,1.006,-0.43,-0.43,-0.02,26.08,0
225.31,11.079,0.015,0.005,0.986,0.986,-0.56,-0.56,-0.13,25.9,0
205.7,10.321,0.007,-0.002,0.979,0.979,-0.14,-0.14,0.29,25.86,0
217.92,10.776,-0.006,-0.014,0.967,0.968,-0.38,-0.38,0.06,25.95,0
196.29,9.819,0.008,0.001,0.983,0.983,0.28,0.28,0.72,25.86,0
187.55,9.325,0.048,0.043,1.026,1.028,0.16,0.16,0.61,25.97,0
171.01,8.501,-0.014,-0.018,0.967,0.967,0.24,0.24,0.7,25.98,0
163.12,8.134,0.015,0.013,1.0,1.0,-0.7,-0.7,-0.24,26.13,0
148.66,7.369,0.025,0.025,1.013,1.014,0.15,0.15,0.62,26.04,0
138.08,6.992,0.04,0.041,1.032,1.034,-0.03,-0.03,0.45,26.16,0
134.81,6.762,-0.021,-0.019,0.974,0.975,-0.03,-0.03,0.45,25.72,0
116.02,6.01,0.02,0.024,1.02,1.02,0.01,0.01,0.49,25.75,0
123.34,6.21,-0.012,-0.007,0.991,0.991,0.39,0.39,0.88,26.06,0
113.72,5.668,0.011,0.017,1.018,1.018,-0.42,-0.42,0.07,25.89,0
132.61,6.513,-0.029,-0.022,0.981,0.982,-0.47,-0.47,0.02,25.98,0
137.48,6.922,-0.011,-0.003,1.002,1.002,-0.42,-0.42,0.07,26.1,0
151.53,7.461,0.015,0.024,1.031,1.031,0.31,0.31,0.81,26.04,0
145.05,7.314,0.012,0.021,1.029,1.03,0.3,0.3,0.8,25.81,0
167.27,8.381,0.034,0.044,1.053,1.055,0.55,0.55,1.05,25.85,0
175.29,8.679,0.007,0.017,1.027,1.027,0.09,0.09,0.59,25.92,0
168.77,8.441,0.04,0.05,1.06,1.062,0.48,0.48,0.98,25.78,0
201.1,10.1,0.016,0.026,1.036,1.036,0.43,0.43,0.93,26.01,0
228.5,11.527,0.031,0.04,1.049,1.051,0.14,0.14,0.64,25.91,0
230.51,11.492,0.001,0.011,1.018,1.019,0.22,0.22,0.71,25.84,0
236.84,11.869,0.029,0.038,1.044,1.045,0.01,0.01,0.51,25.84,0
247.44,12.249,0.002,0.01,1.014,1.014,-0.49,-0.49,0.0,25.67,0
237.51,11.882,0.032,0.038,1.041,1.042,-0.04,-0.04,0.45,25.99,0
278.4,13.982,0.019,0.025,1.025,1.025,0.5,0.5,0.98,25.91,0
231.46,11.51,0.027,0.032,1.03,1.031,-0.52,-0.52,-0.03,25.72,0
257.48,12.763,0.005,0.009,1.004,1.004,-0.76,-0.76,-0.28,25.92,0
242.61,12.124,-0.012,-0.01,0.983,0.983,0.34,0.34,0.82,26.05,0
233.07,11.505,-0.006,-0.006,0.985,0.985,1.09,1.09,1.56,25.78,0
234.78,11.843,0.021,0.02,1.008,1.008,-0.05,-0.05,0.41,25.92,0
221.57,11.103,0.014,0.012,0.998,0.998,1.19,1.19,1.66,25.77,0
201.8,10.078,-0.025,-0.028,0.956,0.956,0.39,0.39,0.84,25.76,0
198.5,10.016,-0.002,-0.007,0.976,0.976,0.43,0.43,0.88,25.78,0
184.13,9.146,0.006,-0.0,0.981,0.981,0.68,0.68,1.13,25.87,0
168.36,8.394,-0.019,-0.027,0.954,0.955,-0.78,-0.78,-0.34,25.69,0
167.45,8.493,0.014,0.005,0.986,0.986,0.51,0.51,0.94,25.74,0
133.99,6.709,0.011,0.0,0.982,0.982,1.2,1.2,1.62,25.85,0
138.86,7.022,-0.008,-0.02,0.963,0.963,0.17,0.17,0.58,25.91,0
134.4,6.586,-0.024,-0.037,0.947,0.948,-0.08,-0.08,0.33,25.59,0
126.09,6.452,0.003,-0.011,0.975,0.975,-0.11,-0.11,0.29,25.65,0
109.22,5.545,0.011,-0.003,0.985,0.985,0.17,0.17,0.55,25.79,0
127.62,6.313,0.01,-0.005,0.987,0.987,-0.04,-0.04,0.33,25.73,0
145.78,7.125,0.024,0.009,1.004,1.004,0.52,0.52,0.88,25.77,0
159.88,8.039,0.008,-0.007,0.991,0.991,-0.31,-0.31,0.05,25.83,0
119.49,5.987,0.014,-0.0,1.002,1.002,0.06,0.06,0.4,25.8,0
140.98,7.031,-0.008,-0.022,0.984,0.984,1.05,1.05,1.38,25.82,0
166.19,8.216,0.028,0.015,1.025,1.025,0.53,0.53,0.85,25.96,0
174.43,8.697,0.008,-0.005,1.009,1.009,0.31,0.31,0.62,25.66,0
181.94,9.224,0.012,0.001,1.019,1.019,-0.18,-0.18,0.12,25.66,0
186.6,9.323,0.003,-0.007,1.015,1.015,-0.35,-0.35,-0.07,25.82,0
206.89,10.382,0.002,-0.007,1.019,1.019,-0.26,-0.26,0.01,25.69,0
210.95,10.588,-0.008,-0.015,1.013,1.013,-0.07,-0.07,0.19,25.65,0
249.79,12.532,-0.008,-0.014,1.017,1.017,0.79,0.79,1.04,25.49,0
245.02,12.221,0.004,0.0,1.033,1.033,0.25,0.25,0.49,25.74,0
247.37,12.402,-0.01,-0.012,1.022,1.022,-0.71,-0.71,-0.49,25.41,0
260.42,12.916,0.004,0.004,1.039,1.039,0.52,0.52,0.73,25.6,0
260.37,13.024,-0.015,-0.013,1.023,1.023,0.27,0.27,0.46,25.54,0
257.18,12.868,-0.012,-0.008,1.027,1.027,-0.13,-0.13,0.04,25.62,0
245.27,12.31,-0.026,-0.019,1.014,1.015,-0.6,-0.6,-0.44,25.49,0
240.55,12.103,-0.025,-0.016,1.015,1.016,0.39,0.39,0.54,25.6,0
230.96,11.525,-0.018,-0.008,1.021,1.021,0.23,0.23,0.37,25.52,0
239.32,11.908,-0.019,-0.007,1.019,1.019,-0.3,-0.3,-0.18,25.46,0
217.46,10.96,0.0,0.014,1.035,1.036,0.48,0.48,0.59,25.63,0
194.36,9.819,-0.053,-0.038,0.979,0.982,-0.06,-0.06,0.04,25.73,0
198.2,9.839,0.003,0.021,1.033,1.033,0.45,0.45,0.53,25.84,0
192.51,9.741,-0.016,0.003,1.009,1.01,0.01,0.01,0.08,25.47,0
164.54,8.297,-0.01,0.01,1.011,1.011,0.26,0.26,0.31,25.61,0
148.19,7.264,-0.001,0.02,1.016,1.016,-1.22,-1.22,-1.18,25.57,0
154.38,7.675,0.004,0.025,1.015,1.015,-0.16,-0.16,-0.15,25.47,0
140.53,6.975,-0.03,-0.008,0.976,0.976,-0.37,-0.37,-0.36,25.35,0
139.05,6.882,-0.026,-0.004,0.975,0.975,-0.78,-0.78,-0.79,25.64,0
115.91,5.917,0.002,0.024,0.998,0.998,0.98,0.98,0.95,25.62,0
129.55,6.508,-0.012,0.011,0.979,0.98,-0.02,-0.02,-0.07,25.6,0
134.4,6.603,0.005,0.027,0.991,0.991,-0.24,-0.24,-0.3,25.49,0
124.7,6.343,0.022,0.043,1.003,1.005,0.57,0.57,0.5,25.38,0
142.47,7.023,0.004,0.025,0.982,0.982,-0.14,-0.14,-0.23,25.35,0
141.37,7.008,-0.037,-0.018,0.937,0.938,0.77,0.77,0.67,25.46,0
181.59,9.1,0.007,0.025,0.979,0.979,0.42,0.42,0.31,25.45,0
169.84,8.558,0.01,0.026,0.979,0.979,-0.37,-0.37,-0.49,25.34,0
179.22,9.118,0.006,0.021,0.974,0.974,0.19,0.19,0.04,25.42,0
196.58,9.871,0.022,0.034,0.988,0.989,1.2,1.2,1.04,25.52,0
198.81,9.948,-0.009,0.001,0.957,0.958,0.46,0.46,0.29,25.36,0
210.95,10.522,-0.011,-0.003,0.956,0.956,0.38,0.38,0.2,25.51,0
223.77,11.159,-0.005,0.0,0.963,0.963,-0.76,-0.76,-0.96,25.25,0
237.35,11.718,-0.005,-0.002,0.964,0.965,0.25,0.25,0.04,25.29,0
255.91,12.772,-0.015,-0.015,0.957,0.957,-0.36,-0.36,-0.59,25.21,0
242.14,12.087,-0.019,-0.022,0.956,0.956,0.16,0.16,-0.08,25.42,0
260.55,12.942,0.007,0.002,0.985,0.985,0.68,0.68,0.43,25.33,0
243.33,12.394,-0.006,-0.014,0.976,0.976,1.21,1.21,0.94,25.35,0
258.2,12.864,0.004,-0.006,0.99,0.99,-0.03,-0.03,-0.31,25.2,0
244.27,12.151,0.038,0.025,1.028,1.029,-0.16,-0.16,-0.45,25.33,0
257.2,12.889,0.029,0.014,1.024,1.024,0.57,0.57,0.26,25.36,0
222.67,11.065,0.041,0.023,1.039,1.04,0.8,0.8,0.49,25.26,0
226.44,11.414,-0.003,-0.023,1.0,1.0,-0.3,-0.3,-0.63,25.16,0
199.81,9.974,-0.002,-0.024,1.004,1.004,-0.39,-0.39,-0.73,25.33,0
207.08,10.437,-0.015,-0.039,0.994,0.995,0.56,0.56,0.21,25.21,0
183.58,9.188,0.015,-0.01,1.028,1.028,-0.14,-0.14,-0.5,25.3,0
185.84,9.285,-0.004,-0.03,1.012,1.012,0.07,0.07,-0.3,25.06,0
162.53,8.108,-0.024,-0.052,0.994,0.995,-0.19,-0.19,-0.57,25.29,0
137.04,6.963,-0.009,-0.037,1.01,1.011,0.13,0.13,-0.26,25.16,0
139.38,7.023,0.007,-0.021,1.028,1.028,0.49,0.49,0.09,25.19,0
125.76,6.302,0.025,-0.004,1.046,1.046,-0.15,-0.15,-0.56,25.22,0
129.01,6.425,0.029,0.0,1.05,1.05,0.54,0.54,0.13,25.18,0
118.94,5.893,0.044,0.016,1.064,1.065,0.71,0.71,0.28,25.34,0
126.59,6.365,0.025,-0.002,1.044,1.044,-0.52,-0.52,-0.95,25.16,0
129.33,6.429,0.022,-0.004,1.039,1.039,-0.14,-0.14,-0.58,25.18,0
135.48,6.773,-0.023,-0.048,0.992,0.993,0.5,0.5,0.05,25.1,0
134.93,6.821,0.009,-0.014,1.021,1.021,0.49,0.49,0.03,25.05,0
146.77,7.316,-0.007,-0.029,1.001,1.002,0.33,0.33,-0.13,25.31,0
149.3,7.608,-0.004,-0.024,1.001,1.001,0.72,0.72,0.26,25.13,0
169.12,8.372,-0.008,-0.026,0.993,0.993,0.43,0.43,-0.04,25.01,0
195.79,9.876,-0.019,-0.034,0.979,0.98,0.62,0.62,0.14,25.15,0
211.42,10.423,0.024,0.012,1.018,1.018,-0.36,-0.36,-0.84,25.09,0
218.01,10.874,0.007,-0.003,0.997,0.997,0.45,0.45,-0.04,25.07,0
223.47,11.095,-0.006,-0.013,0.981,0.981,-0.13,-0.13,-0.62,25.13,0
238.59,11.985,-0.04,-0.044,0.944,0.945,0.89,0.89,0.4,24.93,0
238.58,11.83,-0.013,-0.014,0.968,0.968,-0.45,-0.45,-0.94,25.17,0
241.38,12.045,0.023,0.025,1.002,1.002,-0.15,-0.15,-0.65,25.21,0
258.79,12.97,-0.039,-0.034,0.938,0.939,-0.55,-0.55,-1.05,25.07,0
242.44,12.109,-0.017,-0.009,0.959,0.959,-0.57,-0.57,-1.07,25.12,0
243.3,12.142,-0.008,0.003,0.967,0.967,-0.54,-0.54,-1.04,25.04,0
231.68,11.624,-0.003,0.01,0.972,0.972,-0.21,-0.21,-0.71,25.18,0
241.31,12.129,-0.005,0.011,0.97,0.97,0.48,0.48,-0.02,25.01,0
229.18,11.403,0.014,0.032,0.99,0.991,0.22,0.22,-0.28,25.09,0
233.36,11.608,-0.024,-0.003,0.955,0.955,0.4,0.4,-0.1,25.27,0
214.74,10.809,-0.018,0.005,0.963,0.963,0.21,0.21,-0.29,25.02,0
211.85,10.529,0.015,0.039,0.999,1.0,-0.37,-0.37,-0.86,24.81,0
207.89,10.37,-0.042,-0.016,0.945,0.946,-0.56,-0.56,-1.06,24.98,0
166.98,8.439,0.003,0.03,0.994,0.994,0.31,0.31,-0.18,24.94,0
172.46,8.53,-0.009,0.02,0.987,0.987,0.41,0.41,-0.08,25.0,0
152.37,7.574,0.019,0.048,1.019,1.02,0.25,0.25,-0.23,24.89,0
126.22,6.393,-0.031,-0.001,0.974,0.975,0.29,0.29,-0.19,24.82,0
119.12,5.917,-0.01,0.02,1.0,1.0,-0.14,-0.14,-0.62,24.89,0
126.95,6.384,-0.001,0.029,1.013,1.014,0.45,0.45,-0.02,24.92,0
131.29,6.599,-0.015,0.014,1.004,1.004,-0.02,-0.02,-0.48,24.71,0
129.15,6.307,0.001,0.029,1.023,1.024,-0.46,-0.46,-0.92,24.8,0
128.61,6.484,0.029,0.056,1.055,1.057,0.66,0.66,0.2,24.94,0
125.32,6.191,0.009,0.035,1.039,1.04,0.1,0.1,-0.35,24.81,0
140.72,6.994,0.035,0.06,1.068,1.071,-0.14,-0.14,-0.58,24.99,0
151.48,7.529,-0.019,0.003,1.016,1.017,1.4,1.4,0.97,24.7,0
162.31,8.058,0.008,0.028,1.044,1.045,-0.36,-0.36,-0.78,24.71,0
164.68,8.178,-0.026,-0.008,1.012,1.012,-0.66,-0.66,-1.08,24.64,0
177.85,8.816,-0.013,0.003,1.025,1.025,0.5,0.5,0.09,25.02,0
187.63,9.385,0.01,0.023,1.048,1.048,0.97,0.97,0.57,24.77,0
203.16,10.173,0.006,0.017,1.043,1.043,0.35,0.35,-0.04,24.74,0
210.37,10.572,0.004,0.011,1.039,1.039,0.45,0.45,0.07,24.77,0
240.23,11.922,-0.018,-0.013,1.015,1.015,0.2,0.2,-0.17,24.72,0
229.12,11.471,-0.019,-0.017,1.01,1.01,0.38,0.38,0.02,24.64,0
252.36,12.58,-0.004,-0.005,1.021,1.021,-0.32,-0.32,-0.67,24.76,0
268.44,13.456,0.024,0.02,1.045,1.045,-0.59,-0.59,-0.93,24.66,0
257.33,12.937,-0.011,-0.017,1.005,1.006,1.28,1.28,0.95,24.83,0
249.24,12.367,0.005,-0.003,1.017,1.017,0.98,0.98,0.66,24.6,0
250.85,12.586,0.014,0.003,1.021,1.021,0.72,0.72,0.41,24.88,0
242.71,12.005,0.031,0.018,1.033,1.033,0.54,0.54,0.25,24.85,0
237.99,11.801,0.003,-0.013,0.999,0.999,-0.1,-0.1,-0.38,24.64,0
215.59,10.811,0.015,-0.003,1.005,1.005,-1.12,-1.12,-1.39,24.73,0
227.6,11.41,0.019,-0.001,1.004,1.004,-0.38,-0.38,-0.64,24.67,0
204.97,10.205,0.018,-0.003,0.999,0.999,-0.58,-0.58,-0.82,24.46,0
190.45,9.527,-0.005,-0.028,0.971,0.972,0.55,0.55,0.32,24.59,0
181.35,8.973,0.016,-0.008,0.989,0.989,-0.13,-0.13,-0.34,24.78,0
164.58,8.352,0.005,-0.019,0.975,0.975,0.32,0.32,0.12,24.67,0
149.82,7.462,-0.025,-0.05,0.942,0.944,-0.9,-0.9,-1.09,24.73,0
151.79,7.44,0.03,0.005,0.995,0.995,0.11,0.11,-0.07,24.79,0
136.92,6.833,-0.016,-0.042,0.947,0.948,-0.14,-0.14,-0.3,24.45,0
110.87,5.612,0.004,-0.021,0.967,0.967,-0.72,-0.72,-0.87,24.6,0
139.32,6.874,0.014,-0.01,0.978,0.978,-0.82,-0.82,-0.96,24.66,0
130.32,6.454,-0.036,-0.06,0.928,0.93,-0.59,-0.59,-0.7,24.62,0
131.85,6.596,0.017,-0.005,0.983,0.983,0.26,0.26,0.16,24.76,0
132.67,6.639,-0.016,-0.037,0.952,0.952,0.33,0.33,0.25,24.43,0
129.66,6.504,-0.008,-0.028,0.962,0.963,-0.07,-0.07,-0.14,24.58,0
138.71,7.02,0.004,-0.014,0.978,0.978,0.1,0.1,0.04,24.46,0
153.75,7.648,-0.035,-0.051,0.943,0.945,0.12,0.12,0.08,24.47,0
157.57,7.828,0.013,-0.001,0.995,0.995,0.55,0.55,0.52,24.42,0
167.36,8.265,-0.021,-0.033,0.965,0.966,-0.35,-0.35,-0.36,24.38,0
199.6,10.076,0.038,0.028,1.028,1.029,-0.03,-0.03,-0.03,24.34,0
206.48,10.277,-0.038,-0.045,0.957,0.959,0.15,0.15,0.17,24.25,0
209.6,10.556,0.042,0.037,1.041,1.043,-0.34,-0.34,-0.31,24.52,0
209.21,10.55,-0.036,-0.039,0.968,0.969,-0.14,-0.14,-0.09,24.4,0
249.01,12.439,0.031,0.03,1.039,1.04,0.09,0.09,0.15,24.22,0
234.63,11.673,0.003,0.005,1.015,1.015,0.25,0.25,0.32,24.45,0
236.4,11.817,0.009,0.013,1.024,1.024,0.77,0.77,0.86,24.52,0
248.52,12.478,0.025,0.031,1.043,1.043,-0.46,-0.46,-0.35,24.51,0
258.84,12.884,0.016,0.024,1.036,1.037,-0.07,-0.07,0.05,24.48,0
250.34,12.504,-0.002,0.007,1.02,1.02,-0.69,-0.69,-0.56,24.39,0
244.39,12.098,0.008,0.019,1.031,1.031,0.65,0.65,0.79,24.52,0
246.63,12.465,0.026,0.038,1.05,1.051,-0.65,-0.65,-0.49,24.5,0
225.79,11.289,0.024,0.038,1.048,1.049,-0.82,-0.82,-0.64,24.46,0
224.36,11.239,-0.021,-0.006,1.002,1.002,-0.57,-0.57,-0.38,24.34,0
221.91,11.007,-0.013,0.003,1.008,1.008,-0.51,-0.51,-0.3,24.37,0
200.17,10.148,0.001,0.018,1.021,1.021,-0.33,-0.33,-0.11,24.33,0
176.24,8.644,0.007,0.024,1.024,1.025,0.78,0.78,1.01,24.22,0
183.5,9.106,-0.006,0.011,1.008,1.008,-0.55,-0.55,-0.3,24.4,0
164.32,8.229,-0.026,-0.009,0.986,0.986,0.49,0.49,0.75,24.25,0
141.79,7.076,-0.016,0.001,0.992,0.992,-0.08,-0.08,0.19,24.21,0
135.06,6.813,0.018,0.034,1.022,1.023,-0.11,-0.11,0.18,24.36,0
143.87,7.198,-0.022,-0.006,0.979,0.979,-0.45,-0.45,-0.16,24.35,0
132.19,6.639,-0.011,0.004,0.986,0.986,0.46,0.46,0.77,24.18,0
139.03,6.981,-0.018,-0.004,0.976,0.976,-0.14,-0.14,0.18,24.18,0
138.13,6.878,-0.009,0.004,0.981,0.981,-0.42,-0.42,-0.09,24.35,0
122.06,6.098,-0.016,-0.005,0.97,0.971,-0.67,-0.67,-0.33,24.19,0
133.76,6.614,0.016,0.027,1.0,1.001,-0.29,-0.29,0.06,24.2,0
137.95,6.938,-0.013,-0.004,0.969,0.969,0.25,0.25,0.61,24.22,0
151.52,7.586,0.024,0.032,1.004,1.005,-0.14,-0.14,0.23,24.31,0
168.22,8.33,-0.021,-0.015,0.957,0.958,-0.22,-0.22,0.16,24.37,0
172.86,8.643,-0.018,-0.014,0.96,0.96,-0.35,-0.35,0.04,24.23,0
180.41,9.023,-0.047,-0.044,0.931,0.933,-0.5,-0.5,-0.1,24.24,0
203.93,10.226,-0.01,-0.009,0.969,0.969,-0.04,-0.04,0.37,24.21,0
207.19,10.351,-0.013,-0.014,0.967,0.967,-0.77,-0.77,-0.35,24.25,0
221.72,11.071,0.041,0.038,1.022,1.024,0.42,0.42,0.84,24.11,0
234.46,11.717,0.017,0.013,1.001,1.001,-0.56,-0.56,-0.13,24.18,0
247.0,12.298,-0.01,-0.015,0.976,0.976,0.31,0.31,0.76,24.16,0
249.3,12.334,-0.032,-0.038,0.958,0.96,0.46,0.46,0.91,24.24,0
258.07,12.887,-0.007,-0.014,0.987,0.987,0.63,0.63,1.08,23.97,0
267.43,13.457,-0.034,-0.042,0.964,0.965,0.72,0.72,1.18,24.14,0
264.25,13.067,-0.026,-0.036,0.975,0.976,-0.16,-0.16,0.3,24.03,0
262.84,13.055,-0.007,-0.016,0.999,1.0,0.25,0.25,0.72,24.16,0
234.71,11.826,-0.001,-0.012,1.009,1.009,-0.18,-0.18,0.3,24.13,0
223.86,11.278,-0.012,-0.022,1.003,1.003,-0.73,-0.73,-0.25,24.26,0
232.52,11.536,0.004,-0.006,1.023,1.023,0.34,0.34,0.83,24.07,0
205.59,10.258,-0.002,-0.012,1.021,1.021,-0.84,-0.84,-0.35,24.07,0
215.39,10.845,0.007,-0.003,1.033,1.033,0.13,0.13,0.62,23.91,0
200.18,10.011,-0.003,-0.012,1.026,1.027,-0.79,-0.79,-0.3,24.09,0
169.44,8.465,-0.013,-0.022,1.019,1.019,-0.28,-0.28,0.22,24.05,0
160.94,8.042,-0.028,-0.037,1.005,1.006,-0.15,-0.15,0.35,23.96,0
144.62,7.193,-0.009,-0.016,1.026,1.026,0.95,0.95,1.44,24.05,0
140.48,7.14,-0.022,-0.029,1.013,1.014,0.2,0.2,0.7,23.89,0
137.6,6.797,0.0,-0.005,1.036,1.036,-0.53,-0.53,-0.03,23.97,0
122.02,6.342,-0.002,-0.006,1.032,1.032,0.43,0.43,0.93,24.12,0
120.18,5.955,-0.031,-0.034,1.001,1.002,0.94,0.94,1.44,23.87,0
122.23,6.148,-0.005,-0.007,1.025,1.025,0.38,0.38,0.88,23.91,0
112.41,5.495,-0.014,-0.014,1.014,1.014,0.99,0.99,1.49,23.96,0
141.79,7.083,0.022,0.023,1.046,1.047,0.05,0.05,0.54,23.83,0
129.76,6.629,0.017,0.02,1.038,1.038,-0.36,-0.36,0.14,23.87,0
150.1,7.613,-0.002,0.002,1.014,1.014,-0.88,-0.88,-0.39,23.95,0
139.43,6.957,-0.03,-0.024,0.981,0.982,0.63,0.63,1.11,24.04,0
169.21,8.387,0.023,0.03,1.029,1.03,0.74,0.74,1.22,23.92,0
179.2,8.835,-0.008,-0.0,0.993,0.993,0.23,0.23,0.71,23.97,0
179.74,9.033,0.022,0.031,1.018,1.018,-0.25,-0.25,0.23,23.86,0
200.6,9.967,0.026,0.036,1.016,1.017,-0.28,-0.28,0.19,23.68,0
222.58,11.082,0.036,0.046,1.021,1.023,0.56,0.56,1.02,23.89,0
241.66,12.087,-0.001,0.01,0.98,0.98,-0.51,-0.51,-0.05,23.85,0
234.72,11.81,-0.012,-0.0,0.964,0.964,-0.25,-0.25,0.2,23.83,0
233.22,11.736,-0.019,-0.007,0.953,0.953,-0.07,-0.07,0.37,23.8,0
237.81,12.052,-0.001,0.011,0.968,0.968,0.26,0.26,0.69,23.94,0
256.95,12.88,0.022,0.034,0.988,0.989,0.71,0.71,1.15,23.99,0
268.07,13.331,0.005,0.017,0.968,0.968,0.67,0.67,1.09,23.74,0
251.61,12.574,-0.019,-0.008,0.943,0.943,0.69,0.69,1.11,23.9,0
237.48,11.979,-0.026,-0.015,0.935,0.936,-0.04,-0.04,0.37,23.67,0
234.32,11.585,0.02,0.03,0.981,0.982,0.23,0.23,0.63,23.68,0
230.84,11.551,0.019,0.028,0.98,0.981,-0.32,-0.32,0.06,23.75,0
235.77,11.68,0.029,0.037,0.992,0.993,-0.62,-0.62,-0.24,23.84,0
197.89,9.839,0.024,0.03,0.988,0.989,0.29,0.29,0.66,23.95,0
206.77,10.367,0.03,0.035,0.997,0.998,-0.36,-0.36,0.0,23.94,0
174.91,8.647,0.014,0.018,0.985,0.985,0.25,0.25,0.6,23.72,0
173.57,8.688,0.033,0.035,1.007,1.008,-0.5,-0.5,-0.17,23.66,0
149.75,7.524,0.003,0.003,0.981,0.981,0.24,0.24,0.57,23.7,0
172.37,8.568,-0.004,-0.006,0.978,0.978,-0.39,-0.39,-0.07,23.64,0
136.39,6.756,-0.011,-0.014,0.977,0.977,1.61,1.61,1.92,23.55,0
121.32,6.009,-0.005,-0.01,0.987,0.987,-0.04,-0.04,0.25,23.64,0
132.54,6.586,-0.002,-0.009,0.995,0.995,-0.34,-0.34,-0.06,23.74,0
131.16,6.55,0.009,-0.0,1.01,1.01,-0.86,-0.86,-0.6,23.65,0
120.68,5.936,0.031,0.02,1.038,1.038,-0.38,-0.38,-0.12,23.58,0
132.64,6.484,0.014,0.002,1.025,1.025,-0.5,-0.5,-0.26,23.72,0
130.52,6.607,0.045,0.031,1.059,1.061,-0.22,-0.22,0.01,23.62,0
139.27,6.98,-0.005,-0.02,1.013,1.013,0.21,0.21,0.43,23.67,0
141.19,7.043,-0.03,-0.046,0.992,0.993,0.68,0.68,0.88,23.71,0
171.7,8.686,-0.041,-0.058,0.983,0.986,0.17,0.17,0.36,23.65,0
163.9,8.243,-0.005,-0.024,1.02,1.021,1.03,1.03,1.2,23.45,0
193.57,9.618,-0.034,-0.053,0.993,0.995,-0.04,-0.04,0.12,23.6,0
200.4,10.062,-0.012,-0.032,1.015,1.015,-0.7,-0.7,-0.56,23.65,0
215.38,10.905,0.005,-0.015,1.032,1.032,0.01,0.01,0.14,23.46,0
217.57,10.909,-0.007,-0.027,1.019,1.02,0.39,0.39,0.51,23.56,0
245.96,12.344,-0.019,-0.039,1.006,1.007,0.56,0.56,0.66,23.24,0
247.32,12.31,0.013,-0.007,1.036,1.036,0.17,0.17,0.25,23.62,0
260.81,12.901,0.042,0.023,1.063,1.064,-0.66,-0.66,-0.59,23.48,0
246.44,12.407,-0.014,-0.031,1.004,1.005,-1.1,-1.1,-1.05,23.49,0
247.65,12.44,-0.042,-0.059,0.973,0.975,-0.86,-0.86,-0.82,23.73,0
268.68,13.514,0.035,0.02,1.046,1.047,0.4,0.4,0.43,23.55,0
247.94,12.395,0.01,-0.003,1.018,1.018,0.02,0.02,0.03,23.53,0
264.35,13.15,0.012,0.0,1.016,1.016,0.3,0.3,0.29,23.5,0
232.37,11.524,0.007,-0.002,1.007,1.007,-0.3,-0.3,-0.32,23.59,0
224.12,11.224,-0.011,-0.019,0.985,0.985,-0.15,-0.15,-0.18,23.49,0
216.82,10.803,-0.011,-0.016,0.982,0.982,0.13,0.13,0.08,23.34,0
207.39,10.331,-0.018,-0.021,0.972,0.972,-0.33,-0.33,-0.4,23.41,0
171.82,8.598,0.011,0.011,0.998,0.998,0.43,0.43,0.35,23.38,0
161.25,8.028,-0.027,-0.026,0.957,0.958,-0.45,-0.45,-0.54,23.51,0
169.0,8.489,-0.01,-0.006,0.972,0.972,0.46,0.46,0.35,23.4,0
153.35,7.591,-0.039,-0.033,0.941,0.943,0.92,0.92,0.79,23.37,0
145.12,7.33,-0.0,0.009,0.98,0.98,-0.15,-0.15,-0.29,23.43,0
138.1,6.806,-0.004,0.007,0.975,0.975,-0.1,-0.1,-0.25,23.46,0
147.29,7.269,-0.02,-0.006,0.961,0.961,-0.6,-0.6,-0.76,23.36,0
121.88,6.069,-0.021,-0.004,0.961,0.961,0.54,0.54,0.36,23.4,0
130.16,6.567,-0.042,-0.024,0.94,0.942,0.02,0.02,-0.17,23.36,0
131.27,6.668,-0.001,0.019,0.984,0.984,-0.6,-0.6,-0.81,23.21,0
125.17,6.214,-0.005,0.016,0.982,0.982,0.1,0.1,-0.12,23.35,0
149.92,7.458,0.002,0.025,0.992,0.992,-0.53,-0.53,-0.77,23.28,0
145.2,7.265,-0.0,0.024,0.994,0.994,-0.11,-0.11,-0.36,23.38,0
163.32,8.045,0.028,0.053,1.025,1.027,-0.2,-0.2,-0.46,23.44,0
156.38,7.925,0.013,0.04,1.015,1.016,0.26,0.26,-0.02,23.36,0
196.14,9.707,-0.033,-0.006,0.973,0.973,-1.12,-1.12,-1.4,23.25,0
195.53,9.788,-0.032,-0.005,0.978,0.978,0.05,0.05,-0.25,23.35,0
212.63,10.638,-0.008,0.019,1.006,1.006,0.43,0.43,0.12,23.4,0
212.8,10.655,-0.042,-0.015,0.976,0.977,0.74,0.74,0.42,23.24,0
230.81,11.35,-0.033,-0.007,0.988,0.989,-0.38,-0.38,-0.71,23.41,0
235.27,11.658,-0.002,0.023,1.022,1.022,0.51,0.51,0.17,23.5,0
255.62,12.723,-0.017,0.008,1.01,1.01,0.4,0.4,0.05,23.3,0
258.86,12.945,0.015,0.038,1.044,1.044,-0.61,-0.61,-0.98,23.25,0
252.56,12.722,0.0,0.021,1.031,1.031,-0.31,-0.31,-0.68,23.26,0
254.07,12.757,0.015,0.034,1.046,1.047,0.71,0.71,0.32,23.19,0
233.42,11.568,0.006,0.023,1.037,1.037,0.36,0.36,-0.04,23.25,0
256.92,12.907,0.023,0.037,1.054,1.055,-0.84,-0.84,-1.24,23.27,0
222.49,11.205,0.012,0.024,1.042,1.042,0.26,0.26,-0.15,23.15,0
230.4,11.497,0.015,0.025,1.044,1.044,-0.2,-0.2,-0.62,23.29,0
220.24,10.982,-0.037,-0.03,0.989,0.99,-0.21,-0.21,-0.64,23.29,0
210.49,10.599,0.025,0.029,1.048,1.049,0.04,0.04,-0.4,23.17,0
175.97,8.92,-0.016,-0.015,1.004,1.004,0.89,0.89,0.44,23.16,0
176.86,8.989,-0.029,-0.031,0.987,0.988,0.61,0.61,0.16,23.29,0
182.52,9.121,0.033,0.028,1.044,1.045,0.51,0.51,0.05,23.24,0
160.64,8.079,0.013,0.005,1.019,1.019,0.16,0.16,-0.3,23.11,0
144.92,7.227,0.018,0.008,1.02,1.02,-0.49,-0.49,-0.95,23.26,0
138.38,6.89,0.014,0.0,1.01,1.01,0.39,0.39,-0.08,23.17,0
141.72,6.981,-0.0,-0.016,0.991,0.991,0.32,0.32,-0.15,23.22,0
120.16,6.025,0.029,0.01,1.015,1.015,0.2,0.2,-0.29,23.04,0
133.77,6.581,0.013,-0.008,0.994,0.994,0.2,0.2,-0.29,23.17,0
120.7,5.972,-0.0,-0.023,0.977,0.977,-0.56,-0.56,-1.05,23.2,0
146.01,7.278,0.03,0.005,1.003,1.003,-0.78,-0.78,-1.27,23.04,0
139.99,7.039,0.019,-0.008,0.988,0.988,-0.84,-0.84,-1.33,23.11,0
147.58,7.36,0.01,-0.018,0.976,0.976,0.22,0.22,-0.27,23.24,0
163.03,8.163,-0.006,-0.034,0.958,0.958,-0.42,-0.42,-0.92,23.16,0
164.39,8.264,-0.008,-0.037,0.954,0.954,-0.5,-0.5,-1.0,23.08,0
173.07,8.689,-0.018,-0.048,0.942,0.943,0.01,0.01,-0.49,23.1,0
196.32,9.726,0.011,-0.019,0.971,0.972,-0.31,-0.31,-0.81,23.02,0
218.32,10.799,-0.035,-0.065,0.926,0.929,0.07,0.07,-0.43,23.25,0
224.65,11.247,-0.005,-0.034,0.957,0.957,0.16,0.16,-0.34,23.11,0
227.71,11.457,0.0,-0.029,0.963,0.964,0.09,0.09,-0.41,23.11,0
231.97,11.625,0.001,-0.027,0.967,0.967,-0.03,-0.03,-0.52,23.07,0
223.86,11.206,0.024,-0.003,0.992,0.993,-0.05,-0.05,-0.55,23.01,0
253.3,12.577,0.009,-0.016,0.981,0.981,-0.63,-0.63,-1.12,23.1,0
245.24,12.322,-0.016,-0.039,0.96,0.961,0.31,0.31,-0.18,23.11,0
237.86,11.956,-0.001,-0.022,0.98,0.98,0.61,0.61,0.12,23.06,0
245.16,12.19,0.006,-0.013,0.991,0.991,0.19,0.19,-0.29,22.93,0
260.78,13.071,0.012,-0.004,1.003,1.003,-0.57,-0.57,-1.05,22.98,0
233.91,11.838,-0.004,-0.017,0.992,0.992,0.48,0.48,0.01,23.04,0
233.09,11.741,-0.016,-0.027,0.984,0.985,-0.11,-0.11,-0.58,23.09,0
227.86,11.56,-0.004,-0.012,1.002,1.002,0.34,0.34,-0.13,23.0,0
200.58,10.042,-0.012,-0.017,0.999,0.999,-0.82,-0.82,-1.27,23.1,0
181.52,9.086,0.001,-0.001,1.016,1.016,0.12,0.12,-0.33,22.83,0
186.51,9.209,-0.006,-0.005,1.013,1.013,0.44,0.44,0.0,23.0,0
183.45,9.043,-0.014,-0.011,1.008,1.009,-0.24,-0.24,-0.67,22.89,0
166.27,8.344,0.029,0.036,1.055,1.056,-0.13,-0.13,-0.56,23.01,0
159.99,7.916,0.009,0.019,1.038,1.038,0.15,0.15,-0.27,22.88,0
142.95,7.292,0.039,0.051,1.069,1.071,0.18,0.18,-0.24,23.01,0
126.04,6.271,-0.023,-0.009,1.008,1.008,-0.45,-0.45,-0.85,23.03,0
126.24,6.281,-0.023,-0.006,1.008,1.009,0.77,0.77,0.37,22.95,0
131.51,6.668,-0.024,-0.005,1.008,1.008,-0.42,-0.42,-0.8,22.91,0
138.73,6.888,0.018,0.039,1.048,1.049,0.75,0.75,0.38,22.99,0
131.92,6.555,0.037,0.059,1.066,1.068,-0.17,-0.17,-0.54,23.09,0
132.02,6.515,-0.038,-0.014,0.988,0.989,0.55,0.55,0.19,22.94,0
129.97,6.541,-0.04,-0.015,0.984,0.985,-0.1,-0.1,-0.44,22.96,0
154.59,7.824,-0.034,-0.008,0.987,0.988,0.9,0.9,0.56,22.84,0
151.94,7.591,-0.026,0.0,0.991,0.992,0.39,0.39,0.07,22.84,0
178.64,8.906,-0.064,-0.037,0.95,0.953,0.36,0.36,0.05,22.94,0
190.11,9.446,-0.037,-0.01,0.973,0.973,-0.79,-0.79,-1.09,22.93,0
194.04,9.764,-0.003,0.024,1.003,1.003,0.18,0.18,-0.11,22.82,0
209.38,10.43,-0.013,0.013,0.989,0.989,-0.11,-0.11,-0.38,22.98,0
220.47,11.037,0.012,0.038,1.01,1.011,-0.08,-0.08,-0.34,22.83,0
229.99,11.449,-0.007,0.018,0.988,0.988,-0.21,-0.21,-0.46,22.92,0
244.12,12.155,-0.063,-0.04,0.928,0.931,-0.68,-0.68,-0.91,22.6,0
253.73,12.676,-0.035,-0.013,0.953,0.953,-0.58,-0.58,-0.8,23.0,0
248.73,12.517,0.015,0.035,1.0,1.001,-0.49,-0.49,-0.7,22.83,0
251.9,12.726,-0.008,0.01,0.975,0.975,0.37,0.37,0.18,22.94,0
255.92,12.763,0.027,0.043,1.008,1.009,-0.88,-0.88,-1.07,22.94,0
253.95,12.665,0.008,0.022,0.988,0.989,-0.78,-0.78,-0.95,22.88,0
254.14,12.697,-0.031,-0.02,0.949,0.949,0.2,0.2,0.05,22.85,0
237.72,11.907,-0.03,-0.021,0.95,0.95,-0.94,-0.94,-1.08,22.79,0
206.42,10.379,-0.016,-0.009,0.965,0.965,-0.46,-0.46,-0.59,22.78,0
233.64,11.658,-0.015,-0.01,0.967,0.968,-0.8,-0.8,-0.91,23.0,0
210.32,10.472,-0.006,-0.004,0.978,0.978,-1.14,-1.14,-1.24,22.65,0
189.94,9.646,-0.034,-0.035,0.952,0.954,-0.27,-0.27,-0.35,22.84,0
173.88,8.654,-0.011,-0.014,0.979,0.979,-0.31,-0.31,-0.37,22.85,0
170.57,8.558,0.015,0.009,1.007,1.007,0.6,0.6,0.55,22.62,0
163.76,8.22,0.009,0.001,1.005,1.005,0.12,0.12,0.09,22.63,0
148.51,7.41,-0.011,-0.02,0.989,0.989,-0.08,-0.08,-0.1,22.91,0
133.23,6.574,0.034,0.023,1.038,1.039,0.26,0.26,0.25,22.73,0
130.92,6.473,-0.009,-0.022,0.998,0.999,-0.2,-0.2,-0.19,22.67,0
128.21,6.191,0.01,-0.005,1.021,1.022,-0.62,-0.62,-0.59,22.77,0
124.46,6.34,0.003,-0.014,1.017,1.017,-0.49,-0.49,-0.46,22.86,0
129.57,6.419,-0.063,-0.08,0.955,0.96,0.8,0.8,0.85,22.92,0
130.68,6.567,0.017,-0.001,1.038,1.038,0.58,0.58,0.65,22.77,0
148.4,7.316,0.022,0.003,1.045,1.045,-1.22,-1.22,-1.14,22.78,0
138.2,7.075,-0.017,-0.036,1.009,1.009,-0.05,-0.05,0.05,22.86,0
164.46,8.16,-0.026,-0.046,1.0,1.002,-0.3,-0.3,-0.19,22.61,0
148.5,7.503,0.041,0.021,1.068,1.069,0.37,0.37,0.49,22.82,0
180.25,9.2,0.006,-0.014,1.033,1.033,0.58,0.58,0.72,22.69,0
200.39,10.072,-0.015,-0.034,1.012,1.012,0.42,0.42,0.57,22.73,0
196.09,9.948,-0.005,-0.023,1.021,1.021,0.28,0.28,0.45,22.46,0
215.01,10.579,-0.012,-0.029,1.012,1.012,0.33,0.33,0.51,22.73,0
221.13,11.058,-0.012,-0.028,1.01,1.01,0.26,0.26,0.46,22.64,0
255.1,12.764,-0.0,-0.015,1.018,1.018,0.11,0.11,0.32,22.56,0
239.95,11.83,0.006,-0.008,1.021,1.021,-0.81,-0.81,-0.58,22.87,0
251.6,12.573,0.014,0.001,1.025,1.025,0.03,0.03,0.27,22.53,0
252.41,12.691,-0.009,-0.02,0.998,0.998,-0.56,-0.56,-0.31,22.65,0
250.58,12.53,0.044,0.034,1.046,1.047,0.61,0.61,0.88,22.71,0
257.7,12.853,0.017,0.01,1.015,1.015,0.19,0.19,0.47,22.71,0
257.8,12.755,0.009,0.003,1.002,1.002,-0.15,-0.15,0.14,22.55,0
249.61,12.378,-0.005,-0.009,0.982,0.982,1.12,1.12,1.42,22.64,0
226.46,11.375,0.013,0.011,0.996,0.997,0.0,0.0,0.31,22.65,0
221.84,11.074,0.012,0.011,0.99,0.99,-0.14,-0.14,0.19,22.77,0
201.81,10.184,-0.018,-0.017,0.956,0.957,0.44,0.44,0.78,22.55,0
204.6,10.245,-0.026,-0.023,0.945,0.945,-0.34,-0.34,0.01,22.68,0
190.87,9.425,0.043,0.047,1.01,1.012,-0.24,-0.24,0.12,22.51,0
163.93,8.314,-0.014,-0.008,0.95,0.951,0.63,0.63,1.0,22.68,0
156.69,7.875,-0.008,-0.0,0.955,0.955,0.12,0.12,0.5,22.69,0
152.62,7.643,0.007,0.016,0.968,0.969,-0.15,-0.15,0.23,22.66,0
152.69,7.668,0.042,0.052,1.003,1.005,-0.2,-0.2,0.2,22.58,0
140.6,6.943,0.026,0.036,0.987,0.988,0.25,0.25,0.66,22.68,0
119.5,5.915,-0.01,0.001,0.951,0.952,0.5,0.5,0.91,22.58,0
110.97,5.586,-0.003,0.009,0.96,0.96,-0.09,-0.09,0.33,22.75,0
120.79,6.032,0.008,0.02,0.974,0.974,-0.23,-0.23,0.2,22.65,0
138.09,6.86,0.052,0.064,1.02,1.024,-0.29,-0.29,0.15,22.75,0
126.41,6.279,-0.001,0.011,0.971,0.971,0.58,0.58,1.03,22.7,0
143.48,7.104,0.032,0.044,1.008,1.01,0.55,0.55,1.0,22.75,0
152.65,7.504,0.014,0.026,0.995,0.995,-0.25,-0.25,0.21,22.7,0
174.35,8.763,0.0,0.011,0.985,0.985,-0.16,-0.16,0.3,22.56,0
182.1,9.227,0.02,0.03,1.01,1.011,0.81,0.81,1.28,22.77,0
186.26,9.344,-0.008,0.001,0.987,0.988,-0.02,-0.02,0.46,22.57,0
207.66,10.342,-0.032,-0.024,0.969,0.97,-0.2,-0.2,0.28,22.65,0
206.51,10.379,-0.037,-0.03,0.969,0.97,-1.05,-1.05,-0.56,22.58,0
208.06,10.271,0.005,0.011,1.016,1.016,0.54,0.54,1.03,22.57,0
228.85,11.358,-0.002,0.003,1.014,1.014,-0.35,-0.35,0.14,22.49,0
228.67,11.475,-0.007,-0.004,1.013,1.013,-0.11,-0.11,0.38,22.69,0
245.32,12.232,0.007,0.008,1.031,1.031,0.58,0.58,1.07,22.6,0
238.04,11.92,-0.018,-0.018,1.01,1.01,-0.48,-0.48,0.01,22.54,0
246.13,12.251,-0.032,-0.033,0.999,1.0,0.27,0.27,0.77,22.74,0
263.96,13.24,-0.002,-0.005,1.03,1.03,0.42,0.42,0.92,22.59,0
240.28,11.976,0.009,0.005,1.043,1.043,0.03,0.03,0.53,22.6,0
234.31,11.676,-0.008,-0.014,1.027,1.027,0.23,0.23,0.73,22.69,0
241.51,12.045,0.013,0.006,1.048,1.048,-0.56,-0.56,-0.06,22.66,0
210.5,10.693,-0.007,-0.014,1.028,1.028,0.61,0.61,1.11,22.73,0
214.58,10.781,-0.015,-0.024,1.018,1.019,0.26,0.26,0.76,22.64,0
189.75,9.499,-0.005,-0.014,1.026,1.026,-0.09,-0.09,0.41,22.53,0
186.38,9.298,0.006,-0.003,1.036,1.036,-0.37,-0.37,0.13,22.48,0
183.53,9.214,-0.02,-0.03,1.007,1.007,0.04,0.04,0.53,22.56,0
158.99,7.991,-0.004,-0.014,1.019,1.019,0.29,0.29,0.78,22.66,0
142.44,7.11,0.008,-0.003,1.027,1.027,0.36,0.36,0.85,22.55,0
136.84,6.818,-0.009,-0.02,1.006,1.006,0.01,0.01,0.49,22.38,0
132.27,6.608,-0.012,-0.022,0.999,0.999,0.55,0.55,1.03,22.75,0
117.62,5.974,0.0,-0.009,1.007,1.007,0.49,0.49,0.96,22.7,0
126.7,6.19,-0.015,-0.024,0.987,0.987,0.35,0.35,0.82,22.48,0
124.16,6.234,-0.051,-0.059,0.947,0.95,0.04,0.04,0.51,22.52,0
123.64,6.26,-0.001,-0.008,0.993,0.993,-0.27,-0.27,0.19,22.64,0
126.92,6.398,-0.023,-0.03,0.967,0.967,-0.77,-0.77,-0.32,22.46,0
152.99,7.638,-0.024,-0.029,0.963,0.964,0.08,0.08,0.53,22.51,0
145.5,7.215,0.007,0.003,0.991,0.991,0.35,0.35,0.78,22.51,0
170.22,8.645,0.006,0.004,0.988,0.988,-0.05,-0.05,0.38,22.6,0
169.27,8.443,0.006,0.005,0.986,0.986,-0.64,-0.64,-0.22,22.57,0
167.31,8.365,-0.013,-0.012,0.965,0.966,0.03,0.03,0.44,22.59,0
198.95,9.935,-0.015,-0.012,0.963,0.963,-0.51,-0.51,-0.11,22.63,0
193.8,9.717,-0.021,-0.017,0.957,0.957,0.18,0.18,0.58,22.6,0
218.25,10.832,-0.012,-0.006,0.967,0.967,-0.46,-0.46,-0.08,22.47,0
229.23,11.551,-0.016,-0.009,0.964,0.964,0.55,0.55,0.92,22.53,0
255.37,12.711,0.003,0.012,0.984,0.984,0.16,0.16,0.52,22.57,0
233.41,11.672,-0.008,0.002,0.976,0.976,0.83,0.83,1.18,22.55,0
249.34,12.349,-0.021,-0.009,0.966,0.966,0.33,0.33,0.67,22.4,0
244.2,12.307,-0.027,-0.014,0.963,0.964,0.44,0.44,0.77,22.57,0
256.33,12.887,0.026,0.04,1.019,1.02,-0.03,-0.03,0.29,22.5,0
247.44,12.214,0.02,0.035,1.017,1.018,0.13,0.13,0.44,22.49,0
250.58,12.362,-0.011,0.005,0.99,0.99,0.92,0.92,1.22,22.65,0
240.51,11.976,-0.005,0.012,1.0,1.0,0.11,0.11,0.39,22.58,0
212.61,10.618,0.022,0.039,1.03,1.031,-0.36,-0.36,-0.09,22.47,0
228.63,11.483,-0.009,0.008,1.002,1.003,0.63,0.63,0.89,22.38,0
208.42,10.552,-0.019,-0.002,0.996,0.996,-0.3,-0.3,-0.05,22.63,0
196.33,9.766,-0.0,0.017,1.017,1.017,1.08,1.08,1.31,22.61,0
185.75,9.23,0.035,0.051,1.054,1.056,1.03,1.03,1.25,22.47,0
177.47,8.86,-0.033,-0.017,0.989,0.989,0.66,0.66,0.86,22.47,0
147.93,7.359,-0.018,-0.003,1.005,1.005,0.27,0.27,0.47,22.37,0
138.46,6.93,0.045,0.058,1.068,1.071,-0.54,-0.54,-0.37,22.38,0
134.08,6.617,0.024,0.037,1.048,1.049,-0.55,-0.55,-0.39,22.6,0
130.12,6.475,-0.003,0.008,1.02,1.02,-0.58,-0.58,-0.43,22.44,0
126.17,6.312,0.022,0.031,1.044,1.045,0.18,0.18,0.31,22.64,0
128.1,6.417,0.055,0.063,1.075,1.078,-0.05,-0.05,0.07,22.59,0
134.09,6.654,0.022,0.028,1.04,1.04,0.37,0.37,0.47,22.6,0
121.45,6.038,0.016,0.019,1.031,1.031,0.04,0.04,0.13,22.53,0
128.15,6.33,0.026,0.028,1.038,1.039,0.82,0.82,0.9,22.44,0
154.77,7.778,-0.017,-0.018,0.991,0.991,-0.43,-0.43,-0.37,22.39,0
138.25,6.911,0.022,0.02,1.026,1.027,0.18,0.18,0.23,22.35,0
170.85,8.519,-0.011,-0.016,0.988,0.989,-0.01,-0.01,0.03,22.35,0
175.13,8.711,0.02,0.012,1.015,1.015,-0.3,-0.3,-0.28,22.48,0
180.9,9.001,0.021,0.012,1.012,1.012,-0.04,-0.04,-0.04,22.5,0
199.12,10.113,-0.025,-0.037,0.961,0.962,0.3,0.3,0.29,22.55,0
215.24,10.851,0.012,-0.002,0.994,0.994,-0.49,-0.49,-0.52,22.6,0
223.91,11.041,0.011,-0.005,0.989,0.989,-0.16,-0.16,-0.2,22.49,0
248.22,12.468,-0.001,-0.019,0.973,0.973,-0.33,-0.33,-0.38,22.31,0
241.78,12.045,0.029,0.009,0.999,1.0,-0.13,-0.13,-0.2,22.51,0
262.33,13.117,-0.002,-0.023,0.966,0.967,0.14,0.14,0.06,22.64,0
242.08,12.051,0.011,-0.011,0.977,0.977,-0.51,-0.51,-0.62,22.52,0
250.31,12.642,0.025,0.001,0.989,0.989,0.05,0.05,-0.06,22.47,0
260.32,12.936,0.03,0.006,0.994,0.994,0.9,0.9,0.77,22.45,0
246.55,12.315,-0.014,-0.038,0.949,0.95,-0.01,-0.01,-0.16,22.59,0
239.4,12.039,-0.003,-0.028,0.961,0.961,-0.2,-0.2,-0.36,22.53,0
244.51,12.248,0.008,-0.017,0.973,0.973,-0.03,-0.03,-0.21,22.61,0
219.19,11.002,-0.001,-0.026,0.966,0.966,0.21,0.21,0.02,22.42,0
208.49,10.491,-0.01,-0.035,0.959,0.96,0.15,0.15,-0.05,22.49,0
199.95,9.803,-0.021,-0.045,0.952,0.953,-0.24,-0.24,-0.45,22.38,0
185.83,9.312,0.025,0.002,1.001,1.002,0.76,0.76,0.53,22.58,0
153.09,7.662,0.03,0.009,1.011,1.011,-0.52,-0.52,-0.76,22.38,0
166.65,8.338,0.017,-0.003,1.002,1.002,-0.07,-0.07,-0.33,22.47,0
157.78,7.969,-0.015,-0.033,0.976,0.976,0.58,0.58,0.31,22.53,0
139.96,7.023,0.014,-0.002,1.009,1.01,0.02,0.02,-0.26,22.38,0
135.39,6.725,-0.044,-0.058,0.956,0.959,-0.12,-0.12,-0.41,22.38,0
134.32,6.641,-0.051,-0.062,0.955,0.959,0.36,0.36,0.05,22.45,0
120.83,5.971,-0.057,-0.067,0.954,0.958,-0.48,-0.48,-0.79,22.57,0
130.52,6.545,0.014,0.008,1.03,1.03,0.55,0.55,0.22,22.45,0
133.32,6.57,-0.003,-0.007,1.018,1.018,-0.1,-0.1,-0.44,22.44,0
145.44,7.194,0.004,0.003,1.029,1.029,0.19,0.19,-0.16,22.63,0
155.2,7.832,0.005,0.007,1.034,1.034,-1.34,-1.34,-1.7,22.58,0
150.82,7.484,0.01,0.015,1.042,1.042,-0.34,-0.34,-0.71,22.31,0
148.75,7.519,0.025,0.032,1.06,1.06,-0.74,-0.74,-1.12,22.41,0
174.53,8.72,-0.008,0.002,1.028,1.028,0.88,0.88,0.49,22.58,0
174.0,8.615,0.015,0.027,1.052,1.053,0.58,0.58,0.18,22.45,0
197.62,9.835,0.007,0.023,1.045,1.046,0.28,0.28,-0.13,22.53,0
218.24,11.049,0.002,0.02,1.04,1.04,0.05,0.05,-0.37,22.63,0
207.21,10.308,-0.03,-0.01,1.007,1.008,-0.49,-0.49,-0.91,22.7,0
213.77,10.825,0.004,0.026,1.039,1.04,-0.4,-0.4,-0.83,22.67,0
239.26,11.981,-0.017,0.007,1.016,1.016,0.11,0.11,-0.33,22.57,0
248.16,12.291,0.005,0.031,1.035,1.036,-0.05,-0.05,-0.5,22.46,0
246.8,12.366,0.019,0.046,1.046,1.047,0.48,0.48,0.02,22.64,0
243.78,12.335,-0.024,0.004,0.999,1.0,0.26,0.26,-0.2,22.47,0
242.73,12.178,0.035,0.064,1.054,1.057,-0.29,-0.29,-0.76,22.47,0
249.89,12.326,-0.061,-0.031,0.954,0.956,0.41,0.41,-0.06,22.48,0
239.95,12.005,-0.013,0.017,0.997,0.997,-0.08,-0.08,-0.56,22.41,0
227.75,11.266,-0.007,0.022,0.998,0.998,0.54,0.54,0.06,22.55,0
232.84,11.784,-0.005,0.025,0.996,0.996,0.56,0.56,0.07,22.6,0
216.84,10.982,0.009,0.037,1.005,1.005,0.66,0.66,0.18,22.45,0
223.59,11.066,-0.012,0.015,0.98,0.98,0.54,0.54,0.05,22.67,0
182.8,8.903,-0.051,-0.025,0.937,0.938,-0.22,-0.22,-0.71,22.39,0
196.69,9.784,0.005,0.03,0.989,0.99,0.31,0.31,-0.19,22.58,0
157.71,7.882,-0.051,-0.028,0.93,0.932,0.62,0.62,0.12,22.63,0
152.22,7.643,0.02,0.041,0.998,1.0,-0.29,-0.29,-0.79,22.57,0
151.8,7.554,0.006,0.024,0.982,0.983,-0.08,-0.08,-0.58,22.44,0
131.71,6.673,-0.002,0.014,0.973,0.973,-0.31,-0.31,-0.81,22.61,0
132.88,6.547,-0.014,-0.001,0.96,0.96,-0.1,-0.1,-0.6,22.62,0
116.36,5.854,-0.016,-0.005,0.959,0.959,0.54,0.54,0.04,22.69,0
124.75,6.252,-0.025,-0.017,0.95,0.951,0.15,0.15,-0.35,22.75,0
128.69,6.371,-0.004,0.001,0.972,0.972,-1.2,-1.2,-1.69,22.58,0
132.82,6.509,0.014,0.016,0.992,0.992,-0.38,-0.38,-0.88,22.67,0
144.68,7.186,0.012,0.011,0.993,0.993,1.02,1.02,0.53,22.62,0
154.66,7.615,-0.014,-0.018,0.969,0.969,-0.39,-0.39,-0.88,22.51,0
153.43,7.887,-0.037,-0.044,0.949,0.951,0.08,0.08,-0.41,22.42,0
154.14,7.847,0.006,-0.003,0.996,0.996,-0.4,-0.4,-0.88,22.8,0
175.34,8.716,-0.003,-0.016,0.99,0.99,-0.99,-0.99,-1.47,22.77,0
187.97,9.281,0.007,-0.008,1.004,1.004,0.74,0.74,0.26,22.44,0
200.68,10.122,0.037,0.02,1.038,1.039,-0.25,-0.25,-0.72,22.6,0
222.74,11.131,-0.017,-0.037,0.987,0.988,-0.34,-0.34,-0.8,22.75,0
233.33,11.606,0.043,0.021,1.051,1.052,0.59,0.59,0.13,22.63,0
237.51,11.852,0.01,-0.014,1.021,1.021,0.03,0.03,-0.42,22.64,0
242.18,12.117,-0.009,-0.034,1.005,1.006,-0.2,-0.2,-0.64,22.61,0
232.79,11.653,-0.056,-0.083,0.96,0.965,-0.23,-0.23,-0.67,22.44,0
250.19,12.618,0.042,0.015,1.061,1.062,0.16,0.16,-0.28,22.64,0
261.31,12.998,-0.005,-0.033,1.015,1.016,-0.82,-0.82,-1.25,22.7,0
250.68,12.539,0.01,-0.018,1.031,1.031,0.04,0.04,-0.37,22.56,0
250.47,12.576,-0.005,-0.033,1.016,1.017,-0.37,-0.37,-0.77,22.81,0
238.03,11.948,0.02,-0.009,1.04,1.041,0.05,0.05,-0.35,22.6,0
226.57,11.2,-0.019,-0.047,1.001,1.002,0.05,0.05,-0.34,22.63,0
225.0,11.139,-0.005,-0.033,1.013,1.013,-0.41,-0.41,-0.8,22.72,0
220.8,11.204,-0.009,-0.035,1.007,1.008,0.12,0.12,-0.25,22.61,0
190.87,9.655,0.005,-0.02,1.018,1.018,-0.04,-0.04,-0.4,22.62,0
180.7,9.176,0.004,-0.02,1.014,1.014,-0.22,-0.22,-0.57,22.68,0
158.56,7.869,0.038,0.016,1.045,1.045,-0.89,-0.89,-1.23,22.56,0
157.13,7.909,-0.028,-0.048,0.975,0.976,0.48,0.48,0.15,22.66,0
139.87,7.017,0.014,-0.003,1.013,1.013,0.04,0.04,-0.28,22.52,0
144.55,7.333,0.009,-0.007,1.003,1.003,-0.49,-0.49,-0.8,22.57,0
132.9,6.617,0.026,0.013,1.017,1.017,-0.2,-0.2,-0.49,22.76,0
125.9,6.411,0.009,-0.001,0.996,0.996,-0.5,-0.5,-0.78,22.82,0
121.96,6.166,0.002,-0.006,0.984,0.984,-0.26,-0.26,-0.53,22.73,0
132.6,6.595,0.009,0.004,0.988,0.988,0.47,0.47,0.21,22.67,0
118.28,5.88,0.028,0.026,1.004,1.004,-0.18,-0.18,-0.43,22.63,0
130.99,6.439,-0.014,-0.014,0.959,0.959,0.44,0.44,0.21,22.56,0
144.37,7.28,0.002,0.005,0.972,0.972,0.85,0.85,0.63,22.64,0
133.52,6.68,0.01,0.015,0.978,0.978,-0.88,-0.88,-1.08,22.69,0
152.42,7.648,0.028,0.036,0.995,0.997,0.5,0.5,0.31,22.68,0
169.09,8.543,0.035,0.045,1.002,1.003,0.35,0.35,0.17,22.81,0
176.55,8.82,0.001,0.014,0.968,0.968,-1.01,-1.01,-1.17,22.62,0
202.04,10.163,-0.015,-0.001,0.953,0.953,0.09,0.09,-0.06,22.66,0
210.0,10.504,0.008,0.024,0.977,0.977,-0.18,-0.18,-0.31,22.66,0
215.76,10.906,0.001,0.019,0.972,0.973,-0.04,-0.04,-0.16,22.74,0
225.96,11.297,-0.01,0.009,0.964,0.964,-0.07,-0.07,-0.17,22.59,0
247.83,12.292,0.012,0.033,0.99,0.991,-0.7,-0.7,-0.79,22.72,0
234.92,11.735,0.01,0.031,0.991,0.991,-0.07,-0.07,-0.14,22.66,0
262.67,13.201,-0.012,0.01,0.974,0.974,-0.07,-0.07,-0.12,22.72,0
257.93,12.993,0.018,0.041,1.009,1.01,-0.99,-0.99,-1.03,22.82,0
249.58,12.462,-0.038,-0.015,0.957,0.958,0.61,0.61,0.59,22.8,0
243.73,12.196,0.002,0.025,1.003,1.003,-0.2,-0.2,-0.21,22.96,0
245.09,12.318,-0.007,0.015,0.999,0.999,0.7,0.7,0.7,22.74,0
226.29,11.337,0.008,0.03,1.019,1.02,0.92,0.92,0.94,22.71,0
212.27,10.676,-0.015,0.006,1.001,1.001,0.41,0.41,0.45,22.83,0
212.82,10.649,0.008,0.028,1.029,1.029,0.03,0.03,0.08,22.9,0
205.7,10.372,-0.008,0.01,1.017,1.017,-0.35,-0.35,-0.29,23.0,0
209.94,10.463,0.01,0.028,1.04,1.04,0.54,0.54,0.61,22.78,0
185.15,9.17,-0.001,0.014,1.031,1.031,-0.02,-0.02,0.07,22.78,0
159.76,8.081,-0.023,-0.009,1.012,1.013,0.18,0.18,0.29,22.67,0
143.03,7.271,0.007,0.019,1.044,1.044,-0.21,-0.21,-0.09,22.79,0
142.43,7.178,-0.021,-0.01,1.018,1.019,0.43,0.43,0.57,22.76,0
145.05,7.275,0.005,0.014,1.045,1.045,0.53,0.53,0.68,22.68,0
139.29,6.958,-0.075,-0.069,0.965,0.97,0.47,0.47,0.63,22.93,0
146.54,7.22,-0.005,-0.001,1.034,1.034,0.46,0.46,0.64,22.94,0
127.53,6.464,0.012,0.015,1.05,1.05,0.19,0.19,0.38,22.85,0
127.21,6.207,-0.041,-0.041,0.995,0.996,-0.1,-0.1,0.1,22.91,0
128.68,6.417,-0.002,-0.004,1.031,1.031,0.47,0.47,0.69,22.82,0
143.25,7.157,-0.023,-0.027,1.006,1.007,-0.04,-0.04,0.19,22.85,0
143.73,7.204,-0.031,-0.037,0.994,0.995,0.31,0.31,0.56,22.86,0
146.49,7.232,-0.03,-0.037,0.991,0.992,-0.12,-0.12,0.14,22.77,0
182.3,9.084,0.001,-0.008,1.017,1.017,0.03,0.03,0.3,22.96,0
179.5,8.866,0.012,0.002,1.024,1.024,0.21,0.21,0.49,22.83,0
196.32,9.734,0.042,0.031,1.049,1.05,0.29,0.29,0.59,22.93,0
187.48,9.256,-0.006,-0.018,0.996,0.996,0.26,0.26,0.57,22.84,0
209.02,10.408,-0.002,-0.015,0.995,0.996,-0.72,-0.72,-0.4,22.81,0
220.22,10.812,0.003,-0.011,0.995,0.995,0.42,0.42,0.76,22.95,0
237.33,11.814,-0.019,-0.033,0.969,0.97,0.2,0.2,0.54,22.84,0
247.3,12.269,0.022,0.008,1.006,1.007,-0.59,-0.59,-0.24,22.91,0
244.6,12.256,0.022,0.008,1.002,1.003,0.73,0.73,1.09,22.86,0
271.57,13.486,0.0,-0.014,0.977,0.977,0.51,0.51,0.88,22.72,0
239.28,11.997,0.036,0.022,1.011,1.011,1.01,1.01,1.39,22.9,0
263.37,13.242,0.027,0.013,0.999,1.0,0.01,0.01,0.4,22.98,0
245.93,12.273,0.012,-0.001,0.983,0.983,0.63,0.63,1.03,23.06,0
232.2,11.606,-0.019,-0.031,0.951,0.952,0.67,0.67,1.08,22.88,0
205.97,10.294,-0.013,-0.024,0.958,0.958,0.21,0.21,0.63,22.78,0
212.71,10.638,-0.041,-0.051,0.93,0.932,-0.42,-0.42,0.01,23.08,0
210.73,10.592,0.012,0.004,0.985,0.985,-0.41,-0.41,0.02,22.72,0
203.0,10.186,0.029,0.022,1.003,1.004,0.14,0.14,0.58,22.95,0
181.24,8.966,0.034,0.029,1.011,1.012,-0.13,-0.13,0.32,22.94,0
162.46,8.146,-0.004,-0.008,0.976,0.976,-0.76,-0.76,-0.3,22.95,0
172.37,8.583,-0.028,-0.03,0.955,0.956,-0.05,-0.05,0.41,23.0,0
138.14,6.801,0.002,0.001,0.989,0.989,-0.26,-0.26,0.21,23.08,0
136.33,6.885,0.021,0.022,1.012,1.012,0.6,0.6,1.07,23.08,0
139.76,6.988,0.006,0.008,1.001,1.001,-0.25,-0.25,0.23,23.04,0
118.65,5.992,0.001,0.004,0.999,0.999,-0.46,-0.46,0.02,22.97,0
107.5,5.388,0.014,0.018,1.016,1.016,-0.38,-0.38,0.11,22.93,0
128.04,6.38,0.001,0.006,1.006,1.007,-0.44,-0.44,0.05,22.86,0
133.48,6.715,0.012,0.019,1.021,1.022,0.54,0.54,1.03,23.0,0
136.22,6.811,-0.013,-0.005,0.999,0.999,0.12,0.12,0.61,22.99,0
149.9,7.511,-0.021,-0.013,0.994,0.994,0.62,0.62,1.11,23.05,0
145.2,7.385,0.024,0.033,1.041,1.042,-0.53,-0.53,-0.03,23.03,0
171.21,8.418,0.011,0.021,1.03,1.03,-0.14,-0.14,0.35,23.06,0
155.23,7.919,-0.012,-0.002,1.008,1.008,-0.18,-0.18,0.32,23.11,0
175.82,8.887,0.049,0.059,1.069,1.071,-0.08,-0.08,0.42,23.3,0
201.62,10.1,-0.002,0.008,1.018,1.018,0.31,0.31,0.81,23.27,0
214.83,10.793,0.002,0.012,1.021,1.021,0.27,0.27,0.77,22.94,0
213.1,10.582,0.03,0.039,1.048,1.049,-0.01,-0.01,0.49,23.12,0
242.99,12.189,0.015,0.024,1.031,1.031,-0.47,-0.47,0.03,23.15,0
254.15,12.726,0.027,0.035,1.041,1.042,-0.26,-0.26,0.23,23.14,0
245.16,12.342,0.0,0.007,1.011,1.011,0.09,0.09,0.58,22.97,0
252.67,12.58,0.022,0.028,1.029,1.03,-0.35,-0.35,0.14,23.39,0
246.54,12.358,-0.021,-0.016,0.982,0.983,0.25,0.25,0.74,22.93,0
242.51,11.95,0.019,0.022,1.018,1.019,0.02,0.02,0.5,23.2,0
248.23,12.577,0.03,0.033,1.026,1.027,-0.34,-0.34,0.14,23.3,0
233.97,11.679,0.017,0.018,1.009,1.009,0.72,0.72,1.19,23.02,0
255.37,12.853,-0.007,-0.008,0.981,0.981,0.75,0.75,1.22,23.15,0
225.67,11.208,-0.018,-0.02,0.967,0.967,-0.25,-0.25,0.22,23.17,0
214.71,10.788,-0.026,-0.029,0.955,0.956,-0.46,-0.46,-0.01,23.18,0
195.53,9.758,-0.011,-0.016,0.967,0.967,-0.49,-0.49,-0.03,23.36,0
177.7,8.913,0.021,0.014,0.996,0.996,-0.33,-0.33,0.12,23.05,0
187.65,9.49,-0.026,-0.034,0.947,0.948,-0.17,-0.17,0.27,23.15,0
160.18,7.992,0.007,-0.002,0.978,0.979,-0.54,-0.54,-0.11,23.33,0
158.65,7.97,0.022,0.012,0.993,0.993,0.24,0.24,0.66,23.19,0
153.29,7.719,0.007,-0.004,0.978,0.978,-0.04,-0.04,0.38,23.31,0
138.13,6.889,0.022,0.01,0.993,0.993,-0.6,-0.6,-0.2,23.18,0
113.27,5.572,-0.028,-0.041,0.944,0.945,-0.47,-0.47,-0.08,23.32,0
123.5,6.121,-0.001,-0.015,0.973,0.973,0.56,0.56,0.95,23.24,0
132.11,6.64,0.01,-0.004,0.986,0.986,0.21,0.21,0.59,23.2,0
135.26,6.752,-0.001,-0.015,0.978,0.978,-0.35,-0.35,0.01,23.31,0
135.71,6.652,0.033,0.018,1.015,1.016,-0.14,-0.14,0.22,23.27,0
151.07,7.498,-0.017,-0.032,0.969,0.97,1.07,1.07,1.41,23.29,0
158.75,7.879,0.014,-0.0,1.004,1.004,-0.06,-0.06,0.28,23.31,0
162.48,8.093,0.017,0.004,1.013,1.013,0.67,0.67,0.99,23.39,0
173.15,8.543,-0.025,-0.037,0.975,0.976,0.28,0.28,0.59,23.26,0
171.49,8.678,-0.023,-0.035,0.982,0.983,0.37,0.37,0.67,23.42,0
205.94,10.361,0.009,-0.001,1.019,1.019,0.05,0.05,0.33,23.34,0
203.81,10.157,-0.011,-0.021,1.003,1.004,0.54,0.54,0.81,23.35,0
221.51,11.149,0.011,0.003,1.03,1.03,0.14,0.14,0.4,23.53,0
228.58,11.433,-0.005,-0.011,1.019,1.019,-0.19,-0.19,0.06,23.46,0
232.52,11.714,-0.024,-0.028,1.004,1.005,0.28,0.28,0.52,23.44,0
235.13,11.683,0.005,0.003,1.037,1.037,-0.16,-0.16,0.06,23.44,0
251.04,12.617,-0.022,-0.023,1.012,1.013,-0.42,-0.42,-0.2,23.35,0
242.86,12.204,-0.028,-0.026,1.009,1.01,-0.33,-0.33,-0.13,23.39,0
256.22,12.732,-0.042,-0.038,0.997,0.999,0.18,0.18,0.36,23.42,0
240.27,11.947,0.006,0.012,1.046,1.046,-0.39,-0.39,-0.22,23.41,0
258.65,12.961,-0.021,-0.013,1.019,1.019,0.58,0.58,0.73,23.34,0
241.89,12.208,-0.007,0.003,1.032,1.032,0.55,0.55,0.69,23.38,0
241.95,12.094,0.001,0.013,1.039,1.04,0.62,0.62,0.75,23.45,0
208.53,10.348,-0.04,-0.026,0.997,0.998,-0.25,-0.25,-0.14,23.42,0
202.38,10.259,-0.022,-0.007,1.012,1.012,-0.0,-0.0,0.09,23.42,0
184.85,9.22,0.011,0.027,1.041,1.041,-0.13,-0.13,-0.05,23.53,0
170.44,8.582,-0.026,-0.008,1.0,1.001,0.11,0.11,0.18,23.61,0
175.34,8.718,-0.01,0.009,1.012,1.012,0.04,0.04,0.09,23.43,0
155.42,7.738,0.0,0.021,1.018,1.019,0.27,0.27,0.31,23.45,0
153.66,7.603,0.009,0.031,1.022,1.023,0.58,0.58,0.61,23.62,0
143.49,7.034,-0.026,-0.004,0.982,0.982,-0.01,-0.01,-0.0,23.33,0
136.35,6.7,0.006,0.028,1.009,1.009,-0.24,-0.24,-0.25,23.6,0
121.51,6.082,0.019,0.042,1.017,1.018,1.09,1.09,1.07,23.63,0
133.57,6.625,-0.004,0.018,0.988,0.988,-0.29,-0.29,-0.32,23.46,0
134.12,6.664,0.006,0.028,0.993,0.994,-0.17,-0.17,-0.22,23.6,0
117.54,5.972,-0.01,0.012,0.973,0.973,0.26,0.26,0.19,23.62,0
149.74,7.549,0.002,0.023,0.981,0.981,-0.6,-0.6,-0.68,23.56,0
153.11,7.566,0.022,0.042,0.997,0.998,0.2,0.2,0.1,23.64,0
163.34,8.274,-0.012,0.007,0.96,0.961,0.6,0.6,0.49,23.6,0
172.54,8.708,0.014,0.03,0.983,0.984,0.02,0.02,-0.11,23.38,0
171.47,8.609,0.018,0.033,0.986,0.987,0.13,0.13,-0.01,23.5,0
190.72,9.505,0.02,0.033,0.987,0.988,0.49,0.49,0.34,23.66,0
200.99,9.981,-0.033,-0.022,0.934,0.934,0.06,0.06,-0.11,23.59,0
196.3,9.815,0.016,0.025,0.983,0.983,0.89,0.89,0.71,23.42,0
224.28,11.164,0.022,0.029,0.99,0.991,0.67,0.67,0.47,23.79,0
225.25,11.221,0.017,0.021,0.987,0.987,-0.1,-0.1,-0.31,23.65,0
247.25,12.449,-0.014,-0.013,0.957,0.958,0.46,0.46,0.24,23.71,0
251.11,12.65,-0.024,-0.026,0.95,0.951,0.47,0.47,0.23,23.72,0
259.49,13.044,0.007,0.003,0.984,0.984,-0.13,-0.13,-0.38,23.73,0
249.93,12.476,-0.005,-0.012,0.975,0.976,0.68,0.68,0.41,23.88,0
243.32,12.171,-0.005,-0.015,0.979,0.98,-0.53,-0.53,-0.81,23.7,0
252.5,12.679,0.009,-0.003,0.997,0.997,-0.08,-0.08,-0.37,23.8,0
234.07,11.663,-0.001,-0.015,0.992,0.992,0.67,0.67,0.37,23.62,0
236.36,11.869,0.005,-0.012,1.002,1.002,0.28,0.28,-0.03,23.73,0
215.55,10.747,-0.003,-0.022,0.999,0.999,0.31,0.31,-0.01,23.85,0
193.13,9.565,-0.004,-0.026,1.001,1.001,-0.24,-0.24,-0.58,23.66,0
200.66,9.956,-0.003,-0.026,1.006,1.006,0.0,0.0,-0.34,23.86,0
187.26,9.379,0.026,0.002,1.038,1.039,0.05,0.05,-0.3,23.89,0
167.79,8.385,0.021,-0.005,1.035,1.036,0.12,0.12,-0.24,23.63,0
157.64,7.877,-0.005,-0.032,1.012,1.013,-0.09,-0.09,-0.47,23.63,0
145.2,7.192,-0.002,-0.03,1.017,1.018,-0.1,-0.1,-0.48,23.68,0
139.51,6.979,0.007,-0.022,1.027,1.027,-0.86,-0.86,-1.26,23.68,0
130.24,6.532,0.072,0.044,1.093,1.096,1.22,1.22,0.81,23.89,0
132.37,6.642,0.024,-0.004,1.045,1.045,0.45,0.45,0.03,23.74,0
127.94,6.345,-0.02,-0.048,1.0,1.002,-0.33,-0.33,-0.75,23.85,0
110.85,5.583,0.005,-0.023,1.024,1.024,0.54,0.54,0.11,23.79,0
139.17,6.894,-0.001,-0.028,1.017,1.017,-0.9,-0.9,-1.34,23.75,0
133.31,6.688,0.027,0.002,1.042,1.043,-0.23,-0.23,-0.67,23.94,0
152.62,7.7,-0.035,-0.059,0.977,0.98,0.64,0.64,0.19,23.82,0
161.38,8.108,0.012,-0.01,1.021,1.021,0.17,0.17,-0.29,24.15,0
163.28,8.202,0.003,-0.017,1.009,1.009,-0.1,-0.1,-0.56,23.82,0
164.15,8.274,0.003,-0.015,1.006,1.006,0.28,0.28,-0.18,23.76,0
193.21,9.742,-0.015,-0.031,0.984,0.984,-0.36,-0.36,-0.84,23.74,0
199.99,10.084,-0.013,-0.026,0.982,0.982,-0.02,-0.02,-0.5,23.77,0
215.86,10.636,0.013,0.002,1.004,1.004,-0.67,-0.67,-1.15,23.82,0
231.61,11.597,0.027,0.019,1.014,1.015,0.56,0.56,0.07,23.96,0
234.52,11.633,0.005,-0.0,0.989,0.989,-0.77,-0.77,-1.26,23.98,0
239.58,12.022,-0.016,-0.018,0.966,0.966,-0.57,-0.57,-1.06,23.97,0
233.98,11.634,0.012,0.013,0.991,0.991,-0.01,-0.01,-0.51,24.06,0
249.05,12.378,0.037,0.041,1.015,1.016,0.27,0.27,-0.22,23.86,0
252.82,12.6,-0.003,0.004,0.973,0.973,0.87,0.87,0.37,23.88,0
262.85,13.026,-0.01,0.0,0.965,0.965,-0.01,-0.01,-0.51,24.0,0
242.63,12.24,-0.005,0.008,0.97,0.97,0.15,0.15,-0.35,24.05,0
243.11,12.089,0.022,0.037,0.997,0.998,0.15,0.15,-0.35,24.0,0
223.71,11.29,0.039,0.057,1.015,1.018,0.3,0.3,-0.2,23.87,0
230.0,11.511,0.003,0.023,0.981,0.981,-0.89,-0.89,-1.39,23.88,0
205.29,10.225,0.008,0.03,0.988,0.988,-0.54,-0.54,-1.04,24.05,0
211.53,10.575,-0.032,-0.008,0.951,0.952,-0.28,-0.28,-0.78,23.99,0
193.61,9.745,-0.005,0.02,0.981,0.981,0.28,0.28,-0.21,24.05,0
179.46,9.09,-0.002,0.025,0.988,0.989,0.26,0.26,-0.23,24.09,0
161.53,8.09,0.016,0.044,1.01,1.011,-0.15,-0.15,-0.64,24.07,0
168.09,8.322,-0.021,0.008,0.977,0.978,-0.27,-0.27,-0.75,23.89,0
148.37,7.365,0.018,0.047,1.021,1.022,-0.28,-0.28,-0.76,24.16,0
138.46,6.833,-0.02,0.01,0.988,0.989,-0.31,-0.31,-0.79,24.1,0
124.81,6.276,0.016,0.045,1.028,1.029,0.02,0.02,-0.45,24.12,0
124.18,6.248,-0.033,-0.004,0.984,0.984,0.28,0.28,-0.19,24.23,0
120.2,6.05,0.004,0.033,1.026,1.026,0.51,0.51,0.05,24.11,0
124.63,6.237,0.01,0.037,1.035,1.036,-0.31,-0.31,-0.76,24.25,0
146.76,7.19,-0.018,0.008,1.011,1.011,0.51,0.51,0.06,24.16,0
146.77,7.262,-0.001,0.024,1.031,1.031,-0.71,-0.71,-1.15,24.11,0
140.77,7.019,0.018,0.041,1.053,1.053,0.37,0.37,-0.07,23.98,0
164.96,8.142,-0.05,-0.029,0.987,0.988,0.25,0.25,-0.18,24.28,0
158.95,7.805,-0.029,-0.01,1.009,1.009,-0.46,-0.46,-0.88,24.17,0
183.49,9.209,-0.042,-0.026,0.996,0.997,-0.29,-0.29,-0.7,24.24,0
191.95,9.56,0.003,0.017,1.041,1.041,0.12,0.12,-0.28,24.17,0
217.75,10.762,0.014,0.025,1.051,1.052,-0.7,-0.7,-1.1,24.13,0
215.52,10.771,-0.002,0.007,1.033,1.033,-1.0,-1.0,-1.39,24.25,0
216.25,10.889,0.008,0.014,1.041,1.041,0.54,0.54,0.17,24.19,0
238.0,11.908,-0.056,-0.053,0.974,0.977,-0.62,-0.62,-0.99,24.26,0
239.58,11.955,-0.029,-0.029,0.997,0.998,-0.01,-0.01,-0.36,24.33,0
242.25,12.214,0.003,0.0,1.026,1.026,-0.47,-0.47,-0.81,24.33,0
253.16,12.776,-0.001,-0.007,1.017,1.017,0.84,0.84,0.5,24.24,0
248.33,12.364,0.001,-0.007,1.014,1.014,0.01,0.01,-0.31,24.25,0
265.62,13.256,0.01,-0.001,1.018,1.018,0.04,0.04,-0.27,24.22,0
242.34,12.132,-0.005,-0.018,0.998,0.998,-0.17,-0.17,-0.47,24.16,0
243.84,12.084,0.026,0.011,1.024,1.024,0.71,0.71,0.42,24.19,0
231.67,11.477,-0.02,-0.038,0.972,0.973,0.9,0.9,0.62,24.32,0
216.78,10.863,0.024,0.005,1.011,1.012,0.38,0.38,0.12,24.08,0
201.74,10.2,-0.004,-0.025,0.978,0.978,-0.56,-0.56,-0.81,24.21,0
191.45,9.453,-0.009,-0.031,0.969,0.969,-0.78,-0.78,-1.02,24.26,0
178.73,8.984,-0.025,-0.048,0.949,0.951,-0.29,-0.29,-0.51,24.38,0
161.66,7.997,0.031,0.007,1.002,1.002,-0.66,-0.66,-0.87,24.36,0
155.4,7.695,0.007,-0.018,0.975,0.975,-1.16,-1.16,-1.35,24.19,0
146.19,7.328,-0.0,-0.025,0.966,0.966,-0.15,-0.15,-0.33,24.4,0
143.71,7.258,-0.016,-0.041,0.948,0.949,-0.72,-0.72,-0.88,24.33,0
126.36,6.384,-0.005,-0.03,0.958,0.959,-0.94,-0.94,-1.09,24.47,0
119.13,5.917,-0.002,-0.026,0.962,0.962,-0.17,-0.17,-0.31,24.42,0
123.93,6.094,-0.008,-0.032,0.956,0.956,0.04,0.04,-0.08,24.56,0
123.99,6.177,0.017,-0.005,0.983,0.983,0.18,0.18,0.07,24.47,0
156.95,7.841,-0.007,-0.028,0.96,0.961,-0.7,-0.7,-0.8,24.44,0
132.29,6.552,0.007,-0.013,0.976,0.977,0.77,0.77,0.69,24.49,0
144.28,7.244,0.02,0.001,0.993,0.993,0.37,0.37,0.3,24.38,0
147.34,7.391,0.004,-0.013,0.98,0.98,-0.96,-0.96,-1.01,24.54,0
164.58,8.24,0.029,0.014,1.009,1.01,-0.01,-0.01,-0.04,24.48,0
175.44,8.829,0.012,-0.001,0.996,0.996,0.5,0.5,0.48,24.56,0
192.23,9.518,0.036,0.025,1.024,1.025,0.06,0.06,0.06,24.5,0
203.99,10.071,0.021,0.013,1.015,1.015,0.13,0.13,0.14,24.47,0
211.01,10.586,0.014,0.008,1.012,1.012,0.02,0.02,0.05,24.41,0
226.69,11.459,0.026,0.022,1.028,1.029,-0.33,-0.33,-0.29,24.38,0
224.73,11.219,0.027,0.025,1.033,1.034,-0.5,-0.5,-0.44,24.48,0
245.02,12.422,0.032,0.033,1.043,1.044,-0.61,-0.61,-0.54,24.44,0
238.62,11.824,-0.011,-0.008,1.003,1.003,0.35,0.35,0.43,24.46,0
252.17,12.555,-0.016,-0.011,1.001,1.001,0.43,0.43,0.53,24.43,0
244.41,12.261,-0.024,-0.017,0.996,0.996,0.89,0.89,1.0,24.8,0
255.1,12.833,0.006,0.014,1.027,1.027,-0.4,-0.4,-0.27,24.64,0
248.31,12.398,0.024,0.034,1.046,1.047,0.18,0.18,0.32,24.56,0
244.06,12.221,0.023,0.035,1.046,1.047,0.31,0.31,0.47,24.69,0
232.89,11.651,0.025,0.038,1.048,1.049,1.25,1.25,1.42,24.57,0
216.31,10.839,0.011,0.025,1.034,1.034,-0.18,-0.18,0.01,24.75,0
222.42,11.049,0.004,0.02,1.026,1.027,0.01,0.01,0.21,24.6,0
187.78,9.394,-0.002,0.014,1.019,1.019,-0.72,-0.72,-0.51,24.79,0
200.9,9.981,0.003,0.02,1.021,1.021,-0.41,-0.41,-0.18,24.43,0
172.32,8.679,0.023,0.04,1.038,1.039,-0.34,-0.34,-0.1,24.63,0
160.95,8.094,-0.011,0.006,1.002,1.002,-0.1,-0.1,0.16,24.63,0
157.99,7.882,0.039,0.056,1.048,1.05,-0.48,-0.48,-0.22,24.74,0
148.68,7.519,0.021,0.037,1.026,1.027,0.24,0.24,0.51,24.69,0
146.85,7.497,0.055,0.072,1.057,1.061,0.04,0.04,0.33,24.71,0
112.89,5.733,-0.006,0.01,0.993,0.993,0.91,0.91,1.21,24.67,0
119.15,6.06,-0.03,-0.015,0.965,0.965,-0.27,-0.27,0.05,24.79,0
133.63,6.66,-0.008,0.005,0.983,0.983,0.66,0.66,0.98,24.6,0
127.09,6.355,-0.005,0.007,0.983,0.983,0.36,0.36,0.7,24.68,0
136.73,6.751,-0.004,0.007,0.981,0.981,-0.37,-0.37,-0.02,24.8,0
137.97,6.892,-0.014,-0.005,0.968,0.968,0.42,0.42,0.78,24.82,0
148.06,7.459,0.013,0.021,0.993,0.994,0.02,0.02,0.39,24.95,0
150.17,7.542,0.0,0.007,0.979,0.979,-0.68,-0.68,-0.3,24.99,0
161.98,8.213,-0.047,-0.042,0.931,0.934,-0.17,-0.17,0.22,24.7,0
159.67,7.98,-0.033,-0.03,0.945,0.946,-0.22,-0.22,0.18,24.61,0
193.04,9.7,-0.0,0.001,0.978,0.978,0.41,0.41,0.82,24.79,0
201.35,10.051,0.008,0.007,0.987,0.987,0.87,0.87,1.29,24.69,0
222.71,11.194,-0.011,-0.012,0.97,0.97,0.39,0.39,0.82,24.85,0
211.09,10.602,-0.017,-0.02,0.966,0.967,0.52,0.52,0.96,24.67,0
230.13,11.427,-0.002,-0.006,0.984,0.984,0.81,0.81,1.25,24.94,0
247.38,12.333,0.012,0.006,1.001,1.001,-0.64,-0.64,-0.2,24.93,0
249.45,12.365,0.009,0.002,1.001,1.001,0.06,0.06,0.51,24.81,0
258.75,12.993,-0.001,-0.009,0.995,0.995,-0.1,-0.1,0.35,24.87,0
244.55,12.123,-0.009,-0.018,0.992,0.992,0.08,0.08,0.54,24.85,0
255.45,12.659,0.041,0.032,1.046,1.047,0.73,0.73,1.2,24.81,0
252.64,12.631,0.014,0.004,1.023,1.023,-0.35,-0.35,0.12,24.72,0
232.18,11.555,-0.005,-0.016,1.008,1.008,-0.07,-0.07,0.41,25.01,0
238.74,12.007,0.017,0.006,1.034,1.034,-0.13,-0.13,0.35,24.99,0
231.94,11.644,0.006,-0.004,1.028,1.028,0.32,0.32,0.81,25.03,0
201.09,10.001,-0.006,-0.016,1.019,1.019,0.22,0.22,0.71,24.93,0
194.49,9.723,-0.002,-0.012,1.026,1.026,-0.59,-0.59,-0.1,24.88,0
189.2,9.435,0.023,0.014,1.054,1.054,-0.27,-0.27,0.22,24.9,0
171.27,8.714,-0.012,-0.021,1.021,1.021,0.2,0.2,0.7,25.03,0
172.97,8.65,0.001,-0.007,1.035,1.035,-0.04,-0.04,0.46,25.06,0
139.72,6.904,0.023,0.017,1.059,1.059,-0.35,-0.35,0.15,24.86,0
137.25,6.908,-0.003,-0.008,1.033,1.033,0.15,0.15,0.65,25.2,0
119.02,6.004,0.005,0.0,1.04,1.04,-0.2,-0.2,0.3,25.08,0
120.63,6.089,0.034,0.031,1.067,1.068,-0.04,-0.04,0.46,25.28,0
128.84,6.51,-0.043,-0.045,0.989,0.99,-0.93,-0.93,-0.43,25.09,0
116.81,5.904,0.002,0.002,1.031,1.031,0.09,0.09,0.59,25.1,0
123.61,6.133,-0.01,-0.009,1.016,1.016,-0.22,-0.22,0.28,24.97,0
135.44,6.697,-0.017,-0.015,1.004,1.005,-0.15,-0.15,0.34,24.87,0
137.08,6.791,-0.019,-0.015,0.999,0.999,0.3,0.3,0.79,25.06,0
151.66,7.52,-0.017,-0.012,0.996,0.996,-0.08,-0.08,0.41,25.09,0
162.47,8.127,-0.026,-0.02,0.982,0.982,0.24,0.24,0.72,24.97,0
183.28,9.152,-0.007,0.001,0.996,0.996,-0.82,-0.82,-0.34,25.09,0
172.33,8.673,0.017,0.026,1.015,1.015,0.67,0.67,1.15,25.17,0
205.35,10.235,0.014,0.023,1.006,1.006,-1.5,-1.5,-1.03,25.25,0
225.39,11.275,-0.002,0.008,0.985,0.985,-0.09,-0.09,0.38,25.14,0
243.5,12.121,0.017,0.028,0.999,0.999,0.1,0.1,0.56,25.08,0
225.39,11.167,-0.01,0.002,0.968,0.968,-0.57,-0.57,-0.12,25.16,0
248.41,12.428,-0.015,-0.003,0.958,0.958,1.05,1.05,1.5,25.19,0
237.5,11.81,0.006,0.018,0.976,0.976,0.04,0.04,0.48,25.14,0
258.08,12.898,0.013,0.025,0.98,0.98,-0.18,-0.18,0.25,25.26,0
240.85,12.147,-0.027,-0.015,0.938,0.938,-0.01,-0.01,0.41,25.22,0
253.76,12.727,-0.009,0.003,0.954,0.954,0.88,0.88,1.3,25.32,0
244.63,12.263,0.019,0.03,0.981,0.981,-0.55,-0.55,-0.14,25.33,0
245.16,12.339,0.028,0.038,0.989,0.99,0.15,0.15,0.55,25.21,0
237.81,11.956,0.004,0.013,0.965,0.965,0.67,0.67,1.06,25.08,0
226.45,11.228,0.014,0.022,0.976,0.977,0.26,0.26,0.64,25.26,0
223.79,11.141,-0.009,-0.002,0.955,0.955,0.68,0.68,1.05,25.26,0
199.22,9.925,0.004,0.009,0.97,0.97,-0.85,-0.85,-0.49,25.16,0
189.36,9.333,-0.028,-0.024,0.942,0.943,0.06,0.06,0.42,25.23,0
183.14,9.219,-0.025,-0.023,0.948,0.948,0.24,0.24,0.58,25.27,0
157.13,7.885,0.005,0.006,0.982,0.982,-0.62,-0.62,-0.29,25.16,0
164.47,8.228,-0.006,-0.008,0.975,0.975,-0.24,-0.24,0.07,25.28,0
158.68,7.856,0.032,0.029,1.018,1.018,-1.42,-1.42,-1.12,25.35,0
132.34,6.609,0.005,0.001,0.996,0.996,-0.51,-0.51,-0.22,25.4,0
120.16,5.923,0.008,0.001,1.004,1.004,-1.0,-1.0,-0.72,25.27,0
113.22,5.661,0.02,0.011,1.02,1.02,-0.71,-0.71,-0.44,25.43,0
122.93,6.157,0.019,0.009,1.024,1.024,0.44,0.44,0.69,25.29,0
117.07,6.076,0.021,0.009,1.031,1.031,-0.37,-0.37,-0.12,25.39,0
131.12,6.593,0.026,0.013,1.04,1.04,-0.92,-0.92,-0.69,25.17,0
144.57,7.199,0.013,-0.002,1.03,1.03,-0.16,-0.16,0.06,25.5,0
162.15,8.105,0.001,-0.015,1.021,1.022,-0.61,-0.61,-0.41,25.46,0
162.64,8.081,0.033,0.015,1.056,1.056,-0.76,-0.76,-0.57,25.44,0
164.35,8.231,0.047,0.028,1.072,1.073,-0.01,-0.01,0.16,25.36,0
177.53,8.89,-0.043,-0.062,0.983,0.986,0.09,0.09,0.25,25.45,0
190.48,9.577,-0.017,-0.037,1.01,1.011,0.79,0.79,0.93,25.31,0
208.3,10.421,-0.042,-0.062,0.986,0.988,-0.0,-0.0,0.13,25.25,0
222.43,11.136,0.008,-0.011,1.035,1.035,0.43,0.43,0.55,25.56,0
235.9,11.89,0.0,-0.019,1.026,1.026,0.3,0.3,0.4,25.37,0
240.22,11.92,0.016,-0.004,1.04,1.04,-0.7,-0.7,-0.61,25.36,0
242.18,12.011,-0.01,-0.029,1.011,1.012,0.22,0.22,0.3,25.54,0
251.05,12.633,0.045,0.027,1.063,1.065,-0.14,-0.14,-0.08,25.4,0
247.79,12.402,0.036,0.019,1.052,1.053,1.3,1.3,1.35,25.55,0
260.78,13.016,0.028,0.013,1.041,1.041,-0.0,-0.0,0.03,25.46,0
242.02,12.146,0.018,0.004,1.027,1.027,0.28,0.28,0.3,25.55,0
255.06,12.65,0.038,0.026,1.043,1.044,0.54,0.54,0.54,25.49,0
235.8,11.758,-0.005,-0.016,0.996,0.996,0.06,0.06,0.05,25.26,0
233.64,11.581,-0.024,-0.032,0.974,0.974,-0.33,-0.33,-0.36,25.51,0
196.44,9.839,-0.007,-0.014,0.986,0.987,0.52,0.52,0.47,25.49,0
196.48,9.842,-0.025,-0.029,0.966,0.966,-0.15,-0.15,-0.21,25.58,0
191.43,9.533,0.018,0.017,1.006,1.006,0.58,0.58,0.51,25.73,0
169.65,8.495,-0.024,-0.023,0.961,0.961,0.56,0.56,0.47,25.44,0
163.09,8.199,0.004,0.007,0.987,0.987,-0.06,-0.06,-0.17,25.61,0
181.95,9.098,-0.013,-0.008,0.968,0.968,-0.21,-0.21,-0.33,25.5,0
152.85,7.653,-0.027,-0.019,0.953,0.954,0.12,0.12,-0.01,25.53,0
150.91,7.678,-0.036,-0.026,0.943,0.944,-0.53,-0.53,-0.68,25.58,0
127.21,6.365,-0.004,0.009,0.975,0.976,0.34,0.34,0.18,25.58,0
141.92,6.977,0.008,0.024,0.989,0.989,0.52,0.52,0.34,25.53,0
132.95,6.701,0.007,0.024,0.989,0.989,-0.29,-0.29,-0.48,25.34,0
132.72,6.618,-0.008,0.012,0.977,0.977,0.25,0.25,0.05,25.57,0
139.3,6.982,-0.022,-0.001,0.965,0.965,-1.15,-1.15,-1.36,25.62,0
126.82,6.333,-0.014,0.009,0.976,0.976,0.09,0.09,-0.14,25.5,0
161.68,8.13,0.009,0.034,1.002,1.003,-0.67,-0.67,-0.92,25.89,0
150.69,7.592,-0.008,0.018,0.989,0.989,-0.52,-0.52,-0.78,25.6,0
177.07,8.83,0.022,0.048,1.022,1.024,-0.42,-0.42,-0.69,25.69,0
179.53,9.054,-0.021,0.006,0.984,0.984,0.03,0.03,-0.25,25.59,0
201.43,10.049,-0.007,0.02,1.001,1.002,-0.11,-0.11,-0.41,25.83,0
201.17,10.09,-0.015,0.012,0.998,0.998,0.32,0.32,0.01,25.68,0
203.87,10.264,0.029,0.056,1.045,1.047,0.93,0.93,0.61,25.61,0
231.51,11.602,-0.012,0.014,1.007,1.007,-0.2,-0.2,-0.53,25.64,0
234.38,11.702,-0.035,-0.009,0.988,0.989,0.48,0.48,0.14,25.75,0
254.08,12.75,0.003,0.028,1.029,1.029,-0.06,-0.06,-0.42,25.67,0
247.02,12.434,-0.002,0.021,1.026,1.026,-0.57,-0.57,-0.93,25.78,0
244.23,12.218,-0.024,-0.002,1.006,1.006,0.78,0.78,0.41,25.65,0
254.33,12.705,-0.015,0.005,1.016,1.017,0.12,0.12,-0.27,25.61,0
252.32,12.701,-0.028,-0.01,1.004,1.004,-0.11,-0.11,-0.51,25.85,0
242.65,12.036,-0.014,0.002,1.018,1.018,-0.4,-0.4,-0.8,25.73,0
231.22,11.603,0.037,0.05,1.068,1.069,-0.16,-0.16,-0.57,25.56,0
231.16,11.547,-0.007,0.003,1.022,1.022,0.14,0.14,-0.28,25.83,0
211.3,10.631,-0.001,0.007,1.026,1.026,-0.66,-0.66,-1.08,25.94,0
231.33,11.609,-0.046,-0.042,0.977,0.979,0.08,0.08,-0.35,25.65,0
200.11,10.074,0.001,0.003,1.022,1.022,0.74,0.74,0.3,25.74,0
193.18,9.565,0.011,0.01,1.028,1.028,-0.08,-0.08,-0.53,25.98,0
180.25,8.951,-0.009,-0.013,1.003,1.003,0.38,0.38,-0.07,25.84,0
156.53,7.752,-0.008,-0.015,1.0,1.0,-0.38,-0.38,-0.84,25.71,0
160.72,8.127,0.003,-0.007,1.006,1.006,0.14,0.14,-0.33,25.75,0
145.94,7.244,0.02,0.007,1.017,1.018,0.0,0.0,-0.47,25.82,0
123.79,6.234,0.015,0.0,1.008,1.008,0.37,0.37,-0.11,25.86,0
125.83,6.31,0.012,-0.006,1.0,1.0,-0.3,-0.3,-0.78,25.88,0
105.62,5.336,0.017,-0.003,1.0,1.0,-0.62,-0.62,-1.1,25.98,0
131.63,6.696,-0.023,-0.045,0.955,0.957,1.08,1.08,0.59,25.87,0
114.27,5.731,0.02,-0.004,0.994,0.995,0.82,0.82,0.33,25.96,0
136.31,6.823,0.057,0.031,1.027,1.029,-0.32,-0.32,-0.81,25.86,0
143.97,7.14,0.026,-0.001,0.993,0.994,-0.13,-0.13,-0.62,25.81,0
141.9,7.119,-0.024,-0.053,0.94,0.942,0.07,0.07,-0.43,25.89,0
166.55,8.374,0.012,-0.017,0.974,0.974,0.05,0.05,-0.45,25.92,0
177.56,8.863,0.027,-0.003,0.987,0.988,0.34,0.34,-0.16,25.95,0
194.4,9.921,0.026,-0.004,0.986,0.986,-0.05,-0.05,-0.55,25.95,0
211.86,10.444,0.031,0.001,0.991,0.992,-0.67,-0.67,-1.17,25.88,0
217.25,10.823,-0.017,-0.046,0.944,0.945,0.59,0.59,0.09,25.85,0
207.5,10.362,-0.005,-0.034,0.958,0.958,-0.4,-0.4,-0.9,25.91,0
225.96,11.385,-0.015,-0.043,0.95,0.951,0.29,0.29,-0.21,26.23,0
240.98,11.928,0.006,-0.021,0.974,0.974,0.31,0.31,-0.19,25.97,0
254.61,12.591,0.001,-0.024,0.972,0.972,0.3,0.3,-0.2,25.93,0
242.37,12.14,0.048,0.024,1.023,1.024,0.99,0.99,0.5,25.84,0
259.91,13.157,0.034,0.013,1.014,1.014,-0.04,-0.04,-0.53,25.75,0
254.87,12.651,0.005,-0.014,0.989,0.989,0.05,0.05,-0.44,25.96,0
250.9,12.512,0.003,-0.014,0.992,0.993,-0.52,-0.52,-1.0,25.97,0
249.53,12.49,0.04,0.026,1.034,1.035,-0.25,-0.25,-0.72,25.96,0
238.4,11.821,-0.003,-0.014,0.997,0.997,0.06,0.06,-0.41,25.95,0
231.17,11.581,0.024,0.015,1.029,1.029,-0.04,-0.04,-0.51,25.91,0
200.99,10.055,-0.01,-0.016,0.999,0.999,-0.8,-0.8,-1.26,26.03,0
208.65,10.513,0.033,0.03,1.046,1.047,-0.17,-0.17,-0.62,25.88,0
206.53,10.08,-0.026,-0.027,0.991,0.992,-0.38,-0.38,-0.83,25.96,0
172.34,8.671,0.004,0.007,1.026,1.026,-0.17,-0.17,-0.61,26.03,0
174.35,8.697,-0.004,0.001,1.02,1.02,0.58,0.58,0.15,26.05,0
157.28,7.909,-0.003,0.005,1.024,1.024,0.24,0.24,-0.19,26.12,0
144.21,7.251,0.032,0.043,1.061,1.062,-0.37,-0.37,-0.79,26.2,0
139.41,6.922,-0.004,0.01,1.027,1.027,-0.05,-0.05,-0.46,26.1,0
120.04,5.953,0.031,0.047,1.063,1.064,0.51,0.51,0.11,26.04,0
136.77,6.826,-0.02,-0.001,1.012,1.012,-0.42,-0.42,-0.81,26.1,0
129.25,6.407,-0.021,-0.001,1.01,1.01,0.59,0.59,0.21,26.09,0
130.86,6.703,0.019,0.041,1.048,1.049,0.99,0.99,0.62,25.99,0
125.32,6.36,0.012,0.035,1.039,1.04,-0.13,-0.13,-0.49,26.19,0
143.31,7.17,0.009,0.034,1.034,1.035,0.08,0.08,-0.27,26.25,0
152.68,7.768,0.002,0.028,1.024,1.025,-0.43,-0.43,-0.77,25.94,0
143.08,7.241,-0.015,0.012,1.004,1.004,0.2,0.2,-0.13,26.14,0
169.91,8.513,-0.005,0.023,1.011,1.011,0.54,0.54,0.22,26.09,0
177.11,8.891,0.007,0.034,1.018,1.019,-0.07,-0.07,-0.38,26.03,0
203.54,10.143,0.009,0.036,1.016,1.016,0.34,0.34,0.05,26.18,0
210.38,10.565,-0.011,0.015,0.992,0.992,-0.06,-0.06,-0.34,26.35,0
216.67,10.811,-0.027,-0.001,0.973,0.973,-0.82,-0.82,-1.08,26.13,0
224.15,11.119,0.004,0.029,0.999,0.999,0.56,0.56,0.3,26.03,0
246.84,12.306,-0.014,0.01,0.978,0.978,0.27,0.27,0.03,26.16,0
251.41,12.572,-0.024,-0.001,0.965,0.965,0.18,0.18,-0.05,25.98,0
248.97,12.461,-0.011,0.01,0.975,0.975,-0.39,-0.39,-0.6,26.23,0
253.04,12.571,-0.003,0.016,0.981,0.981,0.26,0.26,0.06,26.14,0
259.06,12.908,0.012,0.028,0.993,0.994,0.45,0.45,0.26,26.13,0
265.8,13.248,-0.043,-0.028,0.937,0.939,-0.7,-0.7,-0.87,26.28,0
251.4,12.557,-0.031,-0.019,0.949,0.949,0.43,0.43,0.27,26.19,0
237.48,11.856,-0.019,-0.009,0.96,0.961,-0.01,-0.01,-0.15,26.1,0
236.29,11.839,0.025,0.032,1.005,1.006,0.17,0.17,0.04,26.09,0
209.71,10.518,-0.006,-0.001,0.975,0.976,-0.28,-0.28,-0.39,26.32,0
201.48,10.187,-0.031,-0.028,0.953,0.953,0.51,0.51,0.41,26.38,0
189.63,9.598,-0.022,-0.022,0.963,0.964,-0.21,-0.21,-0.29,26.04,0
181.54,9.083,-0.012,-0.014,0.976,0.976,0.2,0.2,0.13,26.18,0
176.79,8.808,-0.044,-0.049,0.947,0.949,0.11,0.11,0.05,26.29,0
141.88,7.079,0.003,-0.004,0.998,0.998,-0.51,-0.51,-0.55,26.28,0
153.0,7.721,-0.0,-0.009,0.998,0.998,-0.29,-0.29,-0.31,26.19,0
131.99,6.603,0.015,0.004,1.017,1.018,-0.05,-0.05,-0.06,26.29,0
131.87,6.764,-0.026,-0.039,0.98,0.981,-0.25,-0.25,-0.25,26.23,0
132.57,6.488,-0.03,-0.044,0.98,0.981,0.48,0.48,0.5,26.31,0
128.91,6.423,-0.006,-0.022,1.008,1.008,-0.23,-0.23,-0.2,26.17,0
129.69,6.382,0.02,0.003,1.037,1.037,0.37,0.37,0.42,26.14,0
123.47,6.076,0.005,-0.014,1.024,1.025,0.68,0.68,0.75,26.42,0
131.5,6.581,-0.036,-0.055,0.986,0.988,-0.14,-0.14,-0.06,26.2,0
144.1,7.291,0.003,-0.017,1.027,1.027,-0.62,-0.62,-0.52,26.32,0
164.47,8.296,0.001,-0.019,1.027,1.027,0.69,0.69,0.8,26.28,0
162.91,8.207,0.015,-0.005,1.042,1.042,-0.34,-0.34,-0.21,26.33,0
180.42,9.083,-0.029,-0.049,0.998,1.0,0.1,0.1,0.24,26.31,0
183.9,9.093,0.021,0.002,1.048,1.048,-0.55,-0.55,-0.4,26.26,0
205.15,10.219,0.022,0.004,1.048,1.049,0.27,0.27,0.43,26.41,0
205.66,10.352,-0.01,-0.028,1.014,1.015,0.29,0.29,0.47,26.35,0
222.68,11.247,0.002,-0.015,1.024,1.025,0.68,0.68,0.87,26.14,0
256.59,12.784,-0.02,-0.036,0.999,1.0,-0.45,-0.45,-0.24,26.35,0
243.2,12.211,0.023,0.009,1.039,1.04,-0.12,-0.12,0.11,26.4,0
251.56,12.574,0.019,0.006,1.031,1.032,-0.14,-0.14,0.1,26.41,0
234.32,11.775,0.029,0.018,1.037,1.038,-0.21,-0.21,0.04,26.28,0
252.79,12.66,0.006,-0.004,1.009,1.009,1.78,1.78,2.04,26.29,0
245.17,12.367,0.032,0.024,1.031,1.032,0.87,0.87,1.15,26.17,0
247.08,12.328,0.028,0.021,1.022,1.022,0.27,0.27,0.56,26.15,0
234.02,11.67,0.026,0.022,1.015,1.016,0.11,0.11,0.41,26.28,0
226.59,11.395,0.007,0.004,0.991,0.991,-0.34,-0.34,-0.03,26.33,0
218.0,10.974,-0.023,-0.024,0.957,0.958,-0.07,-0.07,0.25,26.31,0
206.87,10.346,0.021,0.022,0.997,0.997,-0.49,-0.49,-0.15,26.28,0
205.96,10.374,0.015,0.018,0.987,0.987,-0.32,-0.32,0.02,26.13,0
183.08,9.106,0.016,0.02,0.984,0.985,0.09,0.09,0.45,26.4,0
172.98,8.744,0.002,0.007,0.967,0.967,-0.32,-0.32,0.05,26.26,0
178.3,8.97,0.001,0.008,0.964,0.964,0.17,0.17,0.54,26.37,0
153.35,7.615,0.013,0.021,0.974,0.975,0.39,0.39,0.78,26.5,0
146.84,7.281,0.022,0.031,0.983,0.983,-0.17,-0.17,0.23,26.43,0
131.09,6.566,0.019,0.029,0.98,0.98,0.63,0.63,1.04,26.4,0
129.11,6.494,0.014,0.025,0.975,0.975,0.17,0.17,0.58,26.41,0
123.09,5.931,-0.009,0.002,0.953,0.953,0.4,0.4,0.82,26.46,0
120.1,6.199,-0.009,0.002,0.955,0.955,-0.54,-0.54,-0.11,26.53,0
141.89,6.97,0.03,0.042,0.998,0.999,-0.53,-0.53,-0.1,26.4,0
136.79,6.921,-0.009,0.003,0.961,0.961,-0.23,-0.23,0.21,26.39,0
150.14,7.388,-0.002,0.01,0.973,0.973,0.41,0.41,0.86,26.25,0
153.97,7.711,-0.026,-0.015,0.953,0.953,-0.28,-0.28,0.17,26.5,0
160.63,7.986,-0.012,-0.001,0.972,0.972,-0.04,-0.04,0.42,26.41,0
158.93,7.9,-0.018,-0.008,0.971,0.971,-0.15,-0.15,0.32,26.38,0
171.39,8.554,-0.011,-0.002,0.983,0.983,-0.31,-0.31,0.17,26.25,0
184.53,9.268,-0.023,-0.015,0.976,0.977,-0.19,-0.19,0.29,26.45,0
206.49,10.295,0.016,0.023,1.02,1.021,-0.07,-0.07,0.42,26.44,0
208.29,10.402,0.02,0.026,1.029,1.03,-0.86,-0.86,-0.38,26.45,0
218.94,10.876,-0.017,-0.012,0.997,0.998,0.32,0.32,0.81,26.37,0
240.08,11.97,0.003,0.006,1.022,1.022,0.55,0.55,1.05,26.37,0
243.18,12.12,-0.016,-0.014,1.007,1.007,0.12,0.12,0.61,26.51,0
229.56,11.476,-0.032,-0.031,0.995,0.996,0.08,0.08,0.57,26.33,0
252.46,12.646,-0.003,-0.004,1.027,1.027,-0.2,-0.2,0.3,26.4,0
256.67,12.773,0.007,0.005,1.039,1.039,0.08,0.08,0.57,26.51,0
245.32,12.279,-0.012,-0.016,1.022,1.022,0.66,0.66,1.16,26.49,0
239.83,12.114,0.032,0.028,1.067,1.068,0.45,0.45,0.95,26.26,0
245.78,12.257,-0.011,-0.017,1.025,1.025,-0.38,-0.38,0.12,26.67,0
232.42,11.477,0.013,0.006,1.048,1.048,0.14,0.14,0.64,26.39,0
221.16,11.029,-0.028,-0.036,1.006,1.007,0.33,0.33,0.83,26.23,0
206.07,10.269,0.02,0.011,1.053,1.053,0.44,0.44,0.94,26.41,0
183.13,9.235,0.013,0.003,1.043,1.043,0.32,0.32,0.81,26.59,0
179.3,9.023,-0.02,-0.03,1.008,1.008,-0.62,-0.62,-0.13,26.61,0
166.64,8.347,-0.018,-0.028,1.006,1.007,0.16,0.16,0.65,26.44,0
160.06,7.959,0.019,0.008,1.039,1.039,-0.4,-0.4,0.09,26.32,0
126.75,6.409,-0.01,-0.02,1.007,1.007,0.43,0.43,0.91,26.43,0
139.92,7.155,0.009,-0.001,1.022,1.022,-0.19,-0.19,0.29,26.5,0
129.47,6.461,-0.006,-0.015,1.002,1.002,0.3,0.3,0.77,26.43,0
113.56,5.795,-0.015,-0.024,0.989,0.989,0.28,0.28,0.75,26.4,0
126.84,6.331,-0.015,-0.024,0.984,0.985,0.41,0.41,0.88,26.64,0
138.93,6.953,-0.007,-0.015,0.988,0.988,0.87,0.87,1.32,26.43,0
115.68,5.823,-0.004,-0.011,0.987,0.987,-0.64,-0.64,-0.19,26.55,0
144.66,7.164,-0.018,-0.024,0.97,0.97,-0.38,-0.38,0.06,26.5,0
130.36,6.646,0.003,-0.001,0.988,0.988,-0.27,-0.27,0.17,26.4,0
152.15,7.68,-0.049,-0.052,0.933,0.936,0.14,0.14,0.57,26.52,0
157.81,7.874,-0.003,-0.005,0.977,0.977,0.15,0.15,0.57,26.63,0
182.12,9.131,-0.03,-0.03,0.949,0.95,0.77,0.77,1.19,26.41,0
185.61,9.374,-0.002,0.0,0.976,0.976,-0.31,-0.31,0.1,26.47,0
210.9,10.524,-0.019,-0.015,0.959,0.96,0.45,0.45,0.84,26.51,0
207.6,10.411,-0.028,-0.023,0.951,0.951,0.13,0.13,0.51,26.57,0
230.78,11.541,-0.022,-0.015,0.957,0.958,0.68,0.68,1.05,26.42,0
239.98,11.967,0.014,0.022,0.995,0.995,0.09,0.09,0.46,26.61,0
235.12,11.76,-0.0,0.009,0.983,0.983,0.07,0.07,0.43,26.61,0
254.97,12.818,0.029,0.04,1.014,1.016,-0.01,-0.01,0.33,26.47,0
252.92,12.681,-0.008,0.005,0.981,0.981,-0.38,-0.38,-0.04,26.48,0
267.05,13.098,0.025,0.039,1.017,1.018,0.25,0.25,0.58,26.33,0
257.24,12.905,0.008,0.023,1.004,1.004,-0.53,-0.53,-0.21,26.54,0
253.55,12.642,0.001,0.017,1.001,1.001,-1.04,-1.04,-0.74,26.48,0
247.6,12.346,0.012,0.028,1.015,1.016,0.34,0.34,0.62,26.57,0
220.36,10.894,0.012,0.028,1.018,1.019,-0.69,-0.69,-0.41,26.26,0
224.73,11.273,-0.005,0.012,1.005,1.005,0.28,0.28,0.55,26.57,0
217.68,10.778,-0.015,0.002,0.998,0.998,1.39,1.39,1.64,26.48,0
199.58,9.965,-0.033,-0.016,0.984,0.984,-0.24,-0.24,-0.0,26.45,0
190.47,9.436,-0.015,0.001,1.004,1.004,-0.37,-0.37,-0.15,26.33,0
180.44,9.112,-0.006,0.01,1.015,1.015,-0.54,-0.54,-0.33,26.5,0
156.21,7.857,-0.023,-0.008,0.999,1.0,-1.24,-1.24,-1.04,26.4,0
147.68,7.428,-0.003,0.011,1.02,1.02,0.46,0.46,0.64,26.46,0
149.33,7.473,0.012,0.025,1.036,1.036,-0.12,-0.12,0.04,26.41,0
150.49,7.442,0.015,0.027,1.038,1.039,0.76,0.76,0.92,26.38,0
138.76,6.833,0.0,0.01,1.022,1.022,-0.13,-0.13,0.01,26.43,0
129.04,6.532,0.026,0.034,1.047,1.048,0.26,0.26,0.38,26.55,0
128.68,6.417,0.041,0.048,1.06,1.062,0.3,0.3,0.41,26.38,0
129.38,6.446,0.032,0.036,1.048,1.049,-0.06,-0.06,0.04,26.54,0
147.27,7.251,0.01,0.013,1.023,1.023,0.32,0.32,0.4,26.52,0
148.81,7.483,0.029,0.029,1.038,1.039,-0.27,-0.27,-0.21,26.48,0
156.53,7.887,0.009,0.006,1.014,1.014,-0.44,-0.44,-0.39,26.48,0
176.95,8.749,-0.013,-0.017,0.988,0.988,0.1,0.1,0.14,26.76,0
181.06,8.936,0.007,0.0,1.003,1.003,-0.16,-0.16,-0.14,26.59,0
192.77,9.628,0.028,0.019,1.02,1.021,0.14,0.14,0.15,26.38,0
180.85,9.102,0.042,0.031,1.03,1.031,0.17,0.17,0.17,26.49,0
207.31,10.374,0.004,-0.01,0.987,0.987,0.88,0.88,0.85,26.35,0
213.56,10.734,0.043,0.027,1.022,1.023,0.94,0.94,0.9,26.32,0
240.59,11.892,0.042,0.025,1.017,1.018,0.41,0.41,0.36,26.47,0
251.65,12.646,0.05,0.031,1.022,1.024,0.73,0.73,0.66,26.41,0
236.13,11.818,0.025,0.004,0.993,0.994,-0.79,-0.79,-0.87,26.54,0
246.68,12.326,0.035,0.013,1.001,1.002,0.05,0.05,-0.05,26.31,0
277.93,13.789,0.037,0.014,1.002,1.003,-0.22,-0.22,-0.34,26.46,0
240.6,11.988,0.02,-0.004,0.983,0.983,-0.38,-0.38,-0.51,26.47,0
238.92,11.883,-0.008,-0.033,0.955,0.955,0.19,0.19,0.05,26.48,0
243.11,12.081,0.03,0.005,0.994,0.994,0.24,0.24,0.09,26.58,0
227.89,11.466,-0.016,-0.041,0.948,0.949,-0.41,-0.41,-0.58,26.63,0
215.48,10.75,0.002,-0.023,0.969,0.969,-0.59,-0.59,-0.77,26.45,0
221.9,11.116,-0.001,-0.025,0.968,0.968,0.02,0.02,-0.17,26.73,0
221.28,11.049,0.028,0.004,0.999,1.0,-0.22,-0.22,-0.43,26.65,0
203.02,10.02,0.022,-0.001,0.997,0.997,-0.8,-0.8,-1.03,26.7,0
175.68,8.761,-0.013,-0.035,0.966,0.967,0.28,0.28,0.04,26.52,0
154.23,7.787,-0.022,-0.043,0.961,0.963,0.53,0.53,0.28,26.41,0
169.05,8.425,0.005,-0.014,0.994,0.994,0.6,0.6,0.34,26.29,0
154.54,7.598,-0.016,-0.033,0.978,0.978,0.09,0.09,-0.19,26.64,0
129.33,6.574,0.056,0.041,1.055,1.057,-0.71,-0.71,-1.0,26.58,0
133.9,6.66,-0.013,-0.025,0.991,0.992,-0.26,-0.26,-0.56,26.53,0
119.74,6.047,0.034,0.024,1.044,1.045,0.88,0.88,0.56,26.53,0
126.1,6.303,0.018,0.011,1.033,1.033,0.76,0.76,0.44,26.5,0
127.94,6.363,-0.009,-0.013,1.011,1.011,0.82,0.82,0.48,26.47,0
128.38,6.282,-0.003,-0.005,1.021,1.021,0.33,0.33,-0.02,26.55,0
132.36,6.559,-0.031,-0.03,0.997,0.998,0.86,0.86,0.5,26.41,0
144.9,7.354,-0.001,0.003,1.03,1.03,0.25,0.25,-0.12,26.41,0
171.14,8.596,-0.002,0.004,1.031,1.031,0.37,0.37,-0.01,26.52,0
169.32,8.503,-0.028,-0.019,1.008,1.008,0.2,0.2,-0.19,26.59,0
174.59,8.786,0.02,0.032,1.057,1.058,-0.11,-0.11,-0.51,26.57,0
186.74,9.338,-0.056,-0.041,0.982,0.985,-0.72,-0.72,-1.12,26.44,0
198.72,10.056,-0.003,0.014,1.035,1.035,-0.06,-0.06,-0.47,26.52,0
209.01,10.59,-0.033,-0.014,1.004,1.005,0.58,0.58,0.16,26.37,0
234.09,11.778,-0.008,0.014,1.028,1.028,0.31,0.31,-0.12,26.35,0
220.32,10.925,0.004,0.027,1.038,1.038,0.65,0.65,0.22,26.52,0
234.59,11.753,-0.026,-0.001,1.006,1.006,-0.62,-0.62,-1.07,26.44,0
254.39,12.731,-0.024,0.003,1.004,1.005,-0.51,-0.51,-0.96,26.35,0
243.83,12.266,-0.015,0.013,1.01,1.01,0.28,0.28,-0.18,26.56,0
260.19,13.087,-0.05,-0.022,0.97,0.971,-0.25,-0.25,-0.72,26.34,0
250.05,12.504,-0.018,0.012,0.998,0.998,-0.25,-0.25,-0.72,26.49,0
253.01,12.607,-0.042,-0.013,0.969,0.97,-0.42,-0.42,-0.9,26.37,0
242.55,12.016,0.008,0.038,1.015,1.016,0.41,0.41,-0.07,26.49,0
229.41,11.361,0.0,0.03,1.002,1.003,-0.28,-0.28,-0.77,26.24,0
213.03,10.568,-0.028,0.0,0.969,0.969,0.53,0.53,0.04,26.42,0
209.04,10.424,-0.002,0.025,0.991,0.991,-1.4,-1.4,-1.89,26.51,0
207.17,10.372,-0.028,-0.002,0.961,0.961,0.1,0.1,-0.39,26.59,0
194.15,9.762,-0.027,-0.002,0.958,0.959,-0.29,-0.29,-0.79,26.56,0
174.55,8.677,0.019,0.043,1.001,1.002,0.66,0.66,0.16,26.48,0
162.64,8.184,-0.042,-0.021,0.937,0.938,0.47,0.47,-0.03,26.59,0
143.39,7.141,-0.011,0.008,0.966,0.966,-0.06,-0.06,-0.56,26.46,0
133.91,6.692,-0.015,0.002,0.961,0.961,0.2,0.2,-0.3,26.48,0
123.98,6.241,0.008,0.022,0.982,0.983,0.61,0.61,0.11,26.33,0
118.54,5.92,-0.027,-0.015,0.948,0.948,0.45,0.45,-0.05,26.42,0
129.9,6.462,-0.016,-0.007,0.959,0.96,0.54,0.54,0.04,26.42,0
115.46,5.849,0.009,0.015,0.985,0.985,0.19,0.19,-0.31,26.33,0
148.53,7.313,-0.006,-0.003,0.972,0.972,0.24,0.24,-0.25,26.41,0
128.32,6.43,0.008,0.008,0.988,0.988,0.29,0.29,-0.2,26.36,0
125.8,6.281,0.024,0.021,1.006,1.006,0.45,0.45,-0.04,26.44,0
159.25,7.953,-0.0,-0.006,0.985,0.985,0.41,0.41,-0.07,26.37,0
148.95,7.458,-0.005,-0.014,0.983,0.983,-0.23,-0.23,-0.72,26.43,0
169.17,8.521,0.009,-0.002,1.001,1.001,-0.63,-0.63,-1.11,26.54,0
193.56,9.785,-0.015,-0.029,0.981,0.982,-0.83,-0.83,-1.3,26.57,0
201.94,10.166,-0.021,-0.038,0.979,0.98,-1.22,-1.22,-1.7,26.35,0
212.97,10.673,0.014,-0.005,1.018,1.018,-0.17,-0.17,-0.64,26.31,0
227.13,11.464,-0.003,-0.025,1.003,1.004,-0.5,-0.5,-0.96,26.51,0
232.09,11.545,0.026,0.003,1.036,1.037,0.5,0.5,0.04,26.25,0
265.63,13.241,-0.007,-0.032,1.006,1.007,-0.36,-0.36,-0.81,26.44,0
245.92,12.191,0.001,-0.025,1.016,1.017,-0.79,-0.79,-1.23,26.49,0
258.83,12.955,-0.059,-0.086,0.959,0.965,0.1,0.1,-0.33,26.26,0
241.07,12.093,-0.018,-0.046,1.001,1.003,0.16,0.16,-0.27,26.38,0
244.84,12.153,-0.011,-0.04,1.009,1.01,-0.22,-0.22,-0.64,26.27,0
255.67,12.794,0.008,-0.02,1.029,1.03,-0.31,-0.31,-0.72,26.39,0
262.81,13.107,0.006,-0.022,1.027,1.027,0.48,0.48,0.07,26.36,0
243.24,12.156,0.021,-0.007,1.041,1.041,-0.54,-0.54,-0.93,26.52,0
216.0,10.781,-0.004,-0.032,1.014,1.015,-0.18,-0.18,-0.56,26.33,0
209.6,10.485,0.048,0.022,1.065,1.066,-0.27,-0.27,-0.64,26.38,0
203.93,10.148,0.001,-0.025,1.015,1.015,-0.27,-0.27,-0.64,26.44,0
186.63,9.317,-0.025,-0.049,0.986,0.988,0.55,0.55,0.2,26.54,0
183.1,9.144,0.001,-0.021,1.009,1.009,-0.04,-0.04,-0.39,26.31,0
154.04,7.775,0.005,-0.015,1.009,1.009,-0.19,-0.19,-0.52,26.41,0
145.15,7.427,0.022,0.003,1.022,1.022,-0.11,-0.11,-0.43,26.35,0
136.9,6.991,0.041,0.024,1.036,1.038,-0.26,-0.26,-0.57,26.36,0
131.9,6.63,-0.026,-0.039,0.966,0.967,-0.63,-0.63,-0.93,26.22,0
145.91,7.276,0.008,-0.004,0.995,0.995,0.21,0.21,-0.08,26.46,0
128.55,6.477,-0.007,-0.015,0.977,0.977,0.27,0.27,0.0,26.41,0
123.5,6.202,0.029,0.022,1.008,1.009,-0.71,-0.71,-0.97,26.29,0
118.05,5.94,0.016,0.012,0.992,0.992,0.51,0.51,0.26,26.34,0
136.36,6.707,0.007,0.006,0.98,0.98,0.33,0.33,0.1,26.2,0
127.36,6.315,0.046,0.048,1.017,1.019,0.9,0.9,0.69,26.23,0
150.52,7.377,-0.012,-0.008,0.957,0.957,-0.44,-0.44,-0.64,26.22,0
152.19,7.587,-0.034,-0.027,0.934,0.935,-0.72,-0.72,-0.91,26.4,0
174.96,8.722,-0.026,-0.016,0.941,0.941,0.6,0.6,0.42,26.37,0
187.48,9.302,-0.043,-0.032,0.923,0.925,0.6,0.6,0.44,26.34,0
195.47,9.836,-0.006,0.008,0.961,0.961,0.43,0.43,0.28,26.14,0
198.85,10.03,0.028,0.043,0.996,0.997,1.26,1.26,1.12,26.24,0
203.86,10.134,-0.004,0.014,0.967,0.967,0.53,0.53,0.41,26.04,0
221.52,11.035,-0.025,-0.006,0.948,0.948,-0.16,-0.16,-0.27,26.32,0
233.73,11.907,0.003,0.023,0.979,0.979,-0.17,-0.17,-0.27,26.21,0
246.04,12.334,-0.008,0.013,0.972,0.972,-0.23,-0.23,-0.3,26.37,0
255.59,12.748,0.002,0.024,0.987,0.987,0.23,0.23,0.17,26.14,0
251.1,12.572,-0.009,0.014,0.98,0.98,0.21,0.21,0.16,26.3,0
247.46,12.342,-0.051,-0.028,0.943,0.945,0.54,0.54,0.51,26.22,0
257.12,12.701,-0.021,0.002,0.978,0.978,0.66,0.66,0.64,26.14,0
250.97,12.622,-0.007,0.015,0.997,0.997,0.05,0.05,0.04,26.32,0
247.56,12.29,-0.002,0.02,1.007,1.008,-0.52,-0.52,-0.5,26.35,0
228.68,11.491,-0.016,0.006,0.999,0.999,-0.12,-0.12,-0.09,26.26,0
215.46,10.637,-0.032,-0.011,0.988,0.988,-0.25,-0.25,-0.21,26.22,0
200.18,10.026,0.008,0.027,1.031,1.032,-0.96,-0.96,-0.91,26.09,0
194.62,9.726,0.006,0.024,1.034,1.034,-0.01,-0.01,0.06,26.32,0
187.42,9.282,0.014,0.03,1.045,1.046,-0.85,-0.85,-0.76,26.33,0
156.28,7.894,-0.024,-0.01,1.01,1.011,-0.67,-0.67,-0.57,26.32,0
155.48,7.681,0.021,0.034,1.058,1.058,-0.32,-0.32,-0.21,26.28,0
147.19,7.394,-0.018,-0.007,1.021,1.021,0.2,0.2,0.33,26.22,0
138.33,6.921,0.014,0.023,1.053,1.054,-0.14,-0.14,0.0,26.23,0
139.74,6.944,0.008,0.015,1.048,1.048,-0.22,-0.22,-0.06,26.18,0
139.24,6.851,0.014,0.019,1.053,1.053,0.59,0.59,0.76,26.22,0
121.82,6.092,0.012,0.015,1.05,1.05,0.34,0.34,0.53,26.05,0
126.75,6.356,0.029,0.03,1.065,1.066,-0.34,-0.34,-0.14,25.91,0
138.61,6.884,0.005,0.003,1.038,1.038,-0.59,-0.59,-0.38,26.3,0
132.86,6.655,-0.017,-0.02,1.014,1.014,0.3,0.3,0.52,26.3,0
134.94,6.651,-0.023,-0.028,1.004,1.005,-0.13,-0.13,0.12,26.08,0
141.4,7.161,-0.029,-0.036,0.993,0.994,0.15,0.15,0.41,26.14,0
162.05,8.028,-0.01,-0.018,1.008,1.008,0.12,0.12,0.39,26.15,0
177.28,8.85,0.006,-0.003,1.02,1.02,-0.62,-0.62,-0.34,26.0,0
179.7,8.997,-0.003,-0.014,1.006,1.006,-0.65,-0.65,-0.36,26.12,0
216.53,10.837,-0.001,-0.013,1.003,1.003,0.03,0.03,0.34,26.2,0
200.85,9.994,0.011,-0.002,1.01,1.01,0.51,0.51,0.83,26.04,0
225.2,11.205,0.025,0.011,1.019,1.019,0.09,0.09,0.42,25.95,0
241.93,12.177,0.007,-0.007,0.996,0.996,-0.3,-0.3,0.04,26.14,0
230.97,11.626,0.0,-0.014,0.985,0.985,0.84,0.84,1.19,26.15,0
259.31,12.879,0.012,-0.002,0.993,0.993,-0.86,-0.86,-0.5,26.2,0
247.2,12.353,0.009,-0.006,0.987,0.987,-0.05,-0.05,0.32,26.01,0
245.05,12.189,-0.016,-0.029,0.96,0.96,0.29,0.29,0.67,26.05,0
233.48,11.651,-0.019,-0.032,0.954,0.955,0.11,0.11,0.5,25.98,0
244.68,12.2,-0.022,-0.035,0.949,0.95,-0.38,-0.38,0.02,26.14,0
247.12,12.416,0.015,0.003,0.986,0.986,0.91,0.91,1.31,26.04,0
209.08,10.614,0.012,0.001,0.983,0.983,-0.26,-0.26,0.16,26.1,0
213.56,10.767,-0.007,-0.017,0.964,0.964,-0.26,-0.26,0.17,26.18,0
217.22,10.897,0.029,0.02,1.001,1.002,0.32,0.32,0.76,26.1,0
184.28,9.257,0.007,-0.001,0.98,0.98,-0.43,-0.43,0.01,26.0,0
168.8,8.424,-0.011,-0.017,0.965,0.966,-0.07,-0.07,0.37,26.02,0
163.32,8.125,-0.011,-0.015,0.968,0.968,0.02,0.02,0.47,26.05,0
154.77,7.726,0.025,0.022,1.007,1.008,0.08,0.08,0.54,25.93,0
130.08,6.681,0.01,0.008,0.996,0.996,0.31,0.31,0.77,25.91,0
148.06,7.371,0.012,0.011,1.001,1.001,0.27,0.27,0.74,26.04,0
131.54,6.525,-0.017,-0.016,0.976,0.976,0.73,0.73,1.2,26.13,0
135.11,6.81,-0.01,-0.007,0.987,0.987,0.89,0.89,1.37,26.08,0
114.82,5.772,0.029,0.033,1.03,1.031,-0.79,-0.79,-0.3,25.98,0
125.83,6.354,-0.016,-0.011,0.989,0.989,0.17,0.17,0.66,25.89,0
129.09,6.468,-0.008,-0.002,1.0,1.0,-0.43,-0.43,0.06,25.9,0
121.81,5.923,0.029,0.036,1.04,1.041,-0.48,-0.48,0.02,25.9,0
141.45,7.191,-0.008,0.0,1.006,1.006,-1.12,-1.12,-0.62,25.89,0
158.93,7.885,0.029,0.037,1.045,1.046,-0.07,-0.07,0.43,25.99,0
145.77,7.401,0.018,0.028,1.036,1.037,0.1,0.1,0.6,26.02,0
168.38,8.434,0.039,0.049,1.059,1.061,-0.19,-0.19,0.31,25.91,0
188.82,9.187,0.024,0.034,1.044,1.045,-0.28,-0.28,0.22,25.97,0
207.14,10.35,0.008,0.018,1.028,1.029,-0.66,-0.66,-0.16,25.86,0
217.83,10.874,0.015,0.025,1.034,1.035,0.59,0.59,1.09,25.83,0
209.91,10.559,-0.009,0.001,1.01,1.01,0.68,0.68,1.18,26.08,0
233.74,11.689,0.014,0.023,1.03,1.031,0.71,0.71,1.21,25.75,0
229.21,11.483,0.001,0.01,1.015,1.015,-0.13,-0.13,0.36,25.95,0
235.21,11.798,0.038,0.045,1.049,1.051,0.23,0.23,0.72,25.92,0
253.43,12.583,-0.013,-0.006,0.995,0.995,-0.04,-0.04,0.45,26.01,0
246.87,12.503,0.001,0.006,1.006,1.006,-0.27,-0.27,0.22,25.8,0
260.54,12.883,0.018,0.022,1.019,1.019,0.38,0.38,0.87,26.0,0
239.06,11.996,-0.006,-0.003,0.991,0.991,-0.58,-0.58,-0.1,25.94,0
253.54,12.683,-0.02,-0.019,0.973,0.974,1.08,1.08,1.55,25.82,0
236.9,11.88,0.049,0.049,1.038,1.04,-0.68,-0.68,-0.21,25.98,0
237.0,11.77,-0.006,-0.008,0.98,0.98,0.09,0.09,0.55,25.91,0
218.02,10.841,0.02,0.017,1.002,1.002,-0.04,-0.04,0.42,25.96,0
210.56,10.64,0.007,0.003,0.986,0.986,0.21,0.21,0.67,25.77,0
189.11,9.403,-0.006,-0.012,0.97,0.97,-0.57,-0.57,-0.12,25.95,0
173.25,8.647,-0.013,-0.021,0.961,0.961,-0.15,-0.15,0.29,25.64,0
162.13,8.059,0.0,-0.008,0.972,0.973,0.09,0.09,0.52,25.7,0
150.2,7.654,-0.02,-0.029,0.951,0.952,-0.56,-0.56,-0.13,25.69,0
137.33,6.869,-0.007,-0.018,0.963,0.964,0.11,0.11,0.52,25.59,0
127.3,6.482,0.033,0.021,1.004,1.004,-0.01,-0.01,0.39,25.87,0
132.47,6.684,0.018,0.005,0.989,0.989,-0.13,-0.13,0.27,25.84,0
116.25,5.731,0.017,0.004,0.99,0.991,-0.53,-0.53,-0.14,25.75,0
132.16,6.502,0.0,-0.014,0.975,0.975,0.47,0.47,0.85,25.65,0
134.71,6.783,-0.013,-0.027,0.965,0.965,-0.67,-0.67,-0.3,25.61,0
125.76,6.185,-0.019,-0.033,0.962,0.963,-0.34,-0.34,0.02,25.98,0
125.24,6.378,0.025,0.011,1.01,1.011,-0.45,-0.45,-0.1,25.69,0
137.86,6.942,-0.033,-0.047,0.956,0.958,0.89,0.89,1.23,25.68,0
148.45,7.375,-0.014,-0.027,0.98,0.98,0.2,0.2,0.53,25.74,0
167.14,8.324,-0.019,-0.032,0.98,0.98,0.76,0.76,1.08,25.83,0
172.22,8.655,-0.038,-0.049,0.966,0.968,0.19,0.19,0.49,25.56,0
201.68,10.131,-0.041,-0.052,0.967,0.969,0.66,0.66,0.95,25.62,0
208.64,10.248,-0.056,-0.065,0.958,0.961,-0.16,-0.16,0.12,25.76,0
201.3,10.117,-0.009,-0.017,1.009,1.009,0.29,0.29,0.56,25.8,0
221.12,11.119,-0.022,-0.029,1.0,1.001,-0.4,-0.4,-0.15,25.67,0
229.82,11.448,-0.012,-0.017,1.015,1.015,0.17,0.17,0.41,25.6,0
247.31,12.291,-0.005,-0.008,1.026,1.026,-0.68,-0.68,-0.45,25.69,0
252.74,12.57,-0.028,-0.029,1.006,1.007,-0.15,-0.15,0.07,25.63,0
241.09,12.013,-0.026,-0.025,1.01,1.011,0.15,0.15,0.35,25.63,0
249.96,12.335,0.013,0.015,1.051,1.051,0.08,0.08,0.27,25.75,0
244.32,12.184,-0.015,-0.01,1.025,1.025,-0.35,-0.35,-0.18,25.7,0
267.06,13.358,0.022,0.029,1.062,1.063,0.38,0.38,0.54,25.57,0
238.61,11.936,0.017,0.025,1.056,1.057,0.11,0.11,0.26,25.59,0
233.03,11.716,-0.011,0.0,1.028,1.028,0.15,0.15,0.28,25.53,0
216.49,10.847,-0.041,-0.028,0.996,0.997,-0.12,-0.12,-0.0,25.38,0
228.48,11.434,-0.034,-0.019,1.001,1.001,1.25,1.25,1.35,25.49,0
199.01,9.869,-0.029,-0.013,1.002,1.003,-0.44,-0.44,-0.35,25.5,0
197.52,9.901,0.014,0.032,1.042,1.042,-0.34,-0.34,-0.27,25.65,0
169.0,8.474,0.015,0.035,1.039,1.04,-0.55,-0.55,-0.49,25.45,0
162.66,8.023,-0.01,0.01,1.009,1.009,0.34,0.34,0.38,25.64,0
154.72,7.821,-0.028,-0.007,0.986,0.987,-0.09,-0.09,-0.06,25.58,0
131.69,6.57,-0.05,-0.028,0.96,0.961,-0.7,-0.7,-0.68,25.48,0
119.53,6.061,0.004,0.026,1.008,1.008,0.3,0.3,0.29,25.55,0
133.94,6.721,-0.014,0.009,0.985,0.985,-0.14,-0.14,-0.16,25.35,0
134.82,6.773,-0.016,0.006,0.978,0.978,-0.28,-0.28,-0.31,25.41,0
105.98,5.251,0.002,0.024,0.991,0.991,-0.05,-0.05,-0.1,25.52,0
139.2,6.961,-0.022,0.0,0.963,0.963,-0.19,-0.19,-0.25,25.35,0
138.82,6.989,0.016,0.038,0.997,0.998,0.74,0.74,0.66,25.44,0
147.78,7.419,0.025,0.045,1.002,1.003,-0.23,-0.23,-0.32,25.6,0
159.56,8.017,0.003,0.022,0.976,0.977,-0.26,-0.26,-0.37,25.39,0
164.44,8.134,0.005,0.022,0.975,0.975,0.18,0.18,0.06,25.36,0
185.01,9.186,0.022,0.037,0.99,0.991,0.05,0.05,-0.08,25.44,0
196.24,9.748,-0.008,0.006,0.959,0.959,-0.34,-0.34,-0.49,25.54,0
194.71,9.762,0.032,0.044,0.998,1.0,0.09,0.09,-0.07,25.62,0
219.84,10.885,0.009,0.019,0.976,0.976,0.2,0.2,0.02,25.04,0
218.27,11.006,0.029,0.036,0.996,0.997,0.56,0.56,0.37,25.3,0
241.37,11.969,0.014,0.019,0.983,0.983,-0.54,-0.54,-0.75,25.36,0
239.58,11.915,-0.023,-0.021,0.948,0.949,-0.5,-0.5,-0.72,25.45,0
249.63,12.498,0.027,0.026,1.0,1.001,-0.03,-0.03,-0.26,25.43,0
239.82,12.053,0.018,0.014,0.994,0.994,0.17,0.17,-0.08,25.33,0
249.74,12.52,0.001,-0.005,0.98,0.98,0.46,0.46,0.2,25.3,0
253.23,12.744,0.023,0.014,1.006,1.007,-0.96,-0.96,-1.23,25.32,0
259.33,12.972,0.012,0.001,0.999,1.0,0.2,0.2,-0.09,25.37,0
257.73,12.86,0.025,0.011,1.017,1.017,-0.15,-0.15,-0.45,25.46,0
229.82,11.49,0.016,-0.0,1.012,1.012,0.73,0.73,0.42,25.35,0
228.25,11.39,-0.023,-0.041,0.977,0.978,0.55,0.55,0.23,25.24,0
202.7,10.108,0.022,0.001,1.025,1.026,-0.35,-0.35,-0.68,25.19,0
203.32,10.179,0.018,-0.005,1.025,1.025,-0.5,-0.5,-0.84,25.27,0
188.06,9.445,-0.046,-0.07,0.965,0.969,0.07,0.07,-0.28,25.24,0
178.2,8.755,-0.001,-0.026,1.013,1.014,-0.26,-0.26,-0.63,25.33,0
168.86,8.354,0.012,-0.015,1.028,1.028,-0.65,-0.65,-1.02,25.03,0
151.68,7.575,0.026,-0.002,1.044,1.045,0.38,0.38,-0.01,25.17,0
149.61,7.472,-0.021,-0.05,0.999,1.0,0.82,0.82,0.42,25.21,0
133.8,6.775,0.008,-0.021,1.028,1.029,0.21,0.21,-0.19,25.18,0
129.35,6.409,-0.004,-0.032,1.017,1.018,-0.24,-0.24,-0.65,25.17,0
123.56,6.166,-0.009,-0.038,1.011,1.012,0.22,0.22,-0.2,25.19,0
132.21,6.546,0.005,-0.023,1.025,1.025,-0.81,-0.81,-1.24,25.14,0
122.78,6.189,0.009,-0.019,1.027,1.027,-0.09,-0.09,-0.52,25.19,0
124.58,6.295,-0.024,-0.05,0.992,0.994,0.09,0.09,-0.35,25.2,0
140.52,7.05,-0.042,-0.067,0.971,0.974,-0.18,-0.18,-0.62,25.28,0
138.72,7.001,-0.029,-0.052,0.982,0.983,0.41,0.41,-0.05,25.14,0
148.13,7.455,0.025,0.004,1.032,1.032,-0.14,-0.14,-0.6,25.13,0
165.93,8.261,-0.0,-0.02,1.003,1.003,-0.65,-0.65,-1.11,25.05,0
174.21,8.722,0.012,-0.005,1.012,1.012,-0.62,-0.62,-1.1,25.19,0
197.32,9.725,-0.03,-0.044,0.966,0.968,0.13,0.13,-0.35,24.97,0
218.7,10.853,-0.015,-0.027,0.977,0.977,-0.88,-0.88,-1.36,25.19,0
224.35,11.29,0.003,-0.005,0.992,0.992,0.29,0.29,-0.2,25.16,0
230.0,11.56,-0.018,-0.023,0.968,0.968,-1.7,-1.7,-2.18,25.22,0
245.47,12.41,-0.052,-0.055,0.93,0.933,-0.28,-0.28,-0.77,25.2,0
255.53,12.681,-0.023,-0.023,0.957,0.957,-0.26,-0.26,-0.75,25.03,0
263.3,13.095,-0.014,-0.011,0.964,0.964,0.42,0.42,-0.08,25.02,0
246.43,12.429,0.007,0.013,0.983,0.983,1.03,1.03,0.54,25.07,0
255.28,12.704,-0.028,-0.019,0.947,0.948,0.36,0.36,-0.14,24.98,0
253.49,12.643,0.013,0.025,0.988,0.988,1.15,1.15,0.65,25.04,0
240.08,12.054,-0.007,0.008,0.968,0.968,-0.82,-0.82,-1.32,24.95,0
246.56,12.256,-0.017,0.0,0.959,0.959,-0.19,-0.19,-0.69,24.95,0
236.01,11.71,0.006,0.026,0.984,0.984,-0.24,-0.24,-0.74,25.01,0
220.88,11.086,-0.018,0.003,0.961,0.961,0.08,0.08,-0.42,24.93,0
208.75,10.579,-0.01,0.014,0.973,0.973,0.24,0.24,-0.25,25.1,0
197.65,9.859,-0.014,0.011,0.971,0.971,0.2,0.2,-0.29,24.99,0
177.44,8.849,-0.034,-0.007,0.955,0.956,-0.41,-0.41,-0.9,25.01,0
172.4,8.597,-0.007,0.021,0.986,0.986,0.15,0.15,-0.34,24.96,0
167.61,8.409,0.001,0.03,0.999,0.999,-0.38,-0.38,-0.87,24.92,0
146.18,7.316,-0.004,0.025,0.997,0.998,-0.24,-0.24,-0.73,24.82,0
144.18,7.302,-0.032,-0.002,0.975,0.975,-0.65,-0.65,-1.13,24.92,0
142.41,7.221,-0.013,0.017,0.998,0.998,0.43,0.43,-0.04,24.97,0
120.34,6.145,-0.01,0.019,1.006,1.006,0.5,0.5,0.03,24.95,0
136.84,6.818,0.025,0.053,1.045,1.047,-0.08,-0.08,-0.55,24.77,0
122.73,6.218,-0.018,0.01,1.006,1.007,0.45,0.45,-0.01,25.0,0
128.82,6.597,-0.004,0.023,1.024,1.024,-0.44,-0.44,-0.89,24.73,0
145.19,7.165,0.005,0.031,1.036,1.037,-1.1,-1.1,-1.55,24.76,0
137.38,6.737,-0.025,-0.001,1.009,1.009,0.04,0.04,-0.4,24.72,0
145.75,7.348,-0.007,0.014,1.029,1.029,0.74,0.74,0.31,24.84,0
176.99,8.782,0.008,0.028,1.046,1.046,-0.03,-0.03,-0.45,24.86,0
180.7,9.055,-0.02,-0.003,1.018,1.018,-0.18,-0.18,-0.6,24.87,0
193.31,9.571,0.016,0.031,1.055,1.055,0.79,0.79,0.38,24.76,0
199.97,10.086,0.014,0.026,1.052,1.052,-0.08,-0.08,-0.48,24.81,0
205.02,10.404,-0.015,-0.006,1.021,1.021,-0.52,-0.52,-0.91,24.79,0
223.13,11.159,-0.045,-0.038,0.989,0.991,-0.56,-0.56,-0.94,24.71,0
234.28,11.71,-0.014,-0.01,1.017,1.018,-1.04,-1.04,-1.41,24.87,0
233.0,11.646,-0.002,-0.001,1.026,1.026,0.59,0.59,0.23,24.78,0
238.24,11.916,0.019,0.017,1.043,1.043,0.3,0.3,-0.05,24.72,0
262.76,13.224,-0.01,-0.015,1.009,1.009,-1.34,-1.34,-1.68,24.8,0
245.8,12.253,0.03,0.022,1.044,1.045,0.28,0.28,-0.05,24.73,0
240.68,12.108,-0.032,-0.041,0.978,0.98,0.17,0.17,-0.14,24.75,0
249.45,12.404,-0.01,-0.023,0.994,0.994,-0.49,-0.49,-0.79,24.95,0
239.52,11.925,-0.034,-0.049,0.965,0.967,-0.19,-0.19,-0.48,24.8,0
250.13,12.375,0.025,0.009,1.019,1.02,0.11,0.11,-0.16,24.59,0
223.5,11.114,-0.036,-0.054,0.953,0.955,0.06,0.06,-0.21,24.67,0
228.66,11.466,0.024,0.004,1.008,1.008,-0.24,-0.24,-0.49,24.62,0
198.41,9.896,-0.024,-0.046,0.955,0.957,-0.55,-0.55,-0.79,24.48,0
194.44,9.782,0.018,-0.005,0.993,0.993,-0.02,-0.02,-0.25,24.62,0
169.37,8.441,-0.045,-0.069,0.927,0.93,0.02,0.02,-0.2,24.9,0
164.19,8.194,0.004,-0.021,0.972,0.973,-0.4,-0.4,-0.6,24.68,0
165.18,8.33,0.025,0.0,0.991,0.992,-0.58,-0.58,-0.76,24.7,0
151.87,7.518,0.019,-0.006,0.984,0.984,0.19,0.19,0.02,24.64,0
156.93,7.661,-0.003,-0.028,0.961,0.961,0.15,0.15,-0.01,24.69,0
130.07,6.543,0.012,-0.013,0.975,0.975,-0.93,-0.93,-1.07,24.48,0
141.62,7.133,-0.004,-0.028,0.959,0.959,0.29,0.29,0.17,24.39,0
128.94,6.418,0.006,-0.017,0.971,0.971,0.02,0.02,-0.09,24.51,0
135.7,6.847,-0.013,-0.035,0.953,0.954,-0.34,-0.34,-0.44,24.56,0
142.25,6.962,0.016,-0.004,0.985,0.985,-0.18,-0.18,-0.26,24.61,0
136.48,6.795,0.045,0.026,1.017,1.018,-0.18,-0.18,-0.25,24.51,0
146.08,7.388,-0.028,-0.045,0.947,0.948,-0.03,-0.03,-0.08,24.54,0
174.5,8.783,0.012,-0.004,0.991,0.991,-0.96,-0.96,-1.0,24.62,0
158.02,7.8,0.022,0.008,1.004,1.005,0.58,0.58,0.56,24.64,0
192.85,9.599,-0.027,-0.038,0.961,0.962,-0.09,-0.09,-0.09,24.79,0
195.03,9.929,0.003,-0.007,0.994,0.994,0.02,0.02,0.02,24.49,0
200.16,10.043,-0.014,-0.021,0.982,0.982,-0.34,-0.34,-0.32,24.37,0
215.09,10.703,0.017,0.013,1.018,1.018,0.22,0.22,0.26,24.42,0
244.26,12.292,0.004,0.001,1.009,1.009,0.42,0.42,0.47,24.44,0
237.1,11.726,0.006,0.006,1.015,1.015,0.01,0.01,0.08,24.51,0
253.25,12.627,-0.003,-0.001,1.01,1.01,0.24,0.24,0.32,24.16,0
257.28,12.92,-0.016,-0.011,1.0,1.0,1.36,1.36,1.45,24.39,0
244.14,12.271,-0.015,-0.008,1.004,1.004,-0.66,-0.66,-0.55,24.41,0
242.69,12.11,-0.012,-0.004,1.009,1.009,0.19,0.19,0.32,24.53,0
247.04,12.358,-0.021,-0.011,1.002,1.002,0.86,0.86,1.0,24.49,0
251.54,12.666,0.009,0.021,1.032,1.033,-0.1,-0.1,0.05,24.32,0
235.64,11.787,-0.016,-0.003,1.007,1.008,-0.26,-0.26,-0.09,24.35,0
224.05,11.258,0.013,0.027,1.036,1.037,0.16,0.16,0.34,24.21,0
219.03,10.818,-0.011,0.004,1.012,1.012,0.02,0.02,0.21,24.32,0
221.95,10.987,-0.016,-0.0,1.005,1.005,0.78,0.78,0.99,24.33,0
200.34,10.042,0.023,0.039,1.042,1.043,0.53,0.53,0.75,24.38,0
200.59,10.152,-0.015,0.002,1.002,1.002,0.82,0.82,1.05,24.48,0
163.64,8.128,0.017,0.034,1.031,1.031,0.83,0.83,1.08,24.35,0
159.68,8.049,0.049,0.066,1.059,1.063,0.03,0.03,0.3,24.42,0
154.66,7.633,0.012,0.029,1.019,1.019,-0.1,-0.1,0.17,24.37,0
148.53,7.54,0.007,0.023,1.01,1.01,0.4,0.4,0.69,24.25,0
143.96,7.168,0.007,0.023,1.006,1.007,-0.82,-0.82,-0.52,24.33,0
123.56,6.241,-0.001,0.014,0.995,0.995,-0.31,-0.31,-0.0,24.29,0
122.12,6.1,0.012,0.026,1.004,1.005,-0.16,-0.16,0.16,24.21,0
116.46,5.851,0.016,0.029,1.005,1.005,-0.69,-0.69,-0.35,24.38,0
107.86,5.361,-0.028,-0.017,0.958,0.958,0.55,0.55,0.9,24.23,0
140.57,7.003,-0.031,-0.021,0.952,0.953,0.75,0.75,1.11,24.23,0
146.88,7.27,-0.017,-0.009,0.964,0.964,0.5,0.5,0.87,24.24,0
148.26,7.548,-0.015,-0.008,0.964,0.965,0.13,0.13,0.5,24.07,0
169.04,8.514,0.003,0.008,0.981,0.981,-0.3,-0.3,0.08,24.15,0
173.31,8.496,-0.032,-0.028,0.946,0.947,-0.87,-0.87,-0.47,24.24,0
183.99,9.214,-0.02,-0.018,0.958,0.959,-0.61,-0.61,-0.21,24.13,0
197.37,9.898,0.006,0.007,0.985,0.985,-0.69,-0.69,-0.27,24.29,0
217.6,10.926,-0.009,-0.01,0.971,0.971,0.22,0.22,0.64,23.97,0
213.09,10.74,-0.001,-0.004,0.981,0.981,0.18,0.18,0.61,24.27,0
231.6,11.474,-0.031,-0.035,0.954,0.955,-0.6,-0.6,-0.17,24.03,0
250.72,12.517,-0.032,-0.037,0.956,0.957,0.1,0.1,0.55,24.14,0
241.02,11.964,0.008,0.001,0.999,0.999,-0.14,-0.14,0.31,24.09,0
243.92,12.206,-0.019,-0.027,0.976,0.977,-0.34,-0.34,0.12,24.14,0
242.69,12.003,0.02,0.011,1.019,1.019,-0.17,-0.17,0.3,23.97,0
249.37,12.443,-0.012,-0.021,0.991,0.992,-0.44,-0.44,0.03,24.1,0
254.92,12.655,-0.0,-0.01,1.007,1.007,0.89,0.89,1.37,24.08,0
248.37,12.316,-0.005,-0.015,1.007,1.007,0.53,0.53,1.01,23.92,0
230.79,11.479,-0.021,-0.031,0.995,0.996,-0.27,-0.27,0.21,24.17,0
211.83,10.617,-0.021,-0.032,0.999,1.0,0.05,0.05,0.53,23.96,0
228.88,11.485,-0.023,-0.033,1.001,1.002,-0.04,-0.04,0.45,23.92,0
199.06,9.983,-0.005,-0.015,1.022,1.022,0.04,0.04,0.54,24.1,0
195.35,9.807,0.034,0.025,1.064,1.065,-0.35,-0.35,0.15,24.08,0
161.91,8.025,-0.002,-0.011,1.031,1.031,-0.04,-0.04,0.46,24.08,0
166.47,8.288,-0.02,-0.028,1.014,1.015,-0.55,-0.55,-0.05,24.06,0
141.7,7.073,-0.003,-0.01,1.032,1.033,0.72,0.72,1.22,24.09,0
142.55,7.234,-0.047,-0.053,0.988,0.991,0.09,0.09,0.59,23.9,0
125.99,6.398,-0.002,-0.007,1.033,1.033,0.26,0.26,0.76,23.88,0
133.37,6.495,0.002,-0.002,1.036,1.036,0.5,0.5,1.0,23.79,0
132.44,6.63,-0.01,-0.012,1.022,1.022,-0.47,-0.47,0.03,23.89,0
129.31,6.461,0.025,0.024,1.055,1.055,-0.18,-0.18,0.31,23.92,0
126.13,6.192,0.021,0.021,1.047,1.048,-0.35,-0.35,0.14,24.05,0
130.45,6.437,0.006,0.008,1.029,1.03,0.19,0.19,0.68,23.86,0
129.79,6.536,-0.021,-0.018,0.998,0.998,-0.22,-0.22,0.27,24.01,0
146.06,7.273,0.023,0.028,1.037,1.038,0.64,0.64,1.13,23.72,0
159.32,8.009,-0.031,-0.025,0.979,0.979,-0.59,-0.59,-0.1,24.0,0
167.88,8.509,0.048,0.055,1.052,1.055,-0.61,-0.61,-0.13,24.04,0
186.82,9.211,-0.006,0.003,0.993,0.993,-0.36,-0.36,0.12,23.78,0
196.62,9.938,-0.002,0.008,0.992,0.992,-0.56,-0.56,-0.09,23.85,0
209.96,10.556,0.039,0.049,1.027,1.029,-0.17,-0.17,0.29,23.78,0
212.11,10.52,-0.018,-0.007,0.966,0.966,0.27,0.27,0.73,23.76,0
230.99,11.467,0.015,0.027,0.994,0.995,-0.22,-0.22,0.24,23.86,0
245.18,12.204,-0.002,0.01,0.972,0.973,0.52,0.52,0.97,23.71,0
254.9,12.807,0.01,0.022,0.981,0.981,0.55,0.55,0.99,23.72,0
255.32,12.664,0.027,0.039,0.995,0.996,-0.59,-0.59,-0.16,24.07,0
239.31,12.026,0.008,0.02,0.973,0.973,-0.83,-0.83,-0.4,23.9,0
253.55,12.568,-0.068,-0.056,0.895,0.9,-1.08,-1.08,-0.66,23.89,0
233.46,11.57,0.036,0.047,0.998,1.0,0.43,0.43,0.84,23.85,0
256.26,12.844,-0.005,0.005,0.956,0.956,0.36,0.36,0.76,23.72,0
246.68,12.321,0.002,0.011,0.962,0.963,-0.32,-0.32,0.07,23.85,0
220.85,11.091,-0.006,0.002,0.956,0.956,0.54,0.54,0.92,23.76,0
201.2,10.094,0.038,0.045,1.002,1.003,-0.56,-0.56,-0.18,23.7,0
210.44,10.419,-0.0,0.005,0.965,0.965,-0.49,-0.49,-0.13,23.78,0
188.99,9.555,0.034,0.039,1.003,1.004,0.03,0.03,0.39,23.74,0
180.02,8.922,0.03,0.032,1.001,1.002,0.31,0.31,0.65,23.63,0
159.67,8.038,0.024,0.026,1.0,1.001,0.97,0.97,1.31,23.76,0
152.95,7.816,-0.009,-0.01,0.97,0.97,-0.46,-0.46,-0.14,23.71,0
144.08,7.264,0.027,0.025,1.012,1.012,0.24,0.24,0.55,23.74,0
131.38,6.607,0.003,-0.002,0.992,0.992,0.19,0.19,0.49,23.67,0
118.25,5.884,-0.04,-0.046,0.954,0.956,-0.32,-0.32,-0.04,23.75,0
130.23,6.516,-0.003,-0.011,0.996,0.996,-0.64,-0.64,-0.37,23.78,0
137.53,6.822,0.007,-0.003,1.01,1.01,-0.14,-0.14,0.12,23.57,0
122.72,6.232,-0.002,-0.013,1.006,1.006,-0.04,-0.04,0.2,23.65,0
132.03,6.671,-0.009,-0.022,1.003,1.003,-0.92,-0.92,-0.69,23.65,0
134.56,6.696,0.012,-0.002,1.028,1.028,0.25,0.25,0.47,23.77,0
143.58,7.354,0.04,0.024,1.059,1.06,-0.18,-0.18,0.03,23.7,0
164.71,8.217,-0.029,-0.046,0.993,0.994,0.31,0.31,0.5,23.54,0
168.45,8.428,0.003,-0.015,1.027,1.027,0.06,0.06,0.24,23.67,0
189.4,9.459,0.028,0.009,1.054,1.054,-0.36,-0.36,-0.2,23.51,0
195.75,9.77,0.017,-0.003,1.044,1.044,-0.75,-0.75,-0.59,23.67,0
192.84,9.605,0.015,-0.005,1.042,1.043,-0.46,-0.46,-0.33,23.49,0
222.08,11.08,-0.003,-0.023,1.024,1.024,-0.15,-0.15,-0.03,23.54,0
242.88,12.147,0.019,-0.0,1.046,1.046,-0.48,-0.48,-0.37,23.4,0
233.43,11.584,-0.006,-0.025,1.019,1.019,-0.03,-0.03,0.07,23.49,0
241.2,12.088,0.007,-0.012,1.03,1.03,-0.05,-0.05,0.03,23.47,0
261.23,13.035,0.011,-0.007,1.031,1.031,-0.21,-0.21,-0.15,23.66,0
250.1,12.603,-0.008,-0.025,1.009,1.009,-0.03,-0.03,0.02,23.54,0
253.05,12.7,-0.015,-0.031,0.998,0.999,0.37,0.37,0.4,23.51,0
241.8,11.976,0.012,-0.003,1.022,1.022,0.06,0.06,0.08,23.51,0
244.98,12.233,-0.015,-0.028,0.991,0.992,-1.15,-1.15,-1.15,23.53,0
241.41,12.026,0.005,-0.006,1.008,1.008,0.42,0.42,0.41,23.46,0
227.46,11.453,0.008,-0.001,1.007,1.007,-0.88,-0.88,-0.9,23.37,0
218.17,10.909,0.001,-0.006,0.996,0.996,-0.46,-0.46,-0.5,23.44,0
202.08,10.114,-0.027,-0.031,0.965,0.966,-0.74,-0.74,-0.8,23.49,0
189.54,9.319,-0.032,-0.034,0.957,0.958,-1.05,-1.05,-1.12,23.48,0
192.44,9.68,-0.019,-0.019,0.967,0.967,0.02,0.02,-0.07,23.41,0
184.95,9.092,0.012,0.014,0.995,0.995,0.21,0.21,0.12,23.41,0
164.38,8.089,-0.021,-0.016,0.961,0.961,-0.07,-0.07,-0.19,23.36,0
132.8,6.643,0.006,0.014,0.987,0.987,0.03,0.03,-0.1,23.35,0
150.94,7.525,-0.01,0.0,0.97,0.97,-0.15,-0.15,-0.3,23.71,0
122.72,6.134,-0.044,-0.031,0.936,0.938,-0.15,-0.15,-0.31,23.36,0
139.48,6.989,-0.022,-0.008,0.958,0.958,-0.09,-0.09,-0.26,23.41,0
119.63,5.906,-0.005,0.012,0.976,0.976,-0.06,-0.06,-0.25,23.2,0
127.29,6.293,-0.023,-0.004,0.961,0.961,0.38,0.38,0.18,23.42,0
127.81,6.418,-0.034,-0.013,0.952,0.953,0.05,0.05,-0.16,23.42,0
134.19,6.907,-0.009,0.013,0.98,0.98,0.55,0.55,0.32,23.43,0
141.27,6.967,-0.012,0.011,0.979,0.979,-0.06,-0.06,-0.3,23.38,0
158.91,8.022,-0.0,0.025,0.995,0.995,-1.07,-1.07,-1.32,23.34,0
168.12,8.231,-0.01,0.016,0.989,0.99,0.05,0.05,-0.22,23.24,0
175.77,8.966,-0.001,0.025,1.002,1.002,0.28,0.28,-0.0,23.14,0
183.42,9.237,0.025,0.052,1.032,1.034,0.46,0.46,0.17,23.29,0
202.47,10.13,-0.001,0.026,1.01,1.011,-0.22,-0.22,-0.53,23.18,0
210.47,10.692,-0.01,0.017,1.005,1.005,0.2,0.2,-0.11,23.37,0
200.14,10.126,-0.013,0.014,1.006,1.006,0.2,0.2,-0.12,23.31,0
236.84,11.757,0.03,0.056,1.052,1.054,-0.42,-0.42,-0.76,23.39,0
252.66,12.63,0.016,0.041,1.041,1.042,0.18,0.18,-0.17,23.14,0
255.67,12.857,0.007,0.031,1.034,1.035,-0.15,-0.15,-0.51,23.27,0
241.98,12.217,0.022,0.044,1.052,1.053,0.02,0.02,-0.35,23.24,0
251.58,12.679,0.011,0.032,1.042,1.043,0.05,0.05,-0.33,23.26,0
246.69,12.451,-0.006,0.012,1.025,1.025,-0.73,-0.73,-1.12,23.15,0
244.34,12.227,-0.003,0.013,1.028,1.028,0.22,0.22,-0.18,23.3,0
249.47,12.398,0.035,0.048,1.065,1.067,0.03,0.03,-0.38,23.29,0
228.55,11.338,-0.017,-0.006,1.012,1.012,1.34,1.34,0.93,23.29,0
227.81,11.358,-0.036,-0.027,0.992,0.993,-0.83,-0.83,-1.26,23.23,0
210.03,10.592,-0.028,-0.022,0.997,0.998,-0.46,-0.46,-0.89,23.33,0
208.92,10.436,-0.029,-0.027,0.992,0.993,-0.18,-0.18,-0.62,23.16,0
184.88,9.265,0.017,0.017,1.035,1.035,0.49,0.49,0.04,22.95,0
186.96,9.238,-0.024,-0.027,0.989,0.99,-0.56,-0.56,-1.01,23.19,0
159.47,7.983,0.003,-0.003,1.012,1.012,0.13,0.13,-0.33,23.39,0
149.18,7.568,0.019,0.01,1.023,1.024,0.57,0.57,0.1,23.08,0
146.5,7.351,0.005,-0.006,1.005,1.005,0.29,0.29,-0.18,23.25,0
141.08,7.097,-0.018,-0.033,0.976,0.977,-0.93,-0.93,-1.41,23.23,0
118.08,5.927,-0.012,-0.029,0.978,0.978,-0.34,-0.34,-0.82,23.12,0
116.45,5.974,0.023,0.004,1.007,1.007,0.44,0.44,-0.05,23.26,0
129.0,6.362,-0.037,-0.059,0.942,0.945,0.12,0.12,-0.37,23.09,0
128.22,6.377,0.016,-0.008,0.991,0.991,-0.41,-0.41,-0.9,23.1,0
123.45,6.124,-0.006,-0.031,0.965,0.966,-0.08,-0.08,-0.57,23.14,0
142.23,7.126,-0.022,-0.049,0.946,0.947,0.88,0.88,0.38,23.21,0
149.66,7.456,0.001,-0.027,0.966,0.966,0.25,0.25,-0.25,23.24,0
159.54,7.882,0.043,0.015,1.006,1.007,0.04,0.04,-0.46,23.12,0
167.15,8.371,-0.009,-0.039,0.952,0.953,-0.47,-0.47,-0.97,23.04,0
185.53,9.219,0.028,-0.002,0.989,0.989,-0.04,-0.04,-0.54,23.19,0
189.75,9.518,-0.012,-0.042,0.948,0.949,-0.05,-0.05,-0.55,22.77,0
216.11,10.957,0.024,-0.006,0.984,0.985,0.25,0.25,-0.25,23.18,0
225.7,11.295,-0.009,-0.038,0.953,0.954,0.39,0.39,-0.11,23.19,0
218.38,11.047,-0.002,-0.03,0.962,0.962,0.9,0.9,0.41,23.03,0
245.06,12.314,-0.013,-0.04,0.954,0.955,0.74,0.74,0.25,23.03,0
259.25,13.071,0.041,0.015,1.011,1.012,-0.61,-0.61,-1.11,23.08,0
253.93,12.633,0.018,-0.006,0.992,0.992,1.1,1.1,0.6,23.06,0
242.59,12.08,-0.009,-0.031,0.97,0.97,-0.62,-0.62,-1.11,22.87,0
237.69,11.885,0.005,-0.015,0.987,0.987,-0.6,-0.6,-1.09,23.11,0
250.22,12.414,0.005,-0.012,0.993,0.993,0.16,0.16,-0.32,23.03,0
255.9,12.754,0.019,0.004,1.012,1.012,-0.56,-0.56,-1.04,23.01,0
245.73,12.257,0.031,0.019,1.029,1.03,0.99,0.99,0.52,23.16,0
232.44,11.675,0.046,0.036,1.049,1.051,0.72,0.72,0.25,23.05,0
216.89,10.98,-0.008,-0.015,0.999,0.999,0.05,0.05,-0.41,23.12,0
205.53,10.247,0.022,0.018,1.034,1.035,-0.09,-0.09,-0.54,23.06,0
200.85,10.042,-0.026,-0.027,0.99,0.991,0.47,0.47,0.02,22.93,0
181.68,9.11,0.034,0.036,1.054,1.055,0.98,0.98,0.54,22.99,0
167.71,8.405,-0.027,-0.022,0.997,0.998,0.04,0.04,-0.4,22.99,0
159.37,7.844,0.024,0.032,1.051,1.052,0.85,0.85,0.43,22.95,0
153.51,7.672,0.003,0.013,1.032,1.032,-0.43,-0.43,-0.85,22.94,0
128.5,6.383,-0.006,0.007,1.024,1.024,0.31,0.31,-0.1,22.77,0
139.49,6.996,-0.019,-0.004,1.012,1.012,-0.58,-0.58,-0.98,22.91,0
127.23,6.395,0.01,0.028,1.042,1.042,0.14,0.14,-0.25,22.83,0
132.22,6.539,0.009,0.028,1.04,1.04,-0.61,-0.61,-0.99,23.09,0
127.98,6.279,-0.008,0.014,1.022,1.022,0.69,0.69,0.32,23.01,0
129.86,6.465,-0.001,0.022,1.027,1.028,0.36,0.36,-0.0,22.97,0
134.85,6.567,-0.018,0.006,1.008,1.008,-0.71,-0.71,-1.06,22.81,0
148.31,7.419,0.006,0.032,1.029,1.03,1.06,1.06,0.72,22.84,0
145.3,7.335,0.027,0.054,1.047,1.049,0.13,0.13,-0.2,22.77,0
154.75,7.629,0.012,0.039,1.029,1.03,0.46,0.46,0.14,22.85,0
185.27,9.267,0.004,0.031,1.017,1.017,1.19,1.19,0.89,22.8,0
204.96,10.15,0.006,0.033,1.014,1.015,0.81,0.81,0.51,22.99,0
215.83,10.69,-0.014,0.013,0.99,0.99,0.24,0.24,-0.04,22.94,0
199.64,10.109,-0.006,0.02,0.994,0.994,-0.06,-0.06,-0.33,22.91,0
220.62,11.111,-0.033,-0.007,0.964,0.965,-0.13,-0.13,-0.39,23.01,0
223.25,11.15,0.013,0.037,1.006,1.007,0.5,0.5,0.25,22.94,0
244.92,12.202,0.021,0.044,1.011,1.012,-0.27,-0.27,-0.5,22.9,0
261.9,13.093,0.026,0.047,1.012,1.014,-0.44,-0.44,-0.66,22.76,0
254.93,12.756,-0.023,-0.003,0.962,0.962,-0.27,-0.27,-0.47,22.85,0
249.56,12.377,0.004,0.021,0.986,0.986,-0.36,-0.36,-0.55,22.87,0
249.48,12.515,0.031,0.047,1.012,1.013,-0.32,-0.32,-0.5,22.78,0
249.3,12.52,0.006,0.019,0.986,0.986,0.98,0.98,0.81,22.93,0
253.17,12.67,0.017,0.028,0.997,0.997,-0.05,-0.05,-0.2,22.9,0
236.45,11.822,0.01,0.019,0.99,0.991,-0.0,-0.0,-0.14,22.78,0
212.62,10.584,0.008,0.014,0.99,0.99,0.67,0.67,0.55,22.95,0
212.79,10.558,-0.017,-0.014,0.966,0.966,-0.22,-0.22,-0.33,22.79,0
186.02,9.339,-0.006,-0.005,0.979,0.979,-0.19,-0.19,-0.28,22.92,0
192.81,9.744,0.03,0.028,1.017,1.018,-0.98,-0.98,-1.05,22.59,0
169.26,8.568,0.019,0.016,1.01,1.01,0.84,0.84,0.78,22.89,0
159.92,8.185,-0.039,-0.045,0.955,0.957,0.25,0.25,0.2,22.69,0
148.52,7.451,-0.012,-0.02,0.986,0.986,-0.21,-0.21,-0.24,22.68,0
131.57,6.697,-0.021,-0.031,0.98,0.981,0.16,0.16,0.15,22.72,0
117.75,6.034,0.003,-0.009,1.008,1.008,0.25,0.25,0.25,22.67,0
132.88,6.823,-0.038,-0.052,0.97,0.972,-0.35,-0.35,-0.33,22.92,0
131.31,6.607,-0.015,-0.031,0.997,0.998,-0.05,-0.05,-0.02,22.77,0
116.61,5.804,0.026,0.009,1.042,1.042,0.12,0.12,0.16,22.89,0
131.97,6.557,0.011,-0.007,1.03,1.03,-0.18,-0.18,-0.13,22.88,0
141.69,7.173,0.008,-0.011,1.03,1.03,-0.16,-0.16,-0.09,22.77,0
131.59,6.51,-0.017,-0.036,1.007,1.008,-1.07,-1.07,-0.98,22.56,0
157.57,7.693,-0.032,-0.052,0.994,0.996,-0.03,-0.03,0.08,22.68,0
135.36,6.883,0.014,-0.006,1.041,1.041,0.27,0.27,0.39,22.7,0
182.99,9.1,-0.007,-0.026,1.021,1.021,0.17,0.17,0.31,22.66,0
173.12,8.614,0.011,-0.008,1.038,1.039,-1.1,-1.1,-0.96,22.69,0
186.14,9.278,0.014,-0.005,1.041,1.041,-0.31,-0.31,-0.15,22.92,0
202.94,10.115,-0.002,-0.021,1.023,1.023,0.12,0.12,0.29,22.68,0
224.99,11.372,0.028,0.011,1.051,1.051,0.61,0.61,0.8,22.63,0
231.69,11.549,0.003,-0.013,1.023,1.024,0.04,0.04,0.25,22.9,0
220.22,11.032,-0.02,-0.034,0.998,0.998,-0.24,-0.24,-0.02,22.77,0
252.39,12.67,0.061,0.048,1.075,1.077,0.7,0.7,0.93,22.61,0
254.08,12.71,0.024,0.012,1.033,1.033,-0.48,-0.48,-0.23,22.7,0
236.37,11.827,0.021,0.011,1.026,1.027,0.46,0.46,0.71,22.68,0
239.55,12.026,0.079,0.07,1.079,1.084,1.04,1.04,1.3,22.77,0
251.3,12.511,0.019,0.012,1.015,1.015,0.13,0.13,0.42,22.77,0
230.51,11.503,0.03,0.025,1.021,1.021,0.67,0.67,0.97,22.65,0
231.63,11.628,0.007,0.004,0.993,0.993,-0.34,-0.34,-0.04,22.76,0
222.43,11.08,-0.008,-0.009,0.974,0.974,-0.15,-0.15,0.17,22.78,0
193.75,9.611,-0.008,-0.008,0.969,0.969,0.75,0.75,1.08,22.47,0
202.29,10.193,0.023,0.025,0.996,0.997,1.45,1.45,1.79,22.73,0
193.14,9.555,-0.002,0.002,0.967,0.967,-0.42,-0.42,-0.07,22.8,0
189.63,9.535,-0.003,0.003,0.964,0.964,0.21,0.21,0.57,22.73,0
158.11,7.88,0.018,0.025,0.982,0.983,0.31,0.31,0.68,22.6,0
140.85,7.008,0.003,0.011,0.966,0.966,0.29,0.29,0.67,22.65,0
133.52,6.697,-0.002,0.007,0.959,0.959,0.19,0.19,0.58,22.56,0
126.0,6.348,0.02,0.03,0.981,0.982,-0.39,-0.39,0.01,22.64,0
142.89,7.122,-0.012,-0.001,0.95,0.95,-0.1,-0.1,0.31,22.6,0
125.37,6.155,0.008,0.02,0.97,0.971,-0.66,-0.66,-0.24,22.7,0
114.86,5.77,0.021,0.033,0.985,0.986,-0.05,-0.05,0.38,22.65,0
143.09,7.041,0.039,0.051,1.005,1.007,-0.26,-0.26,0.17,22.59,0
124.93,6.258,-0.01,0.002,0.96,0.96,0.07,0.07,0.51,22.46,0
136.04,6.896,-0.031,-0.019,0.942,0.943,0.06,0.06,0.51,22.47,0
153.0,7.696,0.02,0.032,0.998,0.998,0.09,0.09,0.55,22.6,0
165.13,8.297,-0.009,0.003,0.974,0.974,-0.29,-0.29,0.17,22.58,0
165.67,8.267,0.01,0.02,0.997,0.997,0.37,0.37,0.83,22.66,0
172.23,8.67,0.011,0.02,1.003,1.003,0.23,0.23,0.7,22.54,0
191.47,9.533,-0.051,-0.043,0.946,0.948,0.11,0.11,0.58,22.72,0
199.52,10.021,0.017,0.024,1.019,1.02,0.17,0.17,0.65,22.65,0
214.32,10.605,-0.017,-0.01,0.991,0.991,-0.56,-0.56,-0.07,22.62,0
231.74,11.457,0.004,0.009,1.017,1.017,-0.17,-0.17,0.32,22.64,0
231.47,11.552,0.028,0.031,1.045,1.046,-0.17,-0.17,0.32,22.51,0
233.65,11.754,-0.049,-0.046,0.973,0.975,0.03,0.03,0.52,22.47,0
250.91,12.535,-0.065,-0.064,0.96,0.965,-0.11,-0.11,0.39,22.63,0
243.4,12.252,-0.016,-0.016,1.013,1.013,0.92,0.92,1.42,22.65,0
255.25,12.75,0.016,0.014,1.047,1.047,0.69,0.69,1.18,22.49,0
248.77,12.563,-0.019,-0.023,1.014,1.014,-0.4,-0.4,0.09,22.44,0
233.84,11.658,-0.022,-0.027,1.013,1.013,0.04,0.04,0.54,22.42,0
244.2,12.055,0.024,0.018,1.059,1.06,-0.36,-0.36,0.14,22.66,0
239.15,11.894,0.008,0.002,1.044,1.044,0.11,0.11,0.61,22.65,0
222.81,11.079,-0.008,-0.016,1.026,1.026,0.04,0.04,0.54,22.4,0
217.59,10.869,-0.04,-0.048,0.993,0.995,-0.02,-0.02,0.48,22.66,0
201.4,10.02,0.018,0.009,1.049,1.049,0.85,0.85,1.35,22.4,0
177.45,8.842,-0.032,-0.042,0.996,0.998,0.38,0.38,0.88,22.48,0
170.07,8.515,-0.034,-0.045,0.991,0.992,0.28,0.28,0.77,22.49,0
161.01,8.044,0.027,0.016,1.048,1.049,-0.23,-0.23,0.26,22.51,0
162.32,8.111,0.003,-0.007,1.021,1.021,0.43,0.43,0.92,22.49,0
139.15,6.919,-0.04,-0.051,0.973,0.975,-0.24,-0.24,0.24,22.52,0
129.86,6.55,0.003,-0.007,1.012,1.012,-0.06,-0.06,0.41,22.44,0
137.74,6.839,0.017,0.007,1.022,1.022,0.21,0.21,0.68,22.62,0
126.14,6.394,-0.019,-0.028,0.982,0.982,-0.46,-0.46,0.0,22.58,0
135.46,6.704,-0.0,-0.008,0.996,0.996,0.55,0.55,1.01,22.64,0
145.28,7.171,-0.012,-0.019,0.98,0.981,0.23,0.23,0.68,22.51,0
153.91,7.638,0.017,0.011,1.006,1.006,1.09,1.09,1.54,22.62,0
137.89,6.883,-0.015,-0.019,0.971,0.971,-0.01,-0.01,0.43,22.74,0
159.08,7.942,0.006,0.003,0.989,0.989,0.42,0.42,0.85,22.4,0
160.89,8.009,-0.004,-0.006,0.977,0.977,0.3,0.3,0.72,22.59,0
174.92,8.688,0.0,-0.0,0.979,0.979,1.1,1.1,1.52,22.45,0
167.32,8.345,-0.04,-0.038,0.938,0.94,0.46,0.46,0.87,22.61,0
198.96,9.938,-0.003,0.0,0.975,0.975,-0.22,-0.22,0.18,22.37,0
216.8,10.829,0.01,0.015,0.988,0.988,-0.59,-0.59,-0.2,22.49,0
227.22,11.253,0.038,0.045,1.017,1.019,-0.41,-0.41,-0.03,22.5,0
225.15,11.152,-0.014,-0.006,0.966,0.967,-0.24,-0.24,0.13,22.55,0
234.77,11.825,-0.001,0.008,0.981,0.981,-0.83,-0.83,-0.47,22.57,0
234.67,11.779,-0.003,0.008,0.982,0.982,0.03,0.03,0.38,22.44,0
253.07,12.67,-0.028,-0.016,0.96,0.96,-0.18,-0.18,0.15,22.55,0
257.77,12.908,-0.014,-0.001,0.976,0.977,-0.26,-0.26,0.06,22.51,0
261.27,12.929,-0.009,0.006,0.986,0.986,-0.36,-0.36,-0.04,22.57,0
267.79,13.329,0.007,0.023,1.005,1.006,0.7,0.7,1.0,22.6,0
246.05,12.267,0.008,0.024,1.009,1.01,0.07,0.07,0.37,22.52,0
247.96,12.454,-0.014,0.003,0.992,0.992,-0.13,-0.13,0.15,22.37,0
222.5,11.106,0.055,0.072,1.064,1.068,-0.43,-0.43,-0.16,22.67,0
209.46,10.445,-0.024,-0.007,0.988,0.988,0.67,0.67,0.92,22.46,0
199.56,10.069,-0.006,0.011,1.009,1.009,0.79,0.79,1.04,22.69,0
177.72,9.15,0.018,0.035,1.036,1.037,-0.18,-0.18,0.04,22.44,0
165.31,8.253,0.008,0.024,1.028,1.029,0.12,0.12,0.33,22.41,0
139.65,7.075,-0.0,0.015,1.022,1.022,-0.53,-0.53,-0.33,22.41,0
152.11,7.648,0.001,0.015,1.024,1.024,-0.29,-0.29,-0.1,22.54,0
144.79,7.279,0.015,0.028,1.038,1.039,0.73,0.73,0.9,22.53,0
134.85,6.784,0.016,0.028,1.04,1.04,0.35,0.35,0.51,22.5,0
148.33,7.327,-0.01,0.001,1.013,1.013,1.31,1.31,1.46,22.52,0
127.62,6.464,0.004,0.013,1.025,1.026,-0.27,-0.27,-0.14,22.65,0
118.33,5.902,-0.003,0.004,1.017,1.017,0.89,0.89,1.01,22.39,0
123.46,6.352,0.003,0.008,1.02,1.02,0.24,0.24,0.34,22.48,0
126.55,6.364,0.018,0.021,1.032,1.032,-0.17,-0.17,-0.08,22.66,0
138.59,6.892,0.003,0.003,1.013,1.013,-0.46,-0.46,-0.38,22.3,0
132.48,6.538,0.003,0.001,1.009,1.009,-0.15,-0.15,-0.1,22.36,0
166.22,8.323,0.037,0.033,1.039,1.04,0.04,0.04,0.08,22.41,0
179.65,8.819,-0.019,-0.025,0.979,0.98,0.22,0.22,0.25,22.51,0
182.12,9.145,0.022,0.013,1.015,1.015,0.08,0.08,0.09,22.51,0
209.73,10.568,0.005,-0.005,0.994,0.994,0.53,0.53,0.53,22.52,0
207.79,10.358,0.016,0.003,1.0,1.0,1.25,1.25,1.23,22.66,0
226.26,11.338,0.013,-0.001,0.994,0.994,-0.29,-0.29,-0.33,22.73,0
213.29,10.649,0.013,-0.003,0.99,0.99,-0.12,-0.12,-0.17,22.42,0
233.69,11.626,0.036,0.017,1.009,1.009,0.77,0.77,0.7,22.59,0
258.71,13.099,-0.026,-0.046,0.943,0.945,0.24,0.24,0.16,22.46,0
249.63,12.634,0.016,-0.006,0.983,0.983,-0.57,-0.57,-0.66,22.43,0
239.22,11.984,-0.004,-0.027,0.961,0.962,0.28,0.28,0.17,22.44,0
252.11,12.619,0.008,-0.015,0.972,0.972,0.99,0.99,0.87,22.47,0
258.94,12.939,-0.002,-0.026,0.961,0.962,-0.07,-0.07,-0.21,22.36,0
253.51,12.716,-0.017,-0.042,0.946,0.947,-0.14,-0.14,-0.29,22.43,0
229.97,11.569,-0.003,-0.028,0.961,0.962,-0.21,-0.21,-0.38,22.53,0
230.69,11.46,-0.012,-0.037,0.953,0.954,0.57,0.57,0.39,22.45,0
220.83,10.963,-0.037,-0.061,0.931,0.934,-0.85,-0.85,-1.04,22.59,0
213.24,10.732,-0.018,-0.042,0.952,0.953,-0.0,-0.0,-0.21,22.62,0
197.72,9.884,0.022,-0.001,0.996,0.996,-0.56,-0.56,-0.78,22.52,0
201.13,9.995,-0.02,-0.042,0.958,0.959,0.42,0.42,0.19,22.48,0
154.78,7.788,-0.013,-0.034,0.97,0.97,-1.1,-1.1,-1.35,22.67,0
162.62,8.141,-0.025,-0.044,0.962,0.963,-0.86,-0.86,-1.12,22.43,0
163.65,8.167,-0.021,-0.038,0.971,0.972,0.15,0.15,-0.12,22.41,0
124.72,6.193,-0.015,-0.03,0.982,0.983,0.02,0.02,-0.27,22.5,0
125.38,6.325,-0.018,-0.032,0.984,0.985,-0.03,-0.03,-0.33,22.17,0
102.91,5.32,0.026,0.016,1.034,1.035,0.05,0.05,-0.26,22.33,0
138.28,6.83,-0.026,-0.034,0.987,0.988,0.41,0.41,0.09,22.42,0
112.67,5.559,-0.033,-0.039,0.985,0.986,-0.04,-0.04,-0.37,22.62,0
137.4,6.737,-0.005,-0.008,1.017,1.017,0.77,0.77,0.42,22.65,0
133.38,6.691,0.011,0.011,1.037,1.038,-0.44,-0.44,-0.79,22.52,0
149.78,7.565,-0.009,-0.006,1.021,1.021,-0.07,-0.07,-0.43,22.54,0
152.39,7.667,0.01,0.015,1.043,1.043,-0.46,-0.46,-0.83,22.55,0
159.29,7.938,0.007,0.015,1.042,1.042,-0.74,-0.74,-1.13,22.47,0
181.23,9.189,-0.001,0.01,1.036,1.036,-0.54,-0.54,-0.93,22.48,0
195.57,9.784,-0.009,0.005,1.029,1.029,0.36,0.36,-0.04,22.69,0
216.61,10.751,0.002,0.018,1.04,1.04,-0.28,-0.28,-0.69,22.64,0
207.5,10.4,-0.025,-0.007,1.012,1.013,0.11,0.11,-0.31,22.61,0
234.41,11.579,-0.043,-0.022,0.994,0.995,1.23,1.23,0.8,22.4,0
226.48,11.478,-0.031,-0.008,1.004,1.005,-0.06,-0.06,-0.5,22.53,0
243.96,12.273,-0.007,0.018,1.025,1.025,0.29,0.29,-0.15,22.53,0
227.02,11.348,0.002,0.028,1.031,1.031,-0.73,-0.73,-1.18,22.43,0
239.58,12.102,0.006,0.034,1.032,1.032,0.23,0.23,-0.22,22.51,0
230.77,11.486,-0.021,0.008,1.001,1.001,0.96,0.96,0.5,22.55,0
251.36,12.552,-0.028,0.001,0.99,0.99,0.3,0.3,-0.17,22.34,0
248.64,12.421,-0.026,0.004,0.987,0.987,0.86,0.86,0.39,22.5,0
263.16,13.165,-0.012,0.018,0.996,0.996,0.01,0.01,-0.47,22.61,0
217.28,10.731,-0.028,0.001,0.975,0.976,-0.2,-0.2,-0.68,22.49,0
214.49,10.823,0.033,0.062,1.032,1.034,-0.07,-0.07,-0.55,22.64,0
231.81,11.601,-0.005,0.023,0.99,0.99,-0.35,-0.35,-0.84,22.67,0
200.96,10.066,-0.028,-0.001,0.962,0.963,-0.09,-0.09,-0.58,22.43,0
194.08,9.726,-0.005,0.02,0.981,0.981,1.01,1.01,0.52,22.67,0
172.05,8.634,0.0,0.024,0.983,0.984,-0.76,-0.76,-1.26,22.64,0
168.27,8.345,-0.018,0.004,0.962,0.962,-0.28,-0.28,-0.78,22.57,0
144.15,7.228,0.026,0.046,1.004,1.005,-0.66,-0.66,-1.16,22.7,0
132.74,6.744,-0.004,0.014,0.972,0.972,-0.13,-0.13,-0.63,22.62,0
121.15,6.128,0.005,0.02,0.98,0.98,-0.24,-0.24,-0.74,22.54,0
135.32,6.715,-0.009,0.004,0.966,0.966,0.19,0.19,-0.31,22.55,0
125.08,6.241,0.021,0.031,0.996,0.996,0.13,0.13,-0.37,22.5,0
136.32,6.795,0.012,0.019,0.988,0.988,-0.1,-0.1,-0.6,22.47,0
133.12,6.703,-0.026,-0.022,0.951,0.951,-0.22,-0.22,-0.71,22.68,0
117.51,6.023,-0.06,-0.059,0.919,0.923,0.38,0.38,-0.12,22.64,0
141.2,7.029,0.032,0.03,1.013,1.014,0.37,0.37,-0.12,22.72,0
147.9,7.469,0.033,0.028,1.017,1.018,0.35,0.35,-0.14,22.66,0
157.67,7.927,-0.031,-0.039,0.957,0.958,-0.35,-0.35,-0.83,22.51,0
170.44,8.493,0.008,-0.002,1.0,1.0,0.48,0.48,-0.0,22.58,0
179.7,8.932,0.012,-0.001,1.007,1.007,-1.13,-1.13,-1.61,22.72,0
196.35,9.804,-0.009,-0.025,0.989,0.989,0.17,0.17,-0.3,22.66,0
205.8,10.385,0.006,-0.012,1.009,1.009,-0.63,-0.63,-1.1,22.38,0
221.71,11.049,-0.026,-0.047,0.98,0.981,-0.48,-0.48,-0.94,22.36,0
227.83,11.264,0.046,0.024,1.055,1.057,0.22,0.22,-0.23,22.74,0
228.52,11.446,0.001,-0.023,1.013,1.013,-0.06,-0.06,-0.51,22.64,0
233.17,11.643,-0.038,-0.063,0.977,0.98,-0.04,-0.04,-0.49,22.54,0
241.78,12.296,-0.043,-0.069,0.975,0.978,0.2,0.2,-0.23,22.74,0
260.16,12.963,-0.025,-0.053,0.994,0.995,-0.46,-0.46,-0.89,22.63,0
248.59,12.476,0.003,-0.026,1.023,1.023,-1.1,-1.1,-1.52,22.58,0
252.95,12.51,-0.018,-0.047,1.003,1.004,-1.2,-1.2,-1.61,22.64,0
254.48,12.777,0.038,0.009,1.059,1.059,-0.11,-0.11,-0.51,22.61,0
231.43,11.55,0.057,0.029,1.077,1.079,-0.34,-0.34,-0.74,22.61,0
234.58,11.682,0.005,-0.023,1.024,1.024,0.06,0.06,-0.33,22.58,0
216.71,10.845,0.026,-0.001,1.044,1.044,-0.02,-0.02,-0.4,22.52,0
209.76,10.498,-0.01,-0.036,1.005,1.006,-0.99,-0.99,-1.36,22.76,0
195.6,9.901,-0.012,-0.037,1.0,1.001,0.04,0.04,-0.32,22.75,0
172.61,8.654,0.017,-0.006,1.026,1.026,0.66,0.66,0.32,22.61,0
168.74,8.425,0.015,-0.006,1.02,1.02,-0.41,-0.41,-0.74,22.5,0
155.47,7.785,-0.002,-0.021,1.0,1.0,-0.3,-0.3,-0.62,22.65,0
135.32,6.753,0.031,0.014,1.028,1.029,0.35,0.35,0.03,22.64,0
134.19,6.832,-0.001,-0.015,0.992,0.992,0.95,0.95,0.65,22.67,0
135.77,6.795,-0.013,-0.025,0.976,0.977,0.42,0.42,0.13,22.69,0
112.27,5.589,-0.01,-0.019,0.975,0.975,-0.25,-0.25,-0.53,22.59,0
145.64,7.155,0.004,-0.002,0.985,0.985,0.7,0.7,0.44,22.79,0
127.84,6.437,-0.003,-0.007,0.975,0.975,-0.73,-0.73,-0.98,22.75,0
126.75,6.333,-0.035,-0.036,0.939,0.941,0.56,0.56,0.32,22.54,0
133.56,6.7,-0.008,-0.007,0.964,0.964,-0.06,-0.06,-0.29,22.67,0
143.13,7.113,0.034,0.038,1.004,1.005,0.01,0.01,-0.2,22.72,0
160.37,7.936,0.01,0.016,0.977,0.978,0.64,0.64,0.44,22.69,0
175.86,8.787,0.049,0.058,1.016,1.019,-0.08,-0.08,-0.26,22.7,0
178.42,8.977,-0.02,-0.009,0.946,0.947,0.37,0.37,0.2,22.61,0
174.65,8.756,-0.007,0.006,0.96,0.96,-0.27,-0.27,-0.42,22.62,0
196.76,9.895,0.001,0.016,0.969,0.97,-0.51,-0.51,-0.65,22.8,0
230.86,11.548,-0.029,-0.012,0.941,0.941,0.04,0.04,-0.08,22.76,0
226.98,11.271,-0.008,0.01,0.964,0.964,1.21,1.21,1.1,22.78,0
220.6,11.008,-0.049,-0.029,0.927,0.928,-0.39,-0.39,-0.49,22.75,0
250.93,12.586,-0.001,0.02,0.978,0.978,0.28,0.28,0.2,22.8,0
260.7,12.998,-0.01,0.012,0.973,0.973,-0.25,-0.25,-0.32,22.65,0
251.15,12.489,-0.009,0.013,0.978,0.978,0.32,0.32,0.27,22.84,0
260.98,13.108,-0.02,0.003,0.972,0.973,0.65,0.65,0.61,22.9,0
260.8,12.993,0.013,0.035,1.01,1.011,0.49,0.49,0.47,22.89,0
239.95,11.931,-0.008,0.015,0.995,0.995,0.37,0.37,0.36,22.88,0
244.72,12.158,-0.019,0.003,0.989,0.989,0.16,0.16,0.17,22.88,0
240.33,11.998,-0.011,0.01,1.002,1.002,-0.19,-0.19,-0.17,22.78,0
230.17,11.526,-0.038,-0.017,0.98,0.981,0.23,0.23,0.26,22.77,0
201.97,10.14,-0.047,-0.027,0.976,0.977,0.48,0.48,0.54,22.71,0
213.19,10.472,-0.031,-0.013,0.996,0.996,0.08,0.08,0.15,22.89,0
175.97,8.826,-0.025,-0.009,1.005,1.005,-0.71,-0.71,-0.62,22.92,0
177.11,8.943,0.001,0.016,1.035,1.035,0.11,0.11,0.2,22.86,0
173.92,8.679,-0.008,0.005,1.028,1.028,-0.53,-0.53,-0.42,22.86,0
147.99,7.375,-0.034,-0.022,1.004,1.005,-0.1,-0.1,0.03,22.65,0
142.34,7.035,0.015,0.025,1.055,1.055,0.59,0.59,0.73,22.78,0
135.23,6.622,-0.012,-0.004,1.028,1.028,0.44,0.44,0.6,22.84,0
129.07,6.576,-0.003,0.003,1.037,1.037,0.81,0.81,0.98,23.02,0
129.53,6.564,0.046,0.049,1.084,1.087,0.47,0.47,0.65,22.77,0
135.11,6.804,0.001,0.002,1.037,1.037,0.33,0.33,0.53,22.74,0
120.08,5.982,-0.021,-0.022,1.013,1.014,-0.53,-0.53,-0.32,22.84,0
149.36,7.52,-0.029,-0.031,1.003,1.004,-0.46,-0.46,-0.24,22.83,0
146.28,7.229,0.011,0.007,1.039,1.039,0.1,0.1,0.34,22.84,0
156.81,7.795,-0.007,-0.013,1.017,1.017,0.56,0.56,0.81,22.88,0
158.47,7.988,0.007,-0.001,1.026,1.026,0.15,0.15,0.42,22.86,0
174.36,8.691,0.013,0.004,1.028,1.028,0.18,0.18,0.45,22.83,0
179.12,8.884,-0.012,-0.022,0.999,0.999,0.26,0.26,0.54,23.06,0
189.26,9.443,0.008,-0.004,1.013,1.013,-0.77,-0.77,-0.47,22.7,0
207.27,10.357,0.007,-0.005,1.007,1.007,0.27,0.27,0.58,22.87,0
230.18,11.512,-0.023,-0.036,0.973,0.973,0.53,0.53,0.85,23.12,0
229.42,11.446,0.0,-0.013,0.991,0.991,0.81,0.81,1.15,22.88,0
236.16,11.975,0.012,-0.002,0.999,0.999,0.19,0.19,0.54,22.84,0
243.85,12.192,0.011,-0.004,0.993,0.993,0.05,0.05,0.41,22.94,0
246.86,12.179,-0.036,-0.051,0.943,0.945,-0.54,-0.54,-0.17,22.94,0
242.25,12.248,-0.013,-0.027,0.963,0.963,-0.57,-0.57,-0.19,23.06,0
260.29,13.193,0.023,0.009,0.996,0.997,0.9,0.9,1.29,23.08,0
235.55,11.762,0.002,-0.011,0.974,0.974,-0.7,-0.7,-0.3,22.63,0
247.44,12.472,-0.007,-0.019,0.964,0.965,0.13,0.13,0.53,22.97,0
226.45,11.361,-0.015,-0.026,0.956,0.956,0.13,0.13,0.55,22.86,0
229.02,11.514,-0.023,-0.033,0.948,0.949,-0.03,-0.03,0.39,22.9,0
208.09,10.329,0.034,0.025,1.006,1.007,0.74,0.74,1.17,22.99,0
185.92,9.35,-0.03,-0.038,0.943,0.944,-0.21,-0.21,0.23,22.91,0
181.64,9.037,-0.042,-0.048,0.933,0.936,0.32,0.32,0.77,23.05,0
190.05,9.424,0.017,0.012,0.995,0.995,-0.39,-0.39,0.06,23.06,0
155.82,7.846,0.012,0.009,0.993,0.994,0.12,0.12,0.58,23.05,0
145.69,7.287,0.025,0.023,1.01,1.01,0.53,0.53,1.0,23.21,0
134.68,6.809,-0.021,-0.021,0.967,0.968,0.09,0.09,0.56,23.09,0
139.05,7.0,0.003,0.004,0.994,0.994,-0.47,-0.47,0.01,22.96,0
132.6,6.703,0.008,0.01,1.003,1.003,-0.35,-0.35,0.13,22.78,0
130.71,6.409,0.009,0.013,1.009,1.009,-0.4,-0.4,0.08,23.08,0
128.97,6.475,0.043,0.048,1.046,1.048,0.39,0.39,0.87,23.27,0
141.56,7.172,0.04,0.046,1.047,1.049,0.35,0.35,0.84,23.07,0
118.9,5.866,0.0,0.007,1.011,1.011,-0.79,-0.79,-0.3,23.0,0
137.51,6.933,0.019,0.027,1.032,1.033,0.17,0.17,0.67,22.93,0
144.68,7.231,0.022,0.031,1.038,1.038,0.16,0.16,0.66,23.2,0
164.34,8.241,0.037,0.046,1.054,1.056,-0.01,-0.01,0.49,23.12,0
168.65,8.526,0.021,0.03,1.04,1.04,0.04,0.04,0.54,23.12,0
179.85,8.96,0.051,0.06,1.07,1.073,0.78,0.78,1.28,23.17,0
198.54,9.869,0.009,0.019,1.029,1.029,0.32,0.32,0.82,23.0,0
202.28,10.05,0.03,0.04,1.05,1.051,0.18,0.18,0.68,23.22,0
211.71,10.625,-0.018,-0.008,1.001,1.001,0.31,0.31,0.81,23.17,0
227.31,11.227,0.03,0.039,1.047,1.048,0.1,0.1,0.59,23.16,0
238.08,11.914,0.012,0.02,1.027,1.027,0.64,0.64,1.13,23.12,0
229.31,11.55,0.015,0.022,1.027,1.027,1.24,1.24,1.73,23.15,0
256.8,12.743,0.017,0.024,1.027,1.027,-1.06,-1.06,-0.56,23.24,0
250.52,12.739,0.012,0.018,1.018,1.018,0.67,0.67,1.16,23.22,0
259.41,12.98,-0.011,-0.007,0.991,0.991,-0.55,-0.55,-0.07,23.19,0
258.62,12.932,0.001,0.005,1.0,1.0,0.83,0.83,1.31,23.0,0
259.31,12.944,-0.012,-0.01,0.982,0.983,-0.44,-0.44,0.04,23.32,0
245.22,12.367,0.012,0.013,1.003,1.003,0.39,0.39,0.86,22.9,0
218.59,11.082,-0.015,-0.016,0.972,0.973,-0.0,-0.0,0.46,23.08,0
209.7,10.548,0.002,-0.0,0.985,0.985,-1.01,-1.01,-0.55,23.29,0
199.37,10.0,-0.014,-0.018,0.966,0.967,-0.04,-0.04,0.42,23.29,0
189.37,9.426,0.005,-0.0,0.982,0.982,-0.0,-0.0,0.45,23.3,0
174.4,8.648,0.006,-0.001,0.981,0.981,0.32,0.32,0.76,23.09,0
166.78,8.313,-0.012,-0.02,0.961,0.961,-0.73,-0.73,-0.3,23.32,0
151.04,7.618,0.008,-0.001,0.98,0.98,0.2,0.2,0.63,23.33,0
142.94,7.185,-0.028,-0.039,0.942,0.943,-0.81,-0.81,-0.39,23.09,0
141.59,7.113,0.037,0.025,1.008,1.009,-0.11,-0.11,0.3,23.28,0
128.59,6.473,0.015,0.002,0.986,0.986,0.25,0.25,0.66,23.16,0
116.34,5.779,-0.019,-0.033,0.953,0.954,-0.5,-0.5,-0.11,23.29,0
121.76,5.975,-0.007,-0.021,0.968,0.968,0.02,0.02,0.41,23.1,0
116.53,5.84,0.001,-0.013,0.978,0.978,-0.7,-0.7,-0.33,23.3,0
111.41,5.653,-0.014,-0.029,0.966,0.966,-0.62,-0.62,-0.25,23.35,0
142.0,7.053,0.015,0.001,0.999,0.999,0.67,0.67,1.03,23.3,0
150.17,7.54,-0.028,-0.042,0.96,0.961,-0.14,-0.14,0.2,23.24,0
147.72,7.359,0.03,0.017,1.023,1.023,-0.79,-0.79,-0.46,23.28,0
152.55,7.647,-0.045,-0.058,0.952,0.955,-0.34,-0.34,-0.02,23.34,0
149.29,7.561,-0.033,-0.046,0.968,0.97,0.37,0.37,0.68,23.35,0
192.02,9.621,-0.031,-0.043,0.976,0.977,0.95,0.95,1.25,23.05,0
196.63,9.847,-0.014,-0.025,0.997,0.998,-0.23,-0.23,0.06,23.23,0
198.41,10.02,0.002,-0.006,1.019,1.019,-0.66,-0.66,-0.39,23.16,0
241.9,11.993,-0.064,-0.071,0.957,0.962,-0.26,-0.26,0.0,23.3,0
241.4,11.966,-0.017,-0.023,1.008,1.009,0.07,0.07,0.31,23.43,0
230.68,11.576,-0.036,-0.04,0.993,0.994,0.2,0.2,0.43,23.32,0
249.33,12.406,-0.009,-0.011,1.024,1.024,0.15,0.15,0.37,23.45,0
244.46,12.123,0.015,0.015,1.05,1.05,-0.36,-0.36,-0.15,23.42,0
241.06,11.995,-0.003,-0.001,1.034,1.034,-0.27,-0.27,-0.07,23.47,0
244.28,12.328,-0.013,-0.008,1.026,1.026,-0.75,-0.75,-0.57,23.53,0
262.53,13.113,-0.009,-0.003,1.03,1.03,-0.13,-0.13,0.03,23.46,0
243.82,12.138,-0.015,-0.007,1.025,1.025,-0.1,-0.1,0.05,23.23,0
226.73,11.389,-0.012,-0.001,1.027,1.027,-0.6,-0.6,-0.46,23.4,0
212.3,10.585,-0.023,-0.011,1.014,1.015,0.11,0.11,0.23,23.39,0
223.71,11.129,-0.018,-0.004,1.018,1.018,0.19,0.19,0.3,23.47,0
208.32,10.495,-0.014,0.002,1.019,1.019,0.4,0.4,0.5,23.55,0
191.89,9.745,-0.054,-0.036,0.976,0.978,-0.71,-0.71,-0.63,23.37,0
179.16,9.068,-0.044,-0.026,0.981,0.982,-0.2,-0.2,-0.14,23.45,0
168.11,8.534,0.039,0.059,1.06,1.062,-0.05,-0.05,-0.0,23.5,0
166.31,8.337,0.012,0.033,1.028,1.029,0.64,0.64,0.68,23.34,0
128.27,6.456,-0.02,0.001,0.991,0.991,-0.53,-0.53,-0.51,23.6,0
141.95,7.207,-0.004,0.018,1.002,1.002,0.07,0.07,0.07,23.54,0
124.45,6.289,0.019,0.042,1.02,1.021,0.14,0.14,0.13,23.58,0
132.73,6.585,-0.047,-0.025,0.948,0.95,0.16,0.16,0.14,23.5,0
130.45,6.605,-0.014,0.009,0.977,0.977,-0.38,-0.38,-0.42,23.61,0
122.08,6.168,-0.012,0.01,0.974,0.974,-0.15,-0.15,-0.21,23.5,0
132.98,6.646,-0.007,0.014,0.974,0.975,-0.45,-0.45,-0.52,23.43,0
144.77,7.232,0.024,0.044,1.001,1.003,-0.02,-0.02,-0.11,23.45,0
165.97,8.281,0.001,0.02,0.975,0.975,0.63,0.63,0.53,23.48,0
155.89,7.744,0.021,0.039,0.992,0.993,-0.7,-0.7,-0.81,23.45,0
162.58,8.077,0.004,0.021,0.973,0.974,0.03,0.03,-0.1,23.61,0
185.13,9.303,0.005,0.019,0.972,0.972,-0.88,-0.88,-1.03,23.73,0
202.27,10.089,0.011,0.024,0.978,0.979,-0.41,-0.41,-0.57,23.64,0
203.42,10.196,-0.008,0.003,0.959,0.959,-0.1,-0.1,-0.27,23.54,0
215.58,10.81,-0.01,-0.002,0.957,0.957,0.77,0.77,0.58,23.73,0
225.28,11.16,-0.001,0.005,0.967,0.967,-0.62,-0.62,-0.82,23.68,0
249.6,12.412,0.021,0.024,0.991,0.992,0.57,0.57,0.36,23.73,0
245.2,12.297,0.007,0.008,0.98,0.98,0.39,0.39,0.16,23.69,0
249.92,12.457,0.016,0.013,0.991,0.991,0.2,0.2,-0.04,23.6,0
237.99,11.924,-0.045,-0.05,0.934,0.936,-0.18,-0.18,-0.43,23.46,0
248.02,12.436,0.031,0.023,1.013,1.014,0.26,0.26,-0.01,23.64,0
248.92,12.367,-0.002,-0.012,0.984,0.984,1.06,1.06,0.78,23.63,0
230.0,11.636,0.022,0.009,1.012,1.012,0.02,0.02,-0.27,23.72,0
241.53,12.087,0.021,0.006,1.016,1.016,-0.38,-0.38,-0.68,23.64,0
240.03,12.031,0.009,-0.009,1.007,1.008,0.33,0.33,0.01,23.72,0
223.45,11.316,0.047,0.027,1.05,1.051,0.2,0.2,-0.13,23.79,0
201.98,9.977,0.0,-0.021,1.007,1.007,-0.28,-0.28,-0.62,23.72,0
191.76,9.667,0.024,0.001,1.034,1.035,-0.05,-0.05,-0.4,23.63,0
166.75,8.42,0.029,0.004,1.042,1.042,0.3,0.3,-0.06,23.79,0
158.07,8.007,0.032,0.005,1.047,1.048,-0.19,-0.19,-0.56,23.74,0
152.25,7.665,-0.001,-0.028,1.017,1.017,-0.86,-0.86,-1.24,23.47,0
145.18,7.296,0.0,-0.028,1.02,1.02,-0.49,-0.49,-0.88,23.82,0
134.21,6.701,0.025,-0.004,1.045,1.046,-0.74,-0.74,-1.14,23.95,0
113.13,5.649,0.044,0.015,1.065,1.066,0.04,0.04,-0.36,23.8,0
119.05,5.867,0.017,-0.011,1.038,1.038,0.51,0.51,0.1,23.72,0
111.42,5.525,0.031,0.003,1.051,1.051,-0.39,-0.39,-0.82,23.92,0
112.09,5.603,0.03,0.002,1.048,1.049,-0.45,-0.45,-0.89,23.62,0
128.0,6.438,0.022,-0.004,1.039,1.039,-1.16,-1.16,-1.6,23.79,0
137.41,6.768,0.021,-0.004,1.036,1.036,-0.32,-0.32,-0.76,23.67,0
150.77,7.405,0.014,-0.009,1.025,1.026,0.57,0.57,0.11,23.98,0
145.21,7.307,0.019,-0.003,1.027,1.027,0.65,0.65,0.19,23.73,0
152.94,7.598,0.028,0.008,1.033,1.033,0.22,0.22,-0.25,24.03,0
180.01,8.911,-0.031,-0.049,0.97,0.972,0.2,0.2,-0.27,24.03,0
193.27,9.648,-0.022,-0.037,0.975,0.976,1.14,1.14,0.66,23.97,0
199.42,10.054,-0.027,-0.04,0.966,0.968,-0.34,-0.34,-0.82,24.01,0
222.93,11.117,0.013,0.003,1.002,1.003,-0.26,-0.26,-0.74,23.87,0
214.68,10.607,0.032,0.025,1.018,1.019,0.18,0.18,-0.31,23.98,0
226.43,11.351,0.002,-0.002,0.985,0.985,0.23,0.23,-0.26,23.94,0
236.84,11.91,0.008,0.007,0.988,0.988,0.47,0.47,-0.02,23.89,0
236.47,11.769,0.012,0.014,0.99,0.99,0.72,0.72,0.22,24.03,0
256.05,12.695,-0.029,-0.024,0.948,0.948,-0.48,-0.48,-0.98,23.96,0
252.53,12.662,-0.002,0.006,0.974,0.974,-0.8,-0.8,-1.3,23.8,0
246.74,12.416,-0.013,-0.002,0.962,0.962,-0.25,-0.25,-0.75,23.92,0
240.8,12.048,-0.017,-0.003,0.958,0.958,0.24,0.24,-0.26,24.02,0
241.57,12.009,-0.008,0.008,0.967,0.967,-1.34,-1.34,-1.84,23.85,0
231.29,11.55,-0.002,0.017,0.975,0.975,-0.39,-0.39,-0.89,23.97,0
224.16,11.275,-0.009,0.012,0.97,0.97,-0.44,-0.44,-0.93,24.07,0
204.84,10.211,0.018,0.041,0.999,1.0,0.07,0.07,-0.43,24.06,0
208.74,10.539,0.008,0.033,0.993,0.993,0.16,0.16,-0.34,23.92,0
170.4,8.569,-0.016,0.01,0.971,0.972,-0.34,-0.34,-0.83,24.16,0
172.83,8.653,-0.018,0.01,0.974,0.974,0.08,0.08,-0.41,23.98,0
184.83,9.174,-0.01,0.019,0.986,0.986,-0.45,-0.45,-0.94,24.11,0
145.82,7.278,-0.012,0.017,0.988,0.988,0.54,0.54,0.05,24.21,0
149.93,7.529,-0.006,0.024,0.999,1.0,0.33,0.33,-0.15,24.1,0
129.9,6.549,-0.014,0.016,0.996,0.996,-0.65,-0.65,-1.13,24.25,0
107.29,5.374,-0.04,-0.01,0.974,0.975,0.47,0.47,-0.0,24.11,0
120.66,6.053,-0.039,-0.01,0.98,0.981,0.27,0.27,-0.19,24.2,0
136.09,6.801,-0.024,0.005,0.999,1.0,-0.82,-0.82,-1.28,24.05,0
144.77,7.098,-0.019,0.008,1.008,1.008,0.27,0.27,-0.18,24.39,0
130.75,6.562,0.018,0.043,1.048,1.049,-0.92,-0.92,-1.37,24.21,0
138.86,7.022,-0.013,0.011,1.02,1.02,0.15,0.15,-0.29,24.26,0
141.49,7.181,0.005,0.027,1.04,1.041,0.21,0.21,-0.22,24.08,0
170.37,8.425,-0.029,-0.009,1.008,1.008,-0.75,-0.75,-1.17,24.29,0
161.04,7.99,-0.013,0.005,1.025,1.025,-0.05,-0.05,-0.47,24.11,0
188.63,9.415,0.008,0.024,1.047,1.047,0.04,0.04,-0.37,24.2,0
198.99,9.914,0.016,0.029,1.053,1.054,0.39,0.39,-0.01,24.18,0
191.94,9.617,0.009,0.019,1.045,1.046,0.01,0.01,-0.38,24.25,0
242.54,12.119,-0.018,-0.011,1.016,1.016,-0.41,-0.41,-0.79,24.48,0
223.91,11.236,-0.051,-0.046,0.982,0.984,0.49,0.49,0.12,24.22,0
241.63,12.104,-0.014,-0.013,1.014,1.015,-0.04,-0.04,-0.4,24.26,0
260.03,12.957,-0.02,-0.021,1.005,1.005,0.3,0.3,-0.05,24.24,0
254.1,12.61,0.02,0.016,1.041,1.041,-0.33,-0.33,-0.67,24.12,0
253.62,12.718,-0.009,-0.016,1.007,1.007,0.26,0.26,-0.07,24.36,0
248.98,12.4,0.026,0.017,1.038,1.038,-0.24,-0.24,-0.55,24.15,0
239.76,11.915,-0.007,-0.019,0.999,0.999,-0.25,-0.25,-0.55,24.34,0
249.17,12.393,0.012,-0.002,1.012,1.012,0.43,0.43,0.14,24.36,0
234.69,11.607,-0.036,-0.052,0.959,0.961,-0.16,-0.16,-0.44,24.31,0
230.4,11.624,0.011,-0.007,1.001,1.001,0.09,0.09,-0.18,24.3,0
232.11,11.727,0.016,-0.003,1.002,1.002,-0.89,-0.89,-1.15,24.26,0
206.21,10.262,0.006,-0.015,0.987,0.987,-0.36,-0.36,-0.6,24.25,0
177.29,8.894,-0.008,-0.03,0.969,0.969,1.05,1.05,0.82,24.2,0
174.68,8.733,-0.009,-0.033,0.963,0.964,-0.53,-0.53,-0.75,24.3,0
164.68,8.11,-0.019,-0.043,0.951,0.952,-1.01,-1.01,-1.22,24.5,0
141.82,7.086,0.015,-0.01,0.982,0.982,-0.1,-0.1,-0.29,24.2,0
140.95,7.082,0.005,-0.02,0.97,0.97,-1.13,-1.13,-1.3,24.33,0
141.82,7.166,-0.025,-0.05,0.939,0.94,-0.26,-0.26,-0.42,24.43,0
124.16,6.184,-0.008,-0.032,0.955,0.956,0.17,0.17,0.02,24.35,0
146.66,7.251,-0.009,-0.033,0.955,0.955,-0.04,-0.04,-0.17,24.56,0
129.22,6.271,0.042,0.018,1.006,1.007,0.21,0.21,0.09,24.42,0
130.21,6.435,0.021,-0.002,0.986,0.986,-0.54,-0.54,-0.64,24.5,0
129.36,6.467,0.028,0.007,0.996,0.997,-0.62,-0.62,-0.71,24.48,0
135.82,6.788,0.024,0.004,0.995,0.995,0.47,0.47,0.39,24.59,0
144.77,7.232,0.044,0.026,1.018,1.019,-0.26,-0.26,-0.31,24.47,0
148.66,7.427,0.01,-0.006,0.988,0.988,0.02,0.02,-0.02,24.59,0
160.54,8.089,0.017,0.003,0.999,0.999,-1.04,-1.04,-1.07,24.44,0
165.31,8.33,-0.014,-0.025,0.972,0.973,-0.33,-0.33,-0.34,24.6,0
197.69,9.794,0.02,0.01,1.01,1.01,-0.19,-0.19,-0.18,24.47,0
205.44,10.188,-0.014,-0.022,0.981,0.981,-0.56,-0.56,-0.54,24.45,0
219.31,10.947,0.017,0.012,1.017,1.017,0.68,0.68,0.71,24.58,0
216.44,10.823,0.013,0.01,1.017,1.017,-0.79,-0.79,-0.74,24.52,0
232.1,11.596,0.022,0.021,1.03,1.031,0.74,0.74,0.8,24.79,0
234.61,11.748,-0.006,-0.005,1.005,1.005,0.07,0.07,0.15,24.56,0
247.59,12.446,0.012,0.015,1.027,1.027,-0.04,-0.04,0.05,24.53,0
256.43,12.721,-0.021,-0.015,0.997,0.997,-0.4,-0.4,-0.29,24.78,0
252.25,12.59,0.009,0.017,1.03,1.03,-0.71,-0.71,-0.59,24.62,0
241.49,12.105,0.004,0.014,1.026,1.026,-0.58,-0.58,-0.45,24.53,0
242.64,12.112,0.025,0.036,1.048,1.049,-0.01,-0.01,0.13,24.65,0
230.44,11.618,0.0,0.013,1.024,1.024,-0.21,-0.21,-0.05,24.78,0
228.29,11.357,0.001,0.015,1.025,1.025,0.74,0.74,0.92,24.75,0
223.13,11.069,-0.008,0.007,1.015,1.015,-0.81,-0.81,-0.62,24.67,0
196.82,9.843,0.049,0.065,1.071,1.074,-0.92,-0.92,-0.71,24.72,0
190.5,9.508,-0.017,-0.001,1.002,1.002,0.74,0.74,0.96,24.75,0
194.54,9.833,-0.001,0.016,1.016,1.016,-0.47,-0.47,-0.24,24.62,0
179.86,8.997,0.008,0.025,1.023,1.023,-0.32,-0.32,-0.08,24.47,0
169.98,8.412,0.034,0.051,1.045,1.047,0.77,0.77,1.03,24.52,0
141.51,7.047,0.01,0.027,1.018,1.018,-0.58,-0.58,-0.31,24.87,0
134.98,6.793,0.024,0.041,1.029,1.03,0.33,0.33,0.61,24.8,0
144.7,7.269,-0.013,0.002,0.987,0.987,-0.36,-0.36,-0.06,24.63,0
119.68,6.014,-0.004,0.011,0.993,0.993,0.05,0.05,0.36,24.55,0
137.1,6.847,0.004,0.018,0.997,0.997,0.12,0.12,0.44,24.66,0
116.73,5.937,-0.014,-0.001,0.976,0.976,0.49,0.49,0.82,24.67,0
131.35,6.553,0.001,0.013,0.988,0.988,-0.26,-0.26,0.08,24.63,0
135.4,6.904,-0.033,-0.023,0.951,0.952,0.02,0.02,0.37,24.5,0
141.48,7.131,-0.009,0.0,0.973,0.973,0.06,0.06,0.42,24.67,0
150.7,7.59,0.008,0.016,0.988,0.988,0.35,0.35,0.73,24.67,0
162.83,8.155,0.025,0.031,1.004,1.004,-0.55,-0.55,-0.17,24.62,0
171.1,8.654,-0.043,-0.039,0.935,0.937,-0.0,-0.0,0.39,24.95,0
176.57,8.901,0.001,0.003,0.979,0.979,0.96,0.96,1.36,24.7,0
200.03,10.01,-0.037,-0.036,0.942,0.943,-0.33,-0.33,0.08,24.94,0
212.34,10.581,0.0,-0.0,0.98,0.98,-0.75,-0.75,-0.33,24.7,0
227.6,11.423,0.021,0.018,1.002,1.003,0.26,0.26,0.68,24.81,0
232.1,11.566,0.027,0.023,1.011,1.012,-0.19,-0.19,0.24,24.78,0
234.79,11.86,0.001,-0.004,0.988,0.988,-0.37,-0.37,0.07,24.9,0
244.07,12.126,0.005,-0.001,0.996,0.996,0.56,0.56,1.01,24.9,0
255.75,12.809,-0.006,-0.013,0.988,0.988,-0.71,-0.71,-0.25,24.84,0
245.49,12.426,-0.024,-0.032,0.974,0.975,0.94,0.94,1.4,24.86,0
250.91,12.514,-0.037,-0.046,0.965,0.967,-0.73,-0.73,-0.26,24.96,0
242.98,12.096,0.01,0.0,1.016,1.016,0.54,0.54,1.01,24.89,0
235.3,11.766,-0.052,-0.062,0.959,0.962,0.19,0.19,0.66,24.95,0
243.08,12.199,-0.019,-0.029,0.996,0.997,0.02,0.02,0.5,24.94,0
223.01,11.173,-0.014,-0.025,1.005,1.005,0.29,0.29,0.77,24.86,0
214.08,10.781,-0.028,-0.039,0.995,0.996,0.09,0.09,0.58,25.13,0
207.0,10.276,-0.004,-0.014,1.022,1.022,-0.36,-0.36,0.13,25.06,0
189.55,9.36,-0.006,-0.016,1.023,1.023,-0.12,-0.12,0.38,25.0,0
178.05,8.917,-0.008,-0.017,1.024,1.024,-0.78,-0.78,-0.29,25.0,0
171.62,8.595,-0.026,-0.035,1.007,1.008,-0.11,-0.11,0.39,25.19,0
145.1,7.282,-0.028,-0.035,1.007,1.008,-0.77,-0.77,-0.27,24.79,0
143.81,7.177,-0.023,-0.03,1.012,1.013,1.39,1.39,1.89,25.06,0
142.13,7.142,0.01,0.005,1.045,1.045,-0.51,-0.51,-0.01,25.18,0
125.67,6.36,-0.007,-0.011,1.027,1.027,-0.3,-0.3,0.2,24.92,0
113.15,5.716,-0.025,-0.027,1.008,1.009,-0.89,-0.89,-0.39,25.2,0
123.73,6.294,0.047,0.045,1.077,1.079,0.13,0.13,0.63,25.04,0
125.9,6.429,-0.012,-0.012,1.016,1.016,0.14,0.14,0.64,25.08,0
125.37,6.425,-0.025,-0.024,0.999,1.0,-0.38,-0.38,0.12,25.03,0
141.51,7.111,-0.013,-0.01,1.008,1.008,-0.88,-0.88,-0.38,25.04,0
144.6,7.233,0.003,0.007,1.019,1.019,-0.14,-0.14,0.35,25.09,0
156.5,7.735,-0.023,-0.017,0.988,0.989,0.27,0.27,0.75,25.12,0
170.4,8.481,0.005,0.012,1.011,1.011,0.72,0.72,1.2,25.3,0
187.68,9.416,-0.03,-0.022,0.971,0.971,0.11,0.11,0.59,25.09,0
182.64,9.234,-0.013,-0.004,0.983,0.983,-0.08,-0.08,0.39,25.17,0
214.5,10.778,-0.041,-0.031,0.95,0.951,0.98,0.98,1.44,25.32,0
217.9,10.769,0.008,0.019,0.994,0.994,0.03,0.03,0.49,25.08,0
236.62,11.796,-0.0,0.011,0.98,0.98,0.7,0.7,1.16,25.19,0
240.05,11.945,0.013,0.024,0.989,0.989,-0.95,-0.95,-0.5,25.06,0
240.89,12.004,-0.007,0.005,0.965,0.965,0.27,0.27,0.72,25.27,0
251.93,12.694,0.037,0.049,1.005,1.007,0.75,0.75,1.19,25.22,0
243.24,12.19,0.018,0.03,0.984,0.985,0.29,0.29,0.72,25.17,0
238.45,11.905,0.008,0.019,0.971,0.971,-0.39,-0.39,0.04,25.16,0
248.16,12.489,0.017,0.029,0.979,0.98,-0.95,-0.95,-0.53,25.24,0
237.84,11.816,0.005,0.015,0.966,0.966,0.71,0.71,1.11,25.2,0
245.59,12.328,-0.007,0.003,0.954,0.954,-0.95,-0.95,-0.55,25.13,0
240.59,11.815,0.025,0.034,0.987,0.987,-0.17,-0.17,0.22,25.26,0
211.81,10.695,0.001,0.009,0.964,0.964,-0.6,-0.6,-0.22,25.35,0
198.28,9.844,0.045,0.051,1.01,1.012,0.19,0.19,0.56,25.23,0
203.61,10.217,0.003,0.008,0.971,0.971,-0.1,-0.1,0.25,25.35,0
178.6,8.984,0.032,0.036,1.003,1.004,0.13,0.13,0.48,25.22,0
158.06,7.77,0.023,0.025,0.998,0.998,0.24,0.24,0.58,25.22,0
148.59,7.494,0.019,0.019,0.997,0.998,-0.9,-0.9,-0.57,25.2,0
142.22,7.141,0.022,0.02,1.005,1.005,-0.22,-0.22,0.1,25.37,0
131.48,6.643,-0.001,-0.005,0.987,0.987,0.52,0.52,0.82,25.42,0
142.34,7.103,0.013,0.008,1.005,1.006,0.35,0.35,0.64,25.13,0
118.29,5.876,0.01,0.003,1.007,1.007,0.47,0.47,0.74,25.21,0
122.55,6.17,0.006,-0.003,1.008,1.008,0.12,0.12,0.38,25.42,0
116.48,5.948,0.007,-0.004,1.013,1.013,-0.93,-0.93,-0.68,25.21,0
131.12,6.598,0.001,-0.011,1.012,1.012,0.87,0.87,1.11,25.28,0
149.27,7.412,0.006,-0.008,1.021,1.021,-0.7,-0.7,-0.48,25.39,0
147.57,7.393,0.028,0.013,1.047,1.047,-0.47,-0.47,-0.26,25.43,0
154.06,7.702,0.006,-0.01,1.028,1.028,0.0,0.0,0.2,25.28,0
176.5,8.822,0.014,-0.004,1.037,1.037,0.41,0.41,0.6,25.16,0
175.23,8.642,-0.016,-0.034,1.01,1.011,0.13,0.13,0.31,25.42,0
177.37,8.886,-0.007,-0.026,1.02,1.02,-0.71,-0.71,-0.56,25.44,0
195.17,9.728,0.018,-0.002,1.045,1.046,0.32,0.32,0.46,25.32,0
208.63,10.403,-0.015,-0.035,1.012,1.012,0.63,0.63,0.76,25.35,0
220.57,11.083,-0.003,-0.023,1.023,1.024,0.79,0.79,0.9,25.59,0
220.99,11.08,0.019,-0.001,1.044,1.044,0.05,0.05,0.15,25.35,0
255.3,12.763,0.018,-0.001,1.041,1.041,-0.06,-0.06,0.02,25.5,0
246.18,12.285,0.01,-0.008,1.031,1.031,-0.59,-0.59,-0.52,25.4,0
243.53,12.182,0.008,-0.009,1.026,1.026,0.67,0.67,0.72,25.52,0
258.89,13.025,-0.0,-0.017,1.014,1.014,1.41,1.41,1.45,25.6,0
255.64,12.659,-0.014,-0.029,0.998,0.998,0.5,0.5,0.53,25.41,0
243.27,12.18,0.024,0.011,1.032,1.032,1.27,1.27,1.28,25.64,0
252.52,12.572,-0.012,-0.024,0.991,0.992,-0.06,-0.06,-0.07,25.38,0
235.62,11.74,0.013,0.003,1.013,1.013,-0.31,-0.31,-0.33,25.49,0
220.27,10.993,-0.008,-0.016,0.988,0.988,-0.37,-0.37,-0.41,25.56,0
218.79,10.94,0.005,-0.001,0.997,0.997,0.5,0.5,0.45,25.74,0
194.1,9.743,-0.037,-0.04,0.952,0.954,0.63,0.63,0.57,25.6,0
176.63,8.804,0.005,0.004,0.991,0.992,0.47,0.47,0.39,25.35,0
186.52,9.438,-0.037,-0.035,0.947,0.948,0.08,0.08,-0.02,25.58,0
149.77,7.56,-0.024,-0.019,0.959,0.959,-0.95,-0.95,-1.06,25.51,0
148.56,7.435,0.005,0.012,0.986,0.986,0.24,0.24,0.12,25.6,0
124.05,6.234,-0.049,-0.04,0.931,0.933,-0.35,-0.35,-0.49,25.66,0
140.44,7.106,-0.024,-0.013,0.956,0.956,-0.2,-0.2,-0.35,25.8,0
129.7,6.54,-0.02,-0.006,0.96,0.961,-1.09,-1.09,-1.25,25.51,0
139.84,6.931,-0.041,-0.025,0.94,0.941,-0.21,-0.21,-0.39,25.4,0
111.43,5.588,-0.039,-0.021,0.944,0.945,0.19,0.19,-0.0,25.46,0
128.98,6.53,-0.04,-0.019,0.945,0.946,1.11,1.11,0.91,25.8,0
147.05,7.451,-0.033,-0.011,0.955,0.955,-0.45,-0.45,-0.67,25.61,0
142.83,7.23,-0.049,-0.025,0.942,0.944,0.36,0.36,0.13,25.6,0
139.01,7.023,-0.022,0.003,0.972,0.972,-0.03,-0.03,-0.27,25.81,0
161.66,8.232,-0.012,0.014,0.986,0.986,-0.27,-0.27,-0.53,25.72,0
181.89,9.036,-0.039,-0.013,0.963,0.963,0.15,0.15,-0.13,25.64,0
183.67,9.218,-0.018,0.009,0.988,0.988,0.05,0.05,-0.23,25.65,0
197.35,9.927,0.019,0.046,1.028,1.03,-0.51,-0.51,-0.81,25.67,0
199.54,9.993,0.01,0.038,1.024,1.025,0.3,0.3,-0.01,25.65,0
218.21,11.067,0.004,0.03,1.021,1.021,0.14,0.14,-0.18,25.69,0
218.88,10.912,-0.009,0.017,1.012,1.012,-0.65,-0.65,-0.98,25.74,0
315.94,15.797,0.009,0.009,1.009,1.009,-0.11,-0.11,-0.11,25.55,0
84.0,4.2,-0.139,-0.305,-0.05,0.339,-5.61,-7.68,-2.71,25.58,0
752.7,37.635,0.187,0.376,2.226,2.265,7.03,9.39,3.72,25.52,1
84.0,4.2,-0.148,-0.282,0.119,0.34,-4.61,-6.28,-2.29,25.71,0
458.85,22.942,0.073,0.131,1.392,1.4,2.69,3.41,1.67,25.49,0
328.06,16.403,0.027,0.027,1.027,1.027,-0.87,-0.87,-0.87,25.43,0
232.43,11.621,-0.007,-0.036,0.835,0.835,-1.24,-1.6,-0.74,25.64,0
388.59,19.429,0.028,0.061,1.209,1.211,1.44,1.85,0.87,25.76,0
254.32,12.716,0.013,-0.01,0.886,0.886,0.14,-0.15,0.54,25.47,0
347.99,17.4,0.017,0.027,1.073,1.073,-0.55,-0.42,-0.72,25.51,0
318.19,15.91,0.013,0.013,1.013,1.013,-0.38,-0.38,-0.38,25.46,0
303.07,15.153,-0.023,-0.028,0.949,0.95,0.22,0.16,0.31,25.48,0
330.79,16.54,0.004,0.009,1.035,1.035,1.06,1.13,0.96,25.59,0
294.4,14.72,-0.002,-0.006,0.976,0.976,0.59,0.54,0.66,25.52,0
321.01,16.05,-0.027,-0.025,0.983,0.983,0.27,0.29,0.24,25.37,0
324.18,16.209,0.025,0.025,1.025,1.025,0.76,0.76,0.76,25.45,0
300.22,15.011,-0.033,-0.034,0.962,0.963,-0.51,-0.52,-0.49,25.38,0
318.21,15.91,-0.014,-0.013,0.992,0.992,0.49,0.5,0.47,25.71,0
314.0,15.7,-0.019,-0.02,0.977,0.977,-0.21,-0.21,-0.19,25.42,0
316.49,15.824,-0.023,-0.023,0.979,0.979,-0.09,-0.09,-0.1,25.59,0
320.82,16.041,0.001,0.001,1.001,1.001,0.08,0.08,0.08,25.61,0
306.2,15.31,-0.022,-0.022,0.977,0.978,0.56,0.56,0.57,25.35,0
305.79,15.289,0.019,0.019,1.02,1.02,1.3,1.3,1.29,25.42,0
314.66,15.733,-0.028,-0.028,0.971,0.972,-0.3,-0.31,-0.3,25.45,0
337.6,16.88,-0.001,-0.001,0.999,0.999,-0.35,-0.34,-0.35,25.34,0
309.36,15.468,0.019,0.019,1.019,1.019,0.29,0.29,0.29,25.63,0
313.86,15.693,-0.019,-0.019,0.981,0.981,-0.34,-0.34,-0.34,25.31,0
312.34,15.617,-0.001,-0.001,0.999,0.999,0.41,0.41,0.41,25.59,0
330.93,16.547,0.014,0.014,1.014,1.015,0.41,0.41,0.41,25.66,0
324.94,16.247,-0.003,-0.003,0.997,0.997,0.32,0.32,0.32,25.33,0
302.3,15.115,0.016,0.016,1.016,1.016,-0.05,-0.05,-0.05,25.5,0
310.23,15.512,-0.02,-0.02,0.98,0.981,0.53,0.53,0.53,25.17,0
329.08,16.454,-0.005,-0.005,0.995,0.995,0.28,0.28,0.28,25.53,0
310.67,15.533,0.019,0.019,1.019,1.02,-0.19,-0.19,-0.19,25.32,0
309.82,15.491,0.026,0.026,1.026,1.027,0.5,0.5,0.5,25.41,0
320.62,16.031,0.017,0.017,1.017,1.017,0.16,0.16,0.16,25.66,0
319.07,15.953,0.016,0.016,1.016,1.016,-0.26,-0.26,-0.26,25.7,0
332.18,16.609,-0.01,-0.01,0.99,0.99,-0.27,-0.27,-0.27,25.51,0
325.4,16.27,0.014,0.014,1.014,1.014,0.39,0.39,0.39,25.67,0
307.44,15.372,0.032,0.032,1.032,1.033,0.78,0.78,0.78,25.53,0
316.74,15.837,0.014,0.014,1.014,1.015,0.77,0.77,0.77,25.68,0
84.0,4.2,-0.123,-0.288,-0.034,0.315,-6.2,-8.27,-3.3,25.52,0
739.24,36.962,0.199,0.388,2.238,2.28,6.91,9.27,3.6,25.69,1
84.0,4.2,-0.14,-0.273,0.128,0.333,-5.02,-6.69,-2.69,25.56,0
463.68,23.184,0.058,0.116,1.377,1.384,1.73,2.46,0.72,25.72,0
306.76,15.338,0.035,0.035,1.035,1.036,-0.37,-0.37,-0.37,25.43,0
237.1,11.855,-0.049,-0.078,0.793,0.798,-0.63,-0.99,-0.13,25.55,0
394.86,19.743,0.022,0.055,1.203,1.204,1.17,1.58,0.6,25.77,0
244.31,12.216,-0.027,-0.05,0.846,0.848,-0.4,-0.69,0.0,25.42,0
334.46,16.723,0.008,0.018,1.063,1.063,1.16,1.29,0.98,25.34,0
306.59,15.329,0.005,0.005,1.005,1.005,-1.16,-1.16,-1.16,25.2,0
301.88,15.094,-0.023,-0.028,0.949,0.95,0.53,0.46,0.62,25.33,0
339.9,16.995,0.004,0.01,1.036,1.036,0.39,0.46,0.29,25.48,0
306.79,15.339,0.007,0.003,0.985,0.985,0.64,0.59,0.71,25.63,0
324.06,16.203,0.01,0.012,1.02,1.02,0.87,0.89,0.84,25.58,0
316.02,15.801,-0.032,-0.032,0.968,0.969,0.26,0.26,0.26,25.59,0
300.53,15.026,0.003,0.003,0.999,0.999,-0.78,-0.79,-0.77,25.66,0
319.22,15.961,0.032,0.033,1.038,1.039,0.71,0.72,0.69,25.53,0
314.33,15.716,0.003,0.002,0.999,0.999,-0.39,-0.4,-0.38,25.5,0
315.17,15.759,-0.025,-0.025,0.977,0.977,0.49,0.5,0.49,25.48,0
317.89,15.895,0.036,0.036,1.036,1.038,0.47,0.47,0.47,25.58,0
302.61,15.131,-0.013,-0.013,0.987,0.987,0.04,0.04,0.05,25.49,0
309.68,15.484,-0.059,-0.059,0.942,0.946,0.8,0.81,0.8,25.48,0
325.18,16.259,-0.007,-0.007,0.992,0.992,-0.93,-0.93,-0.92,25.5,0
311.48,15.574,-0.021,-0.021,0.979,0.98,-0.55,-0.55,-0.55,25.44,0
315.69,15.785,0.002,0.002,1.002,1.002,-0.01,-0.01,-0.01,25.47,0
309.69,15.485,0.023,0.023,1.023,1.024,0.33,0.33,0.33,25.54,0
310.19,15.509,-0.042,-0.042,0.958,0.96,-0.97,-0.97,-0.98,25.76,0
311.15,15.558,0.01,0.01,1.01,1.01,0.38,0.38,0.38,25.43,0
322.91,16.146,-0.016,-0.016,0.984,0.984,0.57,0.57,0.57,25.14,0
313.9,15.695,0.008,0.008,1.008,1.008,-0.18,-0.18,-0.18,25.61,0
316.18,15.809,-0.015,-0.015,0.985,0.985,0.79,0.79,0.79,25.8,0
306.32,15.316,0.019,0.019,1.019,1.019,-0.34,-0.34,-0.34,25.58,0
311.88,15.594,-0.003,-0.003,0.997,0.997,-0.39,-0.39,-0.39,25.54,0
326.26,16.313,0.025,0.025,1.025,1.026,-0.61,-0.61,-0.61,25.53,0
318.57,15.928,0.028,0.028,1.028,1.029,-0.9,-0.9,-0.9,25.6,0
294.7,14.735,-0.013,-0.013,0.987,0.988,-0.04,-0.04,-0.04,25.57,0
304.6,15.23,-0.045,-0.045,0.955,0.957,-0.17,-0.17,-0.17,25.7,0
325.12,16.256,0.015,0.015,1.015,1.015,-0.36,-0.36,-0.36,25.63,0
302.27,15.113,0.034,0.034,1.034,1.035,0.19,0.19,0.19,25.52,0
328.59,16.429,-0.011,-0.011,0.989,0.989,-0.91,-0.91,-0.91,25.43,0
84.0,4.2,-0.21,-0.375,-0.121,0.447,-5.77,-7.84,-2.87,25.39,0
746.34,37.317,0.185,0.374,2.224,2.263,7.12,9.48,3.81,25.59,1
84.0,4.2,-0.149,-0.282,0.119,0.34,-5.01,-6.67,-2.68,25.41,0
438.13,21.906,0.069,0.127,1.388,1.396,1.67,2.39,0.65,25.39,0
336.45,16.823,-0.015,-0.015,0.985,0.985,-0.2,-0.2,-0.2,25.42,0
227.36,11.368,0.017,-0.012,0.859,0.859,-2.13,-2.48,-1.62,25.68,0
389.93,19.497,0.068,0.101,1.249,1.255,1.19,1.6,0.61,25.4,0
254.58,12.729,-0.012,-0.035,0.861,0.862,-0.75,-1.04,-0.35,25.38,0
342.97,17.149,-0.003,0.007,1.052,1.052,0.63,0.76,0.46,25.39,0
299.43,14.971,-0.004,-0.004,0.996,0.996,1.28,1.28,1.28,25.32,0
313.37,15.669,0.003,-0.002,0.976,0.976,0.02,-0.04,0.11,25.58,0
331.43,16.571,-0.024,-0.018,1.007,1.008,1.05,1.12,0.95,25.54,0
302.24,15.112,-0.037,-0.041,0.941,0.943,-1.13,-1.18,-1.06,25.48,0
315.75,15.787,0.001,0.003,1.011,1.011,0.08,0.1,0.05,25.53,0
312.99,15.65,-0.019,-0.019,0.981,0.982,-1.01,-1.01,-1.01,25.5,0
300.99,15.05,-0.009,-0.009,0.987,0.987,-1.11,-1.13,-1.1,25.64,0
316.08,15.804,-0.036,-0.035,0.969,0.97,0.43,0.45,0.42,25.09,0
315.0,15.75,-0.024,-0.025,0.972,0.973,0.51,0.5,0.52,25.46,0
315.81,15.79,-0.006,-0.005,0.996,0.996,-0.01,-0.0,-0.01,25.51,0
321.53,16.077,0.025,0.025,1.025,1.025,-0.01,-0.01,-0.01,25.35,0
319.77,15.989,-0.006,-0.006,0.993,0.993,0.37,0.37,0.37,25.68,0
310.92,15.546,0.0,0.0,1.001,1.001,-0.63,-0.62,-0.63,25.77,0
320.25,16.012,0.016,0.016,1.015,1.015,-0.58,-0.58,-0.58,25.61,0
312.41,15.62,0.016,0.016,1.017,1.017,-0.59,-0.59,-0.6,25.62,0
327.68,16.384,-0.017,-0.017,0.983,0.983,0.3,0.3,0.3,25.64,0
311.57,15.579,-0.007,-0.008,0.992,0.992,-0.07,-0.07,-0.07,25.7,0
318.89,15.945,-0.031,-0.031,0.969,0.97,0.0,0.0,-0.0,25.72,0
302.36,15.118,-0.016,-0.016,0.984,0.984,0.48,0.48,0.48,25.6,0
315.52,15.776,-0.009,-0.009,0.991,0.991,-0.49,-0.49,-0.49,25.28,0
315.38,15.769,0.023,0.023,1.023,1.023,-0.45,-0.45,-0.45,25.48,0
321.22,16.061,0.054,0.054,1.054,1.057,0.79,0.79,0.79,25.32,0
314.87,15.743,0.006,0.006,1.006,1.006,0.36,0.36,0.36,25.66,0
331.2,16.56,-0.038,-0.038,0.962,0.963,-0.43,-0.43,-0.43,25.43,0
312.47,15.623,-0.013,-0.013,0.987,0.987,-0.48,-0.48,-0.48,25.46,0
328.54,16.427,-0.007,-0.007,0.993,0.993,-0.13,-0.13,-0.13,25.6,0
316.39,15.82,-0.017,-0.017,0.983,0.983,0.56,0.56,0.56,25.48,0
317.53,15.876,-0.009,-0.009,0.991,0.991,-0.29,-0.29,-0.29,25.47,0
317.11,15.856,0.004,0.004,1.004,1.004,0.22,0.22,0.22,25.37,0
333.45,16.672,0.044,0.044,1.044,1.046,-0.13,-0.13,-0.13,25.5,0
317.99,15.899,0.038,0.038,1.038,1.04,-0.31,-0.31,-0.31,25.31,0
84.0,4.2,-0.181,-0.347,-0.092,0.402,-6.24,-8.31,-3.34,25.29,0
746.55,37.328,0.189,0.378,2.228,2.268,6.09,8.45,2.78,25.81,1
84.0,4.2,-0.137,-0.27,0.131,0.33,-4.59,-6.26,-2.26,25.21,0
441.51,22.075,0.09,0.148,1.408,1.419,2.59,3.32,1.58,25.45,0
309.02,15.451,0.028,0.028,1.028,1.028,0.26,0.26,0.26,25.46,0
248.83,12.441,-0.042,-0.07,0.8,0.804,-1.16,-1.52,-0.65,25.48,0
386.74,19.337,0.013,0.046,1.194,1.195,1.16,1.58,0.59,25.4,0
272.14,13.607,-0.011,-0.035,0.861,0.862,-1.38,-1.67,-0.97,25.19,0
344.21,17.21,0.027,0.037,1.082,1.083,0.55,0.68,0.38,25.41,0
303.37,15.168,0.043,0.043,1.043,1.044,0.73,0.73,0.73,25.33,0
300.68,15.034,-0.024,-0.029,0.949,0.95,0.5,0.44,0.59,25.4,0
324.55,16.228,0.005,0.011,1.037,1.037,-0.41,-0.34,-0.51,25.49,0
302.4,15.12,-0.022,-0.026,0.956,0.957,-0.14,-0.19,-0.07,25.69,0
320.5,16.025,0.028,0.03,1.038,1.038,-0.12,-0.1,-0.15,25.33,0
296.92,14.846,-0.031,-0.031,0.969,0.97,0.42,0.42,0.42,25.73,0
320.66,16.033,0.012,0.011,1.007,1.007,0.07,0.06,0.09,25.49,0
307.82,15.391,0.022,0.023,1.028,1.028,0.05,0.06,0.03,25.4,0
315.23,15.761,0.007,0.006,1.003,1.003,0.1,0.1,0.12,25.44,0
314.99,15.749,-0.003,-0.003,0.998,0.998,-0.57,-0.57,-0.58,25.49,0
322.6,16.13,0.0,0.0,1.0,1.0,0.06,0.06,0.06,25.7,0
327.86,16.393,0.043,0.043,1.042,1.044,0.05,0.05,0.06,25.41,0
319.36,15.968,-0.035,-0.034,0.966,0.968,0.68,0.68,0.68,25.44,0
323.45,16.173,0.03,0.03,1.03,1.03,-1.53,-1.53,-1.53,25.58,0
316.79,15.84,0.0,0.0,1.001,1.001,1.03,1.03,1.03,25.51,0
323.76,16.188,-0.009,-0.009,0.991,0.992,-0.6,-0.6,-0.6,25.69,0
308.37,15.418,-0.021,-0.021,0.979,0.98,-0.3,-0.3,-0.3,25.61,0
316.39,15.819,-0.008,-0.008,0.992,0.992,-0.43,-0.43,-0.43,25.68,0
331.31,16.566,-0.012,-0.012,0.988,0.988,0.62,0.62,0.62,25.43,0
329.89,16.495,-0.015,-0.015,0.985,0.986,0.19,0.19,0.19,25.45,0
312.69,15.635,-0.012,-0.012,0.988,0.988,-0.18,-0.18,-0.18,25.51,0
313.65,15.683,0.01,0.01,1.01,1.01,-0.38,-0.38,-0.38,25.32,0
313.78,15.689,0.01,0.01,1.01,1.011,0.56,0.56,0.56,25.52,0
312.59,15.63,-0.008,-0.008,0.992,0.992,-1.6,-1.6,-1.6,25.42,0
318.48,15.924,-0.013,-0.013,0.987,0.987,0.09,0.09,0.09,25.47,0
299.04,14.952,-0.003,-0.003,0.997,0.997,-0.09,-0.09,-0.09,25.78,0
311.24,15.562,-0.006,-0.006,0.994,0.994,0.2,0.2,0.2,25.58,0
317.57,15.878,-0.035,-0.035,0.965,0.966,-0.62,-0.62,-0.62,25.52,0
311.53,15.577,-0.023,-0.023,0.977,0.978,0.01,0.01,0.01,25.65,0
310.65,15.532,0.009,0.009,1.009,1.009,-0.94,-0.94,-0.94,25.69,0
319.85,15.993,-0.013,-0.013,0.987,0.987,-0.14,-0.14,-0.14,25.73,0
84.0,4.2,-0.105,-0.271,-0.017,0.291,-6.2,-8.27,-3.3,25.49,0
740.83,37.042,0.161,0.35,2.2,2.233,7.2,9.56,3.89,25.56,1
84.0,4.2,-0.135,-0.268,0.132,0.329,-4.91,-6.57,-2.58,25.88,0
449.88,22.494,0.028,0.086,1.347,1.35,1.77,2.49,0.75,25.36,0
311.52,15.576,0.041,0.041,1.041,1.043,0.48,0.48,0.48,25.62,0
237.01,11.85,-0.041,-0.07,0.801,0.805,-0.99,-1.35,-0.49,25.87,0
386.26,19.313,0.023,0.055,1.203,1.205,0.29,0.7,-0.28,25.67,0
259.66,12.983,-0.026,-0.049,0.847,0.849,-1.43,-1.72,-1.03,25.58,0
340.53,17.026,-0.004,0.006,1.052,1.052,1.17,1.29,0.99,25.38,0
326.98,16.349,-0.046,-0.046,0.954,0.957,-0.27,-0.27,-0.27,25.31,0
300.82,15.041,-0.002,-0.007,0.971,0.971,-0.97,-1.03,-0.88,25.52,0
334.71,16.735,-0.008,-0.003,1.023,1.023,-0.32,-0.25,-0.42,25.83,0
293.82,14.691,-0.022,-0.026,0.956,0.957,0.45,0.4,0.52,25.89,0
323.97,16.199,-0.02,-0.018,0.99,0.99,0.66,0.68,0.63,25.66,0
318.91,15.945,-0.012,-0.012,0.988,0.988,-0.38,-0.38,-0.38,25.72,0
314.95,15.748,-0.0,-0.001,0.995,0.995,0.0,-0.01,0.02,25.42,0
311.98,15.599,0.022,0.023,1.028,1.028,0.25,0.26,0.23,25.66,0
319.72,15.986,-0.017,-0.017,0.979,0.98,-0.08,-0.09,-0.07,25.58,0
313.37,15.669,0.021,0.021,1.022,1.023,0.63,0.64,0.63,25.25,0
307.22,15.361,-0.012,-0.012,0.988,0.988,-0.29,-0.29,-0.29,25.3,0
302.27,15.113,-0.0,-0.001,0.999,0.999,-0.83,-0.83,-0.82,25.62,0
311.03,15.552,-0.012,-0.011,0.989,0.989,0.81,0.82,0.81,25.55,0
315.09,15.755,-0.023,-0.023,0.977,0.977,0.9,0.89,0.9,25.44,0
313.92,15.696,0.003,0.003,1.003,1.003,0.56,0.57,0.56,25.53,0
328.07,16.404,-0.012,-0.012,0.988,0.989,0.04,0.04,0.04,25.47,0
306.89,15.345,-0.03,-0.03,0.97,0.971,-0.08,-0.08,-0.08,25.57,0
309.63,15.482,0.014,0.014,1.015,1.015,-0.11,-0.11,-0.11,25.9,0
311.87,15.593,-0.023,-0.023,0.977,0.978,-0.0,-0.0,-0.0,25.57,0
315.63,15.781,0.006,0.006,1.006,1.006,0.47,0.47,0.47,25.54,0
308.77,15.438,-0.031,-0.031,0.969,0.97,-0.11,-0.11,-0.11,25.62,0
312.8,15.64,-0.006,-0.006,0.994,0.994,-0.6,-0.6,-0.6,25.35,0
300.58,15.029,-0.028,-0.028,0.972,0.973,-0.71,-0.71,-0.71,25.4,0
322.79,16.14,0.016,0.016,1.016,1.016,-0.61,-0.61,-0.61,25.41,0
313.29,15.664,0.018,0.018,1.018,1.018,-0.46,-0.46,-0.46,25.53,0
303.78,15.189,-0.0,-0.0,1.0,1.0,-0.41,-0.41,-0.41,25.58,0
312.5,15.625,-0.018,-0.018,0.982,0.982,0.07,0.07,0.07,25.5,0
316.72,15.836,0.003,0.003,1.003,1.003,0.65,0.65,0.65,25.59,0
309.84,15.492,0.017,0.017,1.017,1.017,-0.43,-0.43,-0.43,25.38,0
322.13,16.107,-0.011,-0.011,0.989,0.989,0.51,0.51,0.51,25.72,0
329.4,16.47,0.037,0.037,1.037,1.038,0.2,0.2,0.2,25.56,0
84.0,4.2,-0.199,-0.364,-0.11,0.429,-5.99,-8.06,-3.09,25.4,0
748.01,37.4,0.228,0.417,2.267,2.317,7.94,10.3,4.63,25.29,1
84.0,4.2,-0.132,-0.266,0.135,0.326,-4.39,-6.06,-2.06,25.41,0
456.21,22.81,0.021,0.079,1.34,1.342,2.0,2.72,0.99,25.64,0
317.16,15.858,-0.005,-0.005,0.995,0.995,0.1,0.1,0.1,25.4,0
255.71,12.785,-0.056,-0.085,0.786,0.792,-1.02,-1.38,-0.51,25.44,0
392.52,19.626,0.064,0.097,1.245,1.25,1.49,1.9,0.92,25.6,0
263.8,13.19,-0.004,-0.027,0.868,0.869,-1.64,-1.93,-1.24,25.53,0
334.38,16.719,0.034,0.044,1.089,1.091,1.42,1.55,1.25,25.67,0
316.77,15.839,0.055,0.055,1.055,1.058,-0.84,-0.84,-0.84,25.36,0
311.34,15.567,0.004,-0.001,0.976,0.976,-0.31,-0.37,-0.22,25.01,0
332.1,16.605,0.008,0.014,1.04,1.04,-0.44,-0.36,-0.54,25.36,0
294.64,14.732,0.018,0.014,0.996,0.996,-0.77,-0.82,-0.7,25.58,0
313.24,15.662,-0.026,-0.024,0.984,0.984,-0.51,-0.49,-0.54,25.37,0
303.85,15.193,0.01,0.01,1.01,1.01,-0.07,-0.07,-0.07,25.72,0
317.29,15.865,0.0,-0.001,0.995,0.995,0.78,0.77,0.8,25.59,0
313.76,15.688,-0.009,-0.008,0.997,0.997,0.91,0.93,0.9,25.65,0
317.01,15.851,0.018,0.018,1.015,1.015,-0.0,-0.01,0.01,25.56,0
309.72,15.486,0.015,0.015,1.016,1.017,0.48,0.48,0.48,25.48,0
313.9,15.695,-0.018,-0.018,0.982,0.983,-0.51,-0.51,-0.51,25.38,0
313.31,15.665,-0.004,-0.004,0.995,0.995,0.6,0.6,0.6,25.33,0
328.69,16.434,0.001,0.001,1.002,1.002,-0.11,-0.11,-0.11,25.51,0
304.41,15.22,0.022,0.022,1.021,1.022,-0.42,-0.42,-0.41,25.5,0
285.86,14.293,-0.009,-0.009,0.991,0.991,0.02,0.02,0.02,25.62,0
317.26,15.863,-0.024,-0.024,0.976,0.977,0.04,0.04,0.04,25.47,0
314.74,15.737,0.006,0.006,1.006,1.006,0.41,0.41,0.41,25.6,0
321.5,16.075,-0.014,-0.014,0.986,0.987,-0.99,-0.99,-0.99,25.67,0
314.46,15.723,-0.01,-0.01,0.99,0.99,0.17,0.17,0.17,25.6,0
320.31,16.015,0.015,0.015,1.015,1.015,0.17,0.17,0.17,25.59,0
324.98,16.249,-0.001,-0.001,0.999,0.999,0.61,0.61,0.61,25.63,0
293.65,14.683,0.017,0.017,1.017,1.017,0.02,0.02,0.02,25.51,0
321.6,16.08,-0.019,-0.019,0.981,0.982,-0.56,-0.56,-0.56,25.45,0
303.29,15.165,0.006,0.006,1.006,1.006,0.45,0.45,0.45,25.68,0
312.6,15.63,-0.002,-0.002,0.998,0.998,0.58,0.58,0.58,25.68,0
324.07,16.204,-0.002,-0.002,0.998,0.998,0.25,0.25,0.25,25.69,0
327.34,16.367,0.0,0.0,1.0,1.0,0.08,0.08,0.08,25.58,0
315.56,15.778,0.009,0.009,1.009,1.009,-0.36,-0.36,-0.36,25.75,0
322.23,16.112,0.037,0.037,1.037,1.039,-0.62,-0.62,-0.62,25.47,0
306.34,15.317,-0.005,-0.005,0.995,0.995,0.49,0.49,0.49,25.6,0
304.56,15.228,-0.006,-0.006,0.994,0.994,1.35,1.35,1.35,25.25,0
84.0,4.2,-0.183,-0.348,-0.094,0.405,-6.87,-8.94,-3.97,25.46,0
750.39,37.519,0.189,0.378,2.228,2.268,7.26,9.62,3.95,25.46,1
84.0,4.2,-0.174,-0.307,0.093,0.366,-4.51,-6.17,-2.18,25.57,0
456.78,22.839,0.05,0.108,1.369,1.374,2.52,3.25,1.51,25.34,0
299.4,14.97,-0.036,-0.036,0.964,0.965,-0.0,-0.0,-0.0,25.33,0
235.42,11.771,-0.031,-0.06,0.811,0.814,-1.98,-2.34,-1.48,25.39,0
409.43,20.472,0.023,0.056,1.203,1.205,1.76,2.17,1.18,25.54,0
257.67,12.883,-0.001,-0.024,0.872,0.872,-0.55,-0.84,-0.15,25.38,0
340.42,17.021,-0.004,0.006,1.052,1.052,0.48,0.6,0.3,25.66,0
322.82,16.141,0.007,0.007,1.007,1.007,-0.31,-0.31,-0.31,25.66,0
306.1,15.305,0.001,-0.004,0.973,0.973,-0.02,-0.08,0.07,25.38,0
319.38,15.969,0.031,0.037,1.062,1.063,0.17,0.24,0.07,25.71,0
307.67,15.384,-0.004,-0.008,0.973,0.973,-0.8,-0.85,-0.73,25.45,0
327.99,16.4,0.006,0.008,1.016,1.016,-0.41,-0.39,-0.44,25.4,0
317.25,15.862,0.016,0.016,1.016,1.016,0.14,0.14,0.14,25.35,0
302.58,15.129,0.03,0.029,1.025,1.026,-0.47,-0.48,-0.46,25.5,0
323.56,16.178,0.004,0.005,1.01,1.01,-0.03,-0.02,-0.05,25.72,0
316.06,15.803,-0.0,-0.001,0.996,0.996,0.51,0.5,0.52,25.78,0
294.54,14.727,0.047,0.048,1.049,1.051,-0.89,-0.89,-0.9,25.38,0
318.97,15.948,-0.01,-0.01,0.99,0.99,-0.85,-0.85,-0.85,25.56,0
308.99,15.45,-0.02,-0.02,0.979,0.98,0.41,0.41,0.42,25.52,0
300.94,15.047,-0.031,-0.031,0.97,0.971,-0.59,-0.59,-0.59,25.33,0
319.28,15.964,-0.006,-0.006,0.994,0.994,-0.75,-0.75,-0.74,25.42,0
303.43,15.172,-0.014,-0.014,0.986,0.986,-0.22,-0.22,-0.22,25.39,0
311.47,15.574,0.003,0.003,1.003,1.003,-0.79,-0.79,-0.79,25.43,0
323.33,16.166,-0.015,-0.015,0.985,0.985,-0.36,-0.36,-0.36,25.42,0
317.27,15.863,0.012,0.012,1.012,1.013,0.05,0.05,0.05,25.44,0
303.58,15.179,-0.002,-0.002,0.998,0.998,-0.35,-0.35,-0.35,25.75,0
316.59,15.83,-0.024,-0.024,0.977,0.977,-0.8,-0.8,-0.8,25.46,0
332.45,16.622,0.015,0.015,1.015,1.015,-0.42,-0.42,-0.42,25.68,0
308.54,15.427,-0.01,-0.01,0.99,0.99,-0.69,-0.69,-0.69,25.47,0
311.8,15.59,-0.024,-0.024,0.976,0.976,0.02,0.02,0.02,25.34,0
316.41,15.82,0.016,0.016,1.016,1.016,0.58,0.58,0.58,25.58,0
302.71,15.135,0.03,0.03,1.03,1.031,-0.26,-0.26,-0.26,25.46,0
317.82,15.891,0.006,0.006,1.006,1.006,-0.02,-0.02,-0.02,25.61,0
320.34,16.017,0.052,0.052,1.052,1.054,-0.08,-0.08,-0.08,25.49,0
323.94,16.197,0.01,0.01,1.01,1.01,-0.11,-0.11,-0.11,25.54,0
306.02,15.301,-0.025,-0.025,0.975,0.975,0.65,0.65,0.65,25.59,0
331.9,16.595,-0.007,-0.007,0.993,0.993,0.06,0.06,0.06,25.47,0
322.36,16.118,-0.028,-0.028,0.972,0.973,0.1,0.1,0.1,25.55,0
84.0,4.2,-0.166,-0.331,-0.077,0.379,-5.56,-7.63,-2.66,25.5,0
757.14,37.857,0.188,0.377,2.227,2.267,8.15,10.51,4.85,25.31,1
84.0,4.2,-0.13,-0.263,0.138,0.324,-4.1,-5.76,-1.77,25.56,0
445.25,22.263,0.108,0.166,1.427,1.441,2.24,2.96,1.22,25.67,0
311.06,15.553,0.015,0.015,1.015,1.015,0.48,0.48,0.48,25.34,0
245.13,12.256,-0.029,-0.058,0.812,0.815,-0.48,-0.84,0.02,25.56,0
385.83,19.291,0.049,0.082,1.229,1.233,1.04,1.45,0.47,25.68,0
266.21,13.31,-0.011,-0.035,0.861,0.862,-0.54,-0.83,-0.14,25.19,0
341.1,17.055,-0.007,0.003,1.049,1.049,0.74,0.87,0.56,25.42,0
308.48,15.424,0.031,0.031,1.031,1.032,0.6,0.6,0.6,25.37,0
301.77,15.088,0.015,0.01,0.988,0.988,0.06,-0.0,0.15,25.46,0
324.45,16.222,-0.019,-0.014,1.012,1.012,0.66,0.73,0.56,25.55,0
313.62,15.681,0.016,0.012,0.994,0.994,-0.26,-0.31,-0.19,25.8,0
312.65,15.632,0.039,0.041,1.049,1.051,0.22,0.24,0.19,25.64,0
318.86,15.943,-0.021,-0.021,0.979,0.979,0.35,0.35,0.35,25.58,0
315.22,15.761,0.013,0.012,1.009,1.009,-0.33,-0.35,-0.32,25.56,0
317.45,15.872,0.003,0.004,1.009,1.009,-0.46,-0.45,-0.48,25.57,0
318.84,15.942,0.003,0.002,0.999,0.999,-0.61,-0.62,-0.6,25.46,0
303.33,15.167,-0.036,-0.035,0.966,0.967,-0.02,-0.02,-0.03,25.47,0
308.21,15.41,-0.021,-0.021,0.979,0.979,-0.02,-0.02,-0.02,25.52,0
325.96,16.298,0.001,0.001,1.0,1.0,0.39,0.39,0.4,25.37,0
317.53,15.877,-0.044,-0.044,0.957,0.959,1.01,1.01,1.01,25.59,0
313.7,15.685,-0.011,-0.011,0.989,0.989,0.08,0.08,0.08,25.54,0
313.9,15.695,0.005,0.005,1.005,1.005,0.2,0.2,0.2,25.81,0
327.6,16.38,0.033,0.033,1.033,1.034,-0.14,-0.14,-0.14,25.51,0
309.33,15.466,0.011,0.011,1.011,1.011,0.37,0.37,0.37,25.6,0
317.12,15.856,0.011,0.011,1.011,1.011,-0.22,-0.22,-0.22,25.41,0
324.61,16.231,0.038,0.038,1.038,1.039,-0.36,-0.36,-0.36,25.4,0
316.77,15.838,-0.0,-0.0,1.0,1.0,-0.32,-0.32,-0.32,25.74,0
302.24,15.112,-0.022,-0.022,0.978,0.979,0.09,0.09,0.09,25.68,0
335.75,16.788,-0.019,-0.019,0.981,0.981,0.26,0.26,0.26,25.67,0
330.35,16.518,0.002,0.002,1.002,1.002,0.07,0.07,0.07,25.6,0
325.11,16.256,0.01,0.01,1.01,1.01,-0.37,-0.37,-0.37,25.6,0
311.87,15.593,-0.011,-0.011,0.989,0.989,0.82,0.82,0.82,25.57,0
316.87,15.843,0.021,0.021,1.021,1.021,0.88,0.88,0.88,25.04,0
318.71,15.935,0.012,0.012,1.012,1.012,-0.16,-0.16,-0.16,25.59,0
325.77,16.288,0.003,0.003,1.003,1.003,0.22,0.22,0.22,25.54,0
317.01,15.85,0.026,0.026,1.026,1.026,-0.23,-0.23,-0.23,25.38,0
311.41,15.57,-0.008,-0.008,0.992,0.992,-0.89,-0.89,-0.89,25.62,0
320.23,16.012,-0.023,-0.023,0.977,0.978,-0.31,-0.31,-0.31,25.8,0
84.0,4.2,-0.183,-0.349,-0.094,0.405,-6.22,-8.29,-3.32,25.26,0
753.71,37.686,0.217,0.405,2.256,2.302,7.36,9.72,4.05,25.46,1
84.0,4.2,-0.155,-0.288,0.113,0.346,-5.07,-6.74,-2.74,25.48,0
465.77,23.289,0.022,0.08,1.341,1.343,1.29,2.02,0.28,25.37,0
324.55,16.228,0.016,0.016,1.016,1.016,0.06,0.06,0.06,25.52,0
245.3,12.265,-0.066,-0.095,0.775,0.784,-1.65,-2.01,-1.15,25.52,0
385.57,19.278,-0.023,0.01,1.158,1.158,0.89,1.3,0.31,25.37,0
258.88,12.944,-0.022,-0.045,0.851,0.852,-0.91,-1.2,-0.5,25.6,0
338.09,16.905,-0.003,0.007,1.052,1.052,-0.73,-0.6,-0.9,25.27,0
309.93,15.496,0.028,0.028,1.028,1.028,-0.29,-0.29,-0.29,25.36,0
314.52,15.726,-0.015,-0.02,0.957,0.957,-0.43,-0.49,-0.34,25.53,0
331.86,16.593,-0.033,-0.028,0.998,0.999,-0.31,-0.24,-0.41,25.52,0
319.99,16.0,-0.029,-0.033,0.949,0.95,0.19,0.14,0.26,25.6,0
320.39,16.02,-0.004,-0.003,1.005,1.005,-0.19,-0.17,-0.22,25.43,0
326.45,16.322,0.004,0.004,1.004,1.004,0.56,0.56,0.56,25.49,0
325.89,16.295,-0.004,-0.005,0.991,0.991,0.4,0.39,0.42,25.46,0
323.26,16.163,-0.01,-0.009,0.996,0.996,-0.36,-0.35,-0.38,25.29,0
318.26,15.913,-0.016,-0.017,0.98,0.98,-0.35,-0.36,-0.34,25.28,0
319.47,15.974,0.018,0.018,1.019,1.02,-0.52,-0.51,-0.52,25.8,0
319.55,15.977,0.001,0.001,1.001,1.001,0.52,0.52,0.52,25.44,0
321.53,16.077,0.022,0.022,1.022,1.022,-0.62,-0.62,-0.61,25.24,0
310.3,15.515,-0.023,-0.023,0.978,0.978,0.43,0.43,0.43,25.29,0
297.38,14.869,0.011,0.011,1.01,1.01,-1.63,-1.63,-1.63,25.34,0
305.76,15.288,0.009,0.009,1.009,1.009,0.13,0.13,0.13,25.73,0
304.55,15.227,-0.037,-0.037,0.963,0.965,0.09,0.09,0.09,25.49,0
303.42,15.171,-0.003,-0.003,0.997,0.997,-0.76,-0.76,-0.76,25.33,0
329.24,16.462,-0.008,-0.008,0.992,0.992,0.27,0.27,0.27,25.42,0
328.25,16.413,-0.025,-0.025,0.975,0.975,-0.28,-0.29,-0.28,25.68,0
314.0,15.7,-0.006,-0.006,0.994,0.994,0.34,0.34,0.34,25.68,0
312.51,15.626,-0.014,-0.014,0.986,0.987,-0.06,-0.06,-0.06,25.89,0
308.32,15.416,0.006,0.006,1.006,1.006,0.63,0.63,0.63,25.48,0
333.49,16.675,-0.047,-0.047,0.953,0.956,-0.23,-0.23,-0.23,25.59,0
296.38,14.819,-0.013,-0.013,0.987,0.987,0.03,0.03,0.03,25.64,0
322.91,16.145,0.026,0.026,1.026,1.027,0.34,0.34,0.34,25.6,0
318.26,15.913,0.01,0.01,1.01,1.01,0.03,0.03,0.03,25.47,0
319.51,15.975,0.002,0.002,1.002,1.002,0.6,0.6,0.6,25.58,0
301.2,15.06,-0.008,-0.008,0.992,0.992,-0.2,-0.2,-0.2,25.57,0
327.1,16.355,0.023,0.023,1.023,1.024,0.3,0.3,0.3,25.48,0
318.54,15.927,-0.026,-0.026,0.974,0.974,-0.02,-0.02,-0.02,25.63,0
310.57,15.528,0.019,0.019,1.019,1.019,-0.02,-0.02,-0.02,25.15,0
84.0,4.2,-0.189,-0.355,-0.1,0.414,-5.83,-7.9,-2.93,25.34,0
755.78,37.789,0.182,0.371,2.221,2.26,7.15,9.51,3.85,25.29,1
84.0,4.2,-0.128,-0.261,0.14,0.322,-5.87,-7.53,-3.54,25.34,0
457.4,22.87,0.051,0.109,1.37,1.376,1.59,2.31,0.57,25.72,0
314.13,15.706,-0.033,-0.033,0.967,0.968,0.43,0.43,0.43,25.55,0
240.81,12.04,0.004,-0.024,0.846,0.846,-0.74,-1.1,-0.23,25.67,0
402.85,20.143,0.024,0.057,1.204,1.206,1.2,1.61,0.62,25.37,0
281.36,14.068,-0.044,-0.067,0.829,0.833,-1.47,-1.76,-1.07,25.44,0
344.11,17.205,0.012,0.022,1.067,1.067,-0.12,0.01,-0.29,25.47,0
311.94,15.597,-0.002,-0.002,0.998,0.998,0.29,0.29,0.29,25.68,0
303.84,15.192,-0.011,-0.016,0.961,0.961,0.42,0.36,0.51,25.59,0
316.14,15.807,0.005,0.011,1.036,1.037,-0.94,-0.87,-1.04,25.53,0
315.53,15.777,-0.005,-0.009,0.972,0.973,-0.11,-0.16,-0.04,25.42,0
323.01,16.15,-0.017,-0.015,0.993,0.993,0.49,0.51,0.46,25.71,0
320.94,16.047,0.001,0.001,1.001,1.001,-0.23,-0.23,-0.23,25.54,0
306.67,15.333,0.021,0.02,1.016,1.016,0.46,0.45,0.47,25.21,0
311.28,15.564,-0.001,-0.0,1.004,1.004,0.37,0.38,0.35,25.27,0
309.6,15.48,-0.002,-0.003,0.994,0.994,0.77,0.76,0.78,25.4,0
325.4,16.27,0.006,0.007,1.008,1.008,0.15,0.16,0.15,25.59,0
312.91,15.645,-0.013,-0.013,0.987,0.987,0.02,0.02,0.02,25.32,0
318.21,15.91,0.01,0.01,1.009,1.01,0.48,0.48,0.49,25.48,0
312.34,15.617,0.012,0.012,1.013,1.013,-0.24,-0.24,-0.24,25.11,0
328.17,16.409,-0.027,-0.027,0.973,0.973,0.15,0.15,0.16,25.69,0
319.63,15.982,0.021,0.021,1.021,1.021,0.15,0.15,0.15,25.72,0
320.52,16.026,-0.007,-0.007,0.993,0.993,1.09,1.09,1.09,25.42,0
337.83,16.892,0.012,0.012,1.012,1.012,0.17,0.17,0.17,25.53,0
314.55,15.727,0.021,0.021,1.021,1.021,0.19,0.19,0.19,25.53,0
304.61,15.23,-0.03,-0.03,0.969,0.97,0.13,0.13,0.14,25.29,0
311.04,15.552,-0.027,-0.027,0.973,0.974,0.08,0.08,0.08,25.68,0
312.96,15.648,0.06,0.06,1.06,1.063,0.37,0.37,0.37,25.55,0
311.82,15.591,-0.033,-0.033,0.967,0.968,0.26,0.26,0.26,25.38,0
297.64,14.882,-0.006,-0.006,0.994,0.994,-0.38,-0.38,-0.38,25.53,0
300.42,15.021,0.032,0.032,1.032,1.033,-0.15,-0.15,-0.15,25.76,0
323.86,16.193,-0.003,-0.003,0.997,0.997,-0.49,-0.49,-0.49,25.36,0
329.19,16.459,-0.014,-0.014,0.986,0.986,0.39,0.39,0.39,25.65,0
301.65,15.083,0.009,0.009,1.009,1.009,-0.7,-0.7,-0.7,25.69,0
312.95,15.647,-0.001,-0.001,0.999,0.999,1.49,1.49,1.49,25.32,0
313.83,15.692,-0.003,-0.003,0.997,0.997,-0.35,-0.35,-0.35,25.45,0
326.12,16.306,0.003,0.003,1.003,1.003,0.15,0.15,0.15,25.59,0
298.05,14.902,-0.037,-0.037,0.963,0.965,-1.45,-1.45,-1.45,25.7,0
84.0,4.2,-0.191,-0.357,-0.103,0.418,-6.73,-8.81,-3.83,25.54,0
755.03,37.751,0.198,0.387,2.237,2.279,6.01,8.37,2.7,25.37,1
84.0,4.2,-0.136,-0.269,0.132,0.329,-4.46,-6.13,-2.13,25.53,0
462.78,23.139,0.055,0.113,1.374,1.38,1.95,2.68,0.94,25.5,0
316.48,15.824,-0.019,-0.019,0.981,0.982,-0.35,-0.35,-0.35,25.44,0
250.86,12.543,-0.018,-0.047,0.824,0.825,0.16,-0.2,0.67,25.49,0
389.22,19.461,0.041,0.074,1.222,1.225,1.61,2.02,1.04,25.49,0
265.9,13.295,-0.015,-0.038,0.858,0.859,-0.07,-0.36,0.33,25.4,0
330.63,16.531,-0.012,-0.002,1.044,1.044,0.85,0.98,0.67,25.49,0
305.27,15.263,0.018,0.018,1.018,1.018,0.08,0.08,0.08,25.75,0
304.6,15.23,-0.011,-0.016,0.961,0.961,0.45,0.39,0.54,25.6,0
333.77,16.688,0.018,0.024,1.05,1.05,0.63,0.7,0.53,25.92,0
313.35,15.668,-0.005,-0.009,0.973,0.973,0.19,0.14,0.26,25.36,0
320.1,16.005,0.002,0.004,1.012,1.012,0.14,0.17,0.11,25.46,0
316.33,15.817,0.033,0.033,1.033,1.034,-0.19,-0.19,-0.19,25.44,0
309.04,15.452,0.012,0.011,1.007,1.007,0.23,0.22,0.24,25.5,0
318.13,15.906,0.008,0.009,1.014,1.014,-0.12,-0.1,-0.13,25.58,0
312.7,15.635,0.016,0.015,1.012,1.012,0.19,0.19,0.21,25.63,0
331.56,16.578,-0.053,-0.053,0.948,0.951,0.31,0.31,0.3,25.55,0
306.46,15.323,0.02,0.02,1.02,1.02,0.23,0.23,0.23,25.31,0
315.17,15.758,-0.007,-0.008,0.992,0.992,-0.26,-0.26,-0.26,25.57,0
319.75,15.987,-0.039,-0.039,0.962,0.964,0.51,0.51,0.51,25.33,0
310.18,15.509,0.008,0.008,1.007,1.007,0.52,0.52,0.52,25.39,0
311.11,15.556,-0.007,-0.007,0.993,0.993,0.22,0.22,0.21,25.29,0
322.54,16.127,0.011,0.011,1.011,1.011,-0.4,-0.4,-0.4,25.62,0
305.23,15.262,-0.004,-0.004,0.996,0.996,0.31,0.31,0.31,25.41,0
306.96,15.348,0.001,0.001,1.001,1.001,0.25,0.25,0.25,25.58,0
319.28,15.964,-0.019,-0.019,0.98,0.981,-0.48,-0.48,-0.48,25.57,0
317.43,15.871,0.012,0.012,1.012,1.012,-0.24,-0.24,-0.24,25.5,0
302.55,15.128,0.007,0.007,1.007,1.007,0.25,0.25,0.25,25.52,0
310.68,15.534,0.008,0.008,1.008,1.008,0.3,0.3,0.3,25.38,0
317.15,15.857,0.011,0.011,1.011,1.011,-0.76,-0.76,-0.76,25.49,0
305.54,15.277,0.022,0.022,1.022,1.022,-0.13,-0.13,-0.13,25.58,0
307.88,15.394,0.049,0.049,1.049,1.051,-0.01,-0.01,-0.01,25.43,0
313.49,15.675,0.011,0.011,1.011,1.011,0.02,0.02,0.02,25.12,0
314.08,15.704,-0.024,-0.024,0.976,0.976,0.26,0.26,0.26,25.34,0
309.29,15.464,0.008,0.008,1.008,1.008,0.29,0.29,0.29,25.45,0
309.26,15.463,0.033,0.033,1.033,1.034,-0.71,-0.71,-0.71,25.57,0
321.28,16.064,0.0,0.0,1.0,1.0,0.08,0.08,0.08,25.58,0
319.21,15.961,-0.005,-0.005,0.995,0.995,-0.06,-0.06,-0.06,25.73,0
84.0,4.2,-0.162,-0.327,-0.073,0.372,-5.63,-7.7,-2.73,25.47,0
743.37,37.168,0.192,0.381,2.231,2.271,6.27,8.63,2.97,25.71,1
84.0,4.2,-0.167,-0.3,0.101,0.358,-5.39,-7.05,-3.06,25.22,0
448.03,22.401,0.041,0.099,1.36,1.364,2.34,3.07,1.33,25.66,0
317.84,15.892,0.022,0.022,1.022,1.022,0.43,0.43,0.43,25.34,0
253.88,12.694,-0.039,-0.067,0.803,0.807,-1.83,-2.19,-1.33,25.55,0
388.17,19.409,-0.001,0.032,1.18,1.18,1.54,1.95,0.97,25.51,0
256.81,12.841,-0.005,-0.028,0.868,0.869,-1.15,-1.44,-0.75,25.38,0
337.96,16.898,0.035,0.045,1.09,1.092,0.78,0.91,0.6,25.48,0
311.81,15.591,-0.019,-0.019,0.981,0.981,0.25,0.25,0.25,25.49,0
282.3,14.115,-0.014,-0.019,0.959,0.959,-0.54,-0.6,-0.45,25.61,0
314.21,15.71,-0.006,-0.0,1.025,1.025,0.09,0.16,-0.01,25.43,0
297.08,14.854,0.019,0.015,0.997,0.997,-0.39,-0.44,-0.32,25.83,0
316.47,15.823,-0.005,-0.004,1.004,1.004,0.46,0.48,0.43,25.43,0
312.49,15.624,-0.013,-0.013,0.987,0.988,0.5,0.5,0.5,25.22,0
310.08,15.504,-0.013,-0.014,0.982,0.983,-0.33,-0.34,-0.31,25.79,0
324.82,16.241,0.01,0.011,1.016,1.016,-0.06,-0.05,-0.08,25.21,0
320.77,16.038,0.006,0.005,1.002,1.002,0.5,0.49,0.51,25.39,0
316.39,15.819,-0.004,-0.004,0.997,0.997,-0.01,-0.01,-0.02,25.61,0
303.84,15.192,-0.006,-0.006,0.994,0.994,0.02,0.02,0.02,25.47,0
303.64,15.182,-0.0,-0.001,0.999,0.999,0.32,0.32,0.33,25.32,0
318.26,15.913,-0.002,-0.002,0.999,0.999,-0.67,-0.67,-0.68,25.33,0
316.51,15.826,-0.0,-0.0,0.999,0.999,0.49,0.49,0.49,25.66,0
313.48,15.674,-0.019,-0.019,0.981,0.981,-0.24,-0.24,-0.24,25.47,0
310.14,15.507,-0.005,-0.005,0.995,0.995,0.09,0.09,0.09,25.25,0
334.32,16.716,-0.007,-0.007,0.992,0.993,-0.21,-0.21,-0.21,25.62,0
314.33,15.716,0.032,0.032,1.032,1.033,0.22,0.22,0.22,25.97,0
313.2,15.66,0.024,0.024,1.024,1.024,0.57,0.57,0.57,25.3,0
315.24,15.762,0.023,0.023,1.023,1.024,-0.06,-0.06,-0.06,25.49,0
305.45,15.272,0.007,0.007,1.007,1.007,-0.48,-0.48,-0.48,25.27,0
303.54,15.177,-0.031,-0.031,0.969,0.97,-0.52,-0.52,-0.52,25.26,0
328.95,16.448,0.003,0.003,1.004,1.004,-0.95,-0.95,-0.95,25.32,0
296.8,14.84,0.026,0.026,1.026,1.027,-0.03,-0.03,-0.03,25.87,0
331.01,16.551,-0.027,-0.027,0.973,0.974,0.25,0.25,0.25,25.51,0
317.12,15.856,0.015,0.015,1.015,1.015,-0.58,-0.58,-0.58,25.62,0
306.14,15.307,-0.006,-0.006,0.994,0.994,0.58,0.58,0.58,25.62,0
311.85,15.592,-0.006,-0.006,0.994,0.994,0.13,0.13,0.13,25.53,0
309.03,15.451,0.025,0.025,1.025,1.026,0.37,0.37,0.37,26.04,0
315.92,15.796,-0.004,-0.004,0.996,0.996,0.4,0.4,0.4,25.47,0
322.94,16.147,0.007,0.007,1.007,1.007,-0.09,-0.09,-0.09,25.33,0
84.0,4.2,-0.156,-0.322,-0.068,0.364,-6.8,-8.87,-3.9,25.5,0
754.9,37.745,0.177,0.366,2.216,2.253,6.11,8.47,2.81,25.84,1
84.0,4.2,-0.14,-0.273,0.128,0.332,-5.72,-7.38,-3.39,25.41,0
447.95,22.397,0.076,0.134,1.395,1.404,2.53,3.26,1.52,25.75,0
325.69,16.284,0.02,0.02,1.02,1.021,0.13,0.13,0.13,25.46,0
246.82,12.341,-0.053,-0.082,0.789,0.795,-1.11,-1.47,-0.61,25.7,0
405.58,20.279,0.047,0.08,1.228,1.231,0.65,1.06,0.07,25.35,0
269.11,13.456,-0.022,-0.045,0.851,0.853,0.12,-0.17,0.53,25.73,0
344.15,17.208,-0.014,-0.004,1.041,1.041,0.03,0.16,-0.14,25.58,0
320.11,16.005,0.022,0.022,1.022,1.023,0.03,0.03,0.03,25.53,0
299.41,14.971,-0.005,-0.01,0.968,0.968,0.38,0.32,0.47,25.58,0
328.08,16.404,-0.009,-0.004,1.022,1.022,-0.22,-0.15,-0.32,25.59,0
314.67,15.734,0.01,0.006,0.987,0.988,0.08,0.03,0.15,25.37,0
327.47,16.373,0.012,0.013,1.021,1.021,-0.56,-0.53,-0.59,25.64,0
297.19,14.86,0.025,0.025,1.025,1.025,-0.4,-0.4,-0.4,25.55,0
309.84,15.492,-0.016,-0.017,0.979,0.979,-0.08,-0.09,-0.06,25.45,0
322.61,16.13,0.017,0.018,1.022,1.023,-0.32,-0.3,-0.33,25.5,0
307.9,15.395,0.011,0.01,1.007,1.007,-0.26,-0.27,-0.25,25.72,0
301.91,15.096,0.006,0.006,1.007,1.007,0.2,0.2,0.19,25.63,0
315.93,15.797,0.006,0.006,1.006,1.006,-0.12,-0.12,-0.12,25.33,0
303.79,15.189,-0.025,-0.025,0.974,0.975,-0.1,-0.1,-0.1,25.41,0
328.39,16.42,0.019,0.02,1.02,1.021,-0.32,-0.32,-0.33,25.76,0
306.84,15.342,0.001,0.001,1.0,1.0,-0.78,-0.78,-0.78,25.37,0
329.98,16.499,0.005,0.005,1.006,1.006,-0.16,-0.16,-0.16,25.4,0
314.45,15.723,0.023,0.023,1.023,1.023,0.54,0.54,0.54,25.12,0
312.59,15.629,-0.017,-0.017,0.983,0.983,0.41,0.41,0.41,25.54,0
316.19,15.81,-0.014,-0.014,0.986,0.986,0.21,0.21,0.21,25.26,0
312.0,15.6,-0.032,-0.032,0.968,0.969,-0.5,-0.5,-0.5,25.34,0
305.3,15.265,0.002,0.002,1.002,1.002,0.26,0.26,0.26,25.48,0
301.96,15.098,-0.002,-0.002,0.998,0.998,-0.46,-0.46,-0.46,25.64,0
297.48,14.874,-0.019,-0.019,0.981,0.981,-0.43,-0.43,-0.43,25.64,0
315.83,15.792,0.02,0.02,1.02,1.021,-0.13,-0.13,-0.13,25.64,0
312.38,15.619,-0.024,-0.024,0.976,0.977,0.95,0.95,0.95,25.37,0
326.2,16.31,0.026,0.026,1.026,1.026,0.1,0.1,0.1,25.51,0
323.93,16.197,0.025,0.025,1.025,1.025,0.1,0.1,0.1,25.51,0
306.3,15.315,0.004,0.004,1.004,1.004,0.38,0.38,0.38,25.56,0
310.01,15.5,-0.013,-0.013,0.987,0.987,0.87,0.87,0.87,25.62,0
306.31,15.316,0.006,0.006,1.006,1.006,0.5,0.5,0.5,25.37,0
335.05,16.753,-0.009,-0.009,0.991,0.992,0.15,0.15,0.15,25.47,0
319.38,15.969,0.014,0.014,1.014,1.015,0.22,0.22,0.22,25.41,0
84.0,4.2,-0.156,-0.322,-0.068,0.364,-6.11,-8.18,-3.21,25.46,0
743.0,37.15,0.191,0.38,2.231,2.271,7.25,9.61,3.94,25.65,1
84.0,4.2,-0.122,-0.255,0.146,0.318,-4.55,-6.21,-2.22,25.46,0
444.95,22.248,0.059,0.117,1.378,1.384,2.49,3.22,1.48,25.6,0
330.62,16.531,-0.0,-0.0,1.0,1.0,-0.48,-0.48,-0.48,25.07,0
255.13,12.756,-0.032,-0.061,0.809,0.812,-1.32,-1.68,-0.81,25.29,0
393.34,19.667,0.014,0.047,1.194,1.195,0.69,1.1,0.12,25.44,0
263.32,13.166,-0.008,-0.031,0.865,0.866,-0.96,-1.25,-0.56,25.52,0
324.84,16.242,-0.016,-0.006,1.039,1.04,0.39,0.52,0.22,25.43,0
316.8,15.84,-0.003,-0.003,0.997,0.997,-0.65,-0.65,-0.65,25.85,0
303.88,15.194,-0.025,-0.03,0.948,0.948,-1.01,-1.07,-0.92,25.37,0
329.24,16.462,0.007,0.013,1.039,1.039,0.47,0.54,0.37,25.55,0
292.86,14.643,-0.009,-0.013,0.969,0.969,-0.32,-0.37,-0.25,25.62,0
301.14,15.057,-0.015,-0.014,0.994,0.995,0.23,0.25,0.2,25.45,0
318.23,15.912,-0.019,-0.019,0.981,0.982,-0.09,-0.09,-0.09,25.28,0
317.98,15.899,-0.029,-0.03,0.966,0.967,0.03,0.02,0.04,25.61,0
309.28,15.464,0.006,0.007,1.012,1.012,0.3,0.32,0.29,25.32,0
312.64,15.632,0.021,0.021,1.017,1.018,-0.33,-0.34,-0.32,25.45,0
315.21,15.76,-0.002,-0.001,1.0,1.0,-0.79,-0.79,-0.8,25.34,0
300.93,15.047,-0.016,-0.016,0.984,0.984,-0.55,-0.55,-0.55,25.24,0
299.81,14.991,0.018,0.018,1.017,1.017,0.54,0.53,0.54,25.37,0
300.44,15.022,0.02,0.02,1.021,1.021,0.24,0.24,0.23,25.3,0
319.03,15.952,-0.033,-0.033,0.966,0.968,-0.13,-0.13,-0.13,25.5,0
306.29,15.315,0.04,0.04,1.04,1.042,0.26,0.26,0.26,25.62,0
311.89,15.595,-0.006,-0.006,0.994,0.994,-0.69,-0.69,-0.69,25.58,0
343.7,17.185,0.006,0.006,1.006,1.006,-0.08,-0.08,-0.08,25.42,0
333.07,16.653,-0.0,-0.0,1.0,1.0,-0.94,-0.94,-0.94,25.67,0
317.23,15.861,0.001,0.001,1.0,1.0,-0.14,-0.14,-0.14,25.74,0
322.99,16.15,-0.002,-0.002,0.999,0.999,-0.11,-0.11,-0.11,25.25,0
325.94,16.297,0.031,0.031,1.031,1.032,-0.79,-0.79,-0.79,25.57,0
296.8,14.84,-0.028,-0.028,0.972,0.972,-0.37,-0.37,-0.37,25.51,0
312.8,15.64,-0.028,-0.028,0.972,0.973,0.07,0.07,0.07,25.35,0
302.58,15.129,0.002,0.002,1.002,1.002,-0.07,-0.07,-0.07,25.27,0
312.78,15.639,0.02,0.02,1.02,1.02,-0.42,-0.42,-0.42,25.52,0
310.26,15.513,-0.008,-0.008,0.992,0.992,0.09,0.09,0.09,25.57,0
312.43,15.622,-0.015,-0.015,0.985,0.985,-0.16,-0.16,-0.16,25.49,0
308.51,15.425,0.043,0.043,1.043,1.045,0.58,0.58,0.58,25.28,0
323.48,16.174,0.021,0.021,1.021,1.021,-0.63,-0.63,-0.63,25.42,0
309.32,15.466,-0.033,-0.033,0.967,0.968,0.33,0.33,0.33,25.69,0
312.6,15.63,-0.008,-0.008,0.992,0.992,1.14,1.14,1.14,25.58,0
84.0,4.2,-0.201,-0.367,-0.112,0.433,-6.92,-8.99,-4.02,25.4,0
743.37,37.169,0.214,0.403,2.253,2.299,7.06,9.42,3.75,25.61,1
84.0,4.2,-0.141,-0.275,0.126,0.334,-5.1,-6.77,-2.77,25.31,0
449.45,22.472,0.034,0.092,1.353,1.357,2.2,2.92,1.18,25.42,0
313.95,15.698,-0.0,-0.0,1.0,1.0,0.33,0.33,0.33,25.42,0
245.1,12.255,-0.023,-0.052,0.818,0.82,-1.83,-2.19,-1.33,25.2,0
399.64,19.982,0.021,0.054,1.202,1.203,0.73,1.14,0.15,25.58,0
263.78,13.189,-0.028,-0.051,0.845,0.847,-1.28,-1.57,-0.87,25.32,0
347.37,17.369,-0.003,0.008,1.053,1.053,-0.76,-0.63,-0.94,25.79,0
316.69,15.835,0.009,0.009,1.009,1.01,0.29,0.29,0.29,25.47,0
305.15,15.258,0.024,0.019,0.996,0.997,-0.91,-0.98,-0.83,25.6,0
329.75,16.487,0.003,0.008,1.034,1.034,0.27,0.34,0.17,25.37,0
298.95,14.948,-0.036,-0.04,0.942,0.943,0.18,0.13,0.25,25.55,0
316.85,15.843,0.01,0.011,1.019,1.019,-0.11,-0.09,-0.14,25.65,0
319.66,15.983,0.013,0.013,1.013,1.013,-0.44,-0.44,-0.44,25.48,0
321.45,16.072,0.002,0.001,0.997,0.997,-1.07,-1.08,-1.06,25.57,0
308.67,15.434,-0.012,-0.011,0.994,0.994,0.79,0.8,0.77,25.72,0
307.56,15.378,0.008,0.007,1.004,1.004,-0.87,-0.88,-0.86,25.46,0
321.59,16.08,-0.008,-0.008,0.993,0.993,-0.38,-0.38,-0.38,25.73,0
304.18,15.209,0.013,0.013,1.013,1.013,-0.13,-0.13,-0.13,25.42,0
325.89,16.294,-0.011,-0.012,0.988,0.988,-0.06,-0.06,-0.06,25.55,0
313.83,15.692,-0.025,-0.025,0.976,0.976,0.73,0.73,0.73,25.28,0
314.03,15.701,0.02,0.02,1.019,1.02,0.51,0.51,0.51,25.72,0
307.73,15.386,0.013,0.013,1.013,1.013,-0.01,-0.01,-0.01,25.44,0
306.75,15.337,-0.01,-0.01,0.99,0.99,-0.18,-0.18,-0.18,25.59,0
305.33,15.266,0.015,0.015,1.015,1.015,-0.1,-0.1,-0.1,25.69,0
317.98,15.899,-0.01,-0.01,0.99,0.99,0.33,0.33,0.33,25.46,0
315.02,15.751,-0.021,-0.021,0.979,0.98,-0.09,-0.09,-0.09,25.44,0
303.84,15.192,0.007,0.007,1.007,1.007,0.16,0.16,0.16,25.39,0
302.19,15.11,-0.003,-0.003,0.997,0.997,0.83,0.83,0.83,25.6,0
307.48,15.374,-0.026,-0.026,0.974,0.974,0.57,0.57,0.57,25.23,0
307.35,15.367,-0.005,-0.005,0.995,0.995,1.11,1.11,1.11,25.38,0
326.05,16.302,0.002,0.002,1.002,1.002,-0.45,-0.45,-0.45,25.37,0
317.94,15.897,0.001,0.001,1.001,1.001,0.11,0.11,0.11,25.52,0
328.89,16.444,-0.015,-0.015,0.985,0.985,0.23,0.23,0.23,25.66,0
303.5,15.175,-0.014,-0.014,0.986,0.986,0.43,0.43,0.43,25.66,0
328.53,16.427,-0.014,-0.014,0.986,0.986,-0.06,-0.06,-0.06,25.45,0
317.34,15.867,-0.026,-0.026,0.974,0.974,0.44,0.44,0.44,25.61,0
327.56,16.378,-0.013,-0.013,0.987,0.987,0.87,0.87,0.87,25.53,0
321.34,16.067,-0.014,-0.014,0.986,0.986,-0.17,-0.17,-0.17,25.36,0
84.0,4.2,-0.175,-0.34,-0.086,0.392,-6.58,-8.65,-3.68,25.59,0
744.5,37.225,0.194,0.383,2.233,2.274,7.33,9.7,4.03,25.49,1
84.0,4.2,-0.139,-0.273,0.128,0.332,-5.25,-6.92,-2.92,25.55,0
454.05,22.703,0.07,0.128,1.389,1.396,1.86,2.58,0.84,25.47,0
323.15,16.158,-0.02,-0.02,0.98,0.981,-0.04,-0.04,-0.04,25.6,0
252.9,12.645,-0.01,-0.039,0.832,0.833,0.13,-0.22,0.64,25.49,0
384.19,19.209,0.013,0.046,1.194,1.195,1.14,1.55,0.56,25.55,0
235.46,11.773,-0.035,-0.058,0.838,0.841,-0.83,-1.12,-0.43,25.47,0
352.73,17.637,0.023,0.033,1.079,1.079,0.3,0.43,0.13,25.45,0
318.5,15.925,0.052,0.052,1.052,1.055,-0.5,-0.5,-0.5,25.34,0
316.1,15.805,0.029,0.024,1.002,1.002,-0.33,-0.4,-0.25,25.47,0
325.0,16.25,0.032,0.038,1.063,1.065,0.06,0.13,-0.04,25.59,0
301.33,15.067,0.036,0.032,1.014,1.015,-0.52,-0.57,-0.45,25.82,0
326.26,16.313,0.013,0.014,1.022,1.022,-0.17,-0.15,-0.2,25.88,0
309.06,15.453,0.016,0.016,1.016,1.016,0.43,0.43,0.43,25.53,0
303.4,15.17,-0.001,-0.002,0.994,0.994,-0.98,-0.99,-0.97,25.45,0
321.65,16.083,-0.032,-0.031,0.974,0.975,-0.17,-0.16,-0.19,25.33,0
299.56,14.978,0.007,0.006,1.003,1.003,0.04,0.03,0.05,25.46,0
325.72,16.286,0.038,0.038,1.039,1.041,0.08,0.09,0.08,25.36,0
306.6,15.33,0.015,0.015,1.015,1.015,0.0,0.0,0.0,25.5,0
327.19,16.36,0.005,0.005,1.005,1.005,0.91,0.91,0.92,25.55,0
312.57,15.629,-0.007,-0.007,0.994,0.994,0.01,0.01,0.01,25.49,0
325.7,16.285,-0.019,-0.019,0.98,0.98,-0.0,-0.0,-0.0,25.24,0
319.31,15.965,0.002,0.002,1.002,1.002,-0.02,-0.02,-0.02,25.49,0
309.28,15.464,0.014,0.014,1.014,1.014,0.23,0.23,0.23,25.77,0
306.85,15.343,-0.014,-0.014,0.986,0.986,1.21,1.21,1.21,25.26,0
319.66,15.983,-0.011,-0.011,0.989,0.989,0.86,0.86,0.86,25.77,0
305.73,15.286,0.015,0.015,1.015,1.015,-0.14,-0.14,-0.14,25.89,0
333.42,16.671,0.005,0.005,1.005,1.005,0.54,0.54,0.54,25.58,0
327.36,16.368,0.008,0.008,1.008,1.009,0.08,0.08,0.08,25.5,0
307.65,15.383,-0.001,-0.001,0.999,0.999,-0.87,-0.87,-0.87,25.47,0
307.62,15.381,0.03,0.03,1.03,1.031,-0.0,-0.0,-0.0,25.73,0
306.43,15.321,0.025,0.025,1.025,1.026,0.03,0.03,0.03,25.5,0
302.97,15.149,-0.017,-0.017,0.983,0.983,0.45,0.45,0.45,25.27,0
317.87,15.894,-0.008,-0.008,0.992,0.992,0.14,0.14,0.14,25.48,0
306.54,15.327,-0.025,-0.025,0.975,0.975,-0.29,-0.29,-0.29,25.46,0
314.61,15.731,0.031,0.031,1.031,1.032,-0.13,-0.13,-0.13,25.4,0
335.55,16.778,0.006,0.006,1.006,1.006,-0.38,-0.38,-0.38,25.62,0
320.15,16.008,-0.015,-0.015,0.985,0.985,-0.65,-0.65,-0.65,25.44,0
314.55,15.727,-0.011,-0.011,0.989,0.99,0.3,0.3,0.3,25.48,0
84.0,4.2,-0.184,-0.35,-0.095,0.406,-6.51,-8.58,-3.61,25.53,0
752.06,37.603,0.204,0.393,2.243,2.286,8.34,10.7,5.03,25.4,1
84.0,4.2,-0.137,-0.27,0.131,0.33,-4.81,-6.47,-2.48,25.31,0
452.04,22.602,0.046,0.104,1.365,1.37,2.03,2.75,1.01,25.75,0
318.65,15.933,-0.025,-0.025,0.975,0.975,-0.88,-0.88,-0.88,25.55,0
252.87,12.644,-0.045,-0.074,0.796,0.801,-0.65,-1.01,-0.15,25.6,0
391.36,19.568,0.039,0.071,1.219,1.222,1.6,2.01,1.02,25.46,0
259.83,12.991,-0.034,-0.057,0.839,0.842,-1.19,-1.48,-0.79,25.6,0
330.55,16.527,0.027,0.037,1.082,1.083,-0.01,0.11,-0.19,25.6,0
316.36,15.818,0.005,0.005,1.005,1.005,-0.16,-0.16,-0.16,25.19,0
301.26,15.063,0.003,-0.002,0.976,0.976,-0.25,-0.32,-0.17,25.57,0
330.66,16.533,-0.0,0.005,1.031,1.031,1.2,1.27,1.1,25.67,0
312.73,15.637,-0.018,-0.022,0.96,0.96,-0.06,-0.11,0.01,25.65,0
312.93,15.646,0.026,0.028,1.036,1.036,-0.16,-0.13,-0.19,25.7,0
312.85,15.642,-0.034,-0.034,0.966,0.967,-0.37,-0.37,-0.37,25.55,0
309.09,15.455,-0.026,-0.027,0.969,0.97,0.19,0.18,0.21,25.43,0
316.65,15.832,0.001,0.001,1.006,1.006,0.32,0.33,0.3,25.59,0
299.42,14.971,0.001,0.0,0.997,0.997,-0.1,-0.1,-0.08,25.24,0
313.34,15.667,0.013,0.014,1.015,1.015,-0.69,-0.68,-0.69,25.46,0
326.37,16.319,-0.05,-0.05,0.95,0.953,0.18,0.18,0.18,25.43,0
311.19,15.56,-0.02,-0.02,0.979,0.98,0.48,0.48,0.48,25.67,0
309.07,15.453,-0.001,-0.001,1.0,1.0,-0.18,-0.18,-0.19,25.74,0
322.3,16.115,0.005,0.004,1.004,1.004,0.14,0.14,0.14,25.24,0
311.21,15.56,0.017,0.017,1.017,1.017,0.36,0.36,0.36,25.63,0
310.52,15.526,0.016,0.016,1.016,1.017,-0.07,-0.07,-0.07,25.63,0
300.55,15.027,0.01,0.01,1.01,1.01,-0.16,-0.16,-0.16,25.23,0
310.32,15.516,-0.014,-0.014,0.986,0.986,0.62,0.62,0.62,25.49,0
294.74,14.737,-0.012,-0.012,0.988,0.988,-0.13,-0.13,-0.13,25.51,0
318.52,15.926,-0.024,-0.024,0.976,0.977,-0.42,-0.42,-0.43,25.53,0
309.19,15.46,-0.021,-0.021,0.979,0.98,0.06,0.06,0.06,25.51,0
299.92,14.996,0.001,0.001,1.001,1.001,0.14,0.14,0.14,25.47,0
301.03,15.052,0.005,0.005,1.005,1.006,0.1,0.1,0.1,25.71,0
311.97,15.598,0.013,0.013,1.013,1.013,-0.37,-0.37,-0.37,25.74,0
306.79,15.339,0.004,0.004,1.004,1.004,0.41,0.41,0.41,25.43,0
312.42,15.621,-0.003,-0.003,0.997,0.997,0.18,0.18,0.18,25.4,0
324.45,16.222,0.017,0.017,1.017,1.017,-0.42,-0.42,-0.42,25.73,0
322.36,16.118,0.007,0.007,1.007,1.007,0.81,0.81,0.81,25.43,0
305.85,15.293,0.009,0.009,1.009,1.01,0.89,0.89,0.89,25.43,0
308.02,15.401,0.0,0.0,1.0,1.0,-0.13,-0.13,-0.13,25.39,0
313.39,15.67,-0.021,-0.021,0.979,0.98,0.53,0.53,0.53,25.55,0
84.0,4.2,-0.155,-0.321,-0.066,0.362,-4.88,-6.95,-1.98,25.48,0
749.32,37.466,0.154,0.342,2.193,2.224,6.64,9.0,3.33,25.59,1
84.0,4.2,-0.11,-0.243,0.158,0.31,-5.36,-7.02,-3.03,25.82,0
445.1,22.255,0.015,0.073,1.333,1.335,2.32,3.05,1.31,25.43,0
314.53,15.726,0.011,0.011,1.011,1.011,-0.91,-0.91,-0.91,25.36,0
254.21,12.711,-0.031,-0.059,0.811,0.814,-0.64,-1.0,-0.13,25.5,0
398.78,19.939,0.028,0.061,1.208,1.21,1.71,2.12,1.13,25.64,0
272.9,13.645,-0.059,-0.082,0.814,0.82,-0.47,-0.76,-0.06,25.55,0
339.98,16.999,0.036,0.046,1.091,1.093,1.31,1.44,1.13,25.55,0
317.35,15.867,0.013,0.013,1.013,1.014,0.44,0.44,0.44,25.61,0
290.07,14.504,0.023,0.018,0.995,0.996,0.18,0.12,0.27,25.3,0
318.45,15.923,0.004,0.009,1.035,1.035,-0.46,-0.39,-0.56,25.35,0
307.69,15.384,-0.008,-0.012,0.97,0.97,-0.58,-0.63,-0.51,25.52,0
320.06,16.003,-0.014,-0.012,0.995,0.996,0.37,0.39,0.34,25.54,0
309.41,15.471,-0.023,-0.023,0.977,0.977,-0.36,-0.36,-0.36,25.3,0
326.29,16.314,-0.005,-0.006,0.99,0.99,0.27,0.26,0.28,25.37,0
302.85,15.143,0.019,0.02,1.024,1.025,0.42,0.43,0.4,25.48,0
311.62,15.581,0.007,0.007,1.004,1.004,-0.22,-0.23,-0.21,25.45,0
315.48,15.774,-0.02,-0.02,0.981,0.982,0.28,0.28,0.27,25.48,0
310.18,15.509,0.004,0.004,1.004,1.004,-0.37,-0.37,-0.37,25.62,0
314.4,15.72,0.004,0.004,1.003,1.003,-0.05,-0.05,-0.05,25.52,0
314.31,15.716,-0.032,-0.032,0.969,0.97,0.01,0.01,0.0,25.72,0
307.87,15.394,-0.038,-0.038,0.961,0.963,-0.1,-0.1,-0.1,25.51,0
297.81,14.891,-0.015,-0.014,0.986,0.986,0.18,0.18,0.18,25.44,0
310.77,15.538,0.017,0.017,1.017,1.017,0.32,0.32,0.32,25.38,0
309.49,15.475,0.009,0.009,1.009,1.009,0.34,0.34,0.34,25.63,0
310.33,15.517,-0.008,-0.008,0.992,0.992,0.29,0.29,0.29,25.4,0
321.34,16.067,0.032,0.032,1.032,1.033,-0.13,-0.13,-0.13,25.62,0
309.95,15.498,-0.002,-0.002,0.998,0.998,0.49,0.49,0.49,25.51,0
322.61,16.131,0.024,0.024,1.024,1.024,-0.05,-0.05,-0.05,25.4,0
307.47,15.373,0.028,0.028,1.028,1.028,0.39,0.39,0.39,25.46,0
316.86,15.843,-0.035,-0.035,0.965,0.966,-0.56,-0.56,-0.56,25.37,0
341.21,17.061,0.003,0.003,1.003,1.003,0.32,0.32,0.32,25.79,0
343.24,17.162,0.034,0.034,1.034,1.036,0.35,0.35,0.35,25.37,0
299.41,14.97,0.003,0.003,1.003,1.003,-0.22,-0.22,-0.22,25.46,0
331.63,16.581,-0.048,-0.048,0.952,0.954,-0.91,-0.91,-0.91,25.32,0
318.85,15.943,-0.026,-0.026,0.974,0.974,-0.64,-0.64,-0.64,25.46,0
311.46,15.573,0.011,0.011,1.011,1.012,0.27,0.27,0.27,25.58,0
317.16,15.858,0.053,0.053,1.053,1.056,-0.5,-0.5,-0.5,25.52,0
722.28,33.706,-0.022,-0.022,0.978,0.978,-0.68,-0.68,-0.68,28.99,1
2261.29,105.527,3.193,2.124,2.361,4.503,27.52,32.86,14.54,28.5,1
1499.07,69.957,1.594,1.064,1.685,2.551,13.26,15.91,6.83,28.31,1
135.0,8.0,-1.314,-0.889,0.415,1.64,-10.01,-12.13,-4.84,28.64,1
135.0,8.0,-1.637,-1.084,0.31,1.988,-13.86,-16.62,-7.15,28.71,1
721.0,33.647,-0.023,-0.023,0.977,0.977,-0.5,-0.5,-0.5,28.56,1
1234.6,57.615,1.08,0.724,1.47,1.962,8.38,10.16,4.06,28.12,1
976.38,45.564,0.546,0.37,1.244,1.408,3.56,4.45,1.42,28.72,1
506.62,23.642,-0.406,-0.265,0.837,0.967,-3.1,-3.8,-1.38,28.16,1
453.85,21.18,-0.552,-0.368,0.763,1.011,-3.59,-4.51,-1.35,28.56,1
706.03,32.948,-0.006,-0.006,0.994,0.994,0.43,0.43,0.43,28.22,1
887.48,41.416,0.304,0.186,1.101,1.157,2.28,2.88,0.85,28.29,1
804.8,37.557,0.176,0.117,1.075,1.096,1.33,1.62,0.61,28.45,1
642.75,29.995,-0.137,-0.09,0.944,0.958,-1.52,-1.76,-0.95,28.47,1
635.79,29.67,-0.198,-0.137,0.907,0.938,-1.05,-1.36,-0.31,28.32,1
721.75,33.682,-0.012,-0.012,0.988,0.988,0.21,0.21,0.21,28.61,1
757.55,35.352,0.131,0.091,1.063,1.075,1.43,1.63,0.96,28.62,1
741.9,34.622,0.015,-0.005,0.981,0.981,0.8,0.89,0.56,28.67,1
682.67,31.858,-0.031,-0.016,0.995,0.996,-1.37,-1.44,-1.18,28.78,1
682.28,31.84,-0.066,-0.046,0.969,0.972,-1.07,-1.17,-0.82,28.67,1
721.9,33.689,-0.023,-0.023,0.977,0.978,0.1,0.1,0.1,28.37,1
731.34,34.129,0.013,0.0,0.991,0.991,-0.24,-0.17,-0.4,28.79,1
739.43,34.507,0.038,0.032,1.027,1.029,0.94,0.97,0.86,28.49,1
699.53,32.645,-0.039,-0.034,0.97,0.971,-1.32,-1.35,-1.26,28.47,1
699.43,32.64,-0.021,-0.014,0.991,0.991,-0.55,-0.58,-0.47,28.72,1
732.07,34.163,0.042,0.042,1.042,1.044,-0.42,-0.42,-0.42,28.31,1
722.37,33.711,-0.027,-0.031,0.966,0.967,0.51,0.54,0.46,28.7,1
702.87,32.8,0.015,0.013,1.012,1.012,0.02,0.03,-0.01,28.66,1
713.89,33.315,-0.004,-0.003,0.999,0.999,0.87,0.87,0.9,28.4,1
712.57,33.253,0.011,0.014,1.015,1.015,0.0,-0.01,0.03,28.51,1
722.52,33.717,0.026,0.026,1.026,1.027,-0.58,-0.58,-0.58,28.49,1
723.77,33.776,-0.023,-0.024,0.975,0.975,0.2,0.21,0.18,28.6,1
726.47,33.902,0.024,0.023,1.023,1.023,0.52,0.53,0.52,28.45,1
716.23,33.424,-0.028,-0.028,0.973,0.973,0.13,0.13,0.14,28.4,1
715.76,33.402,-0.005,-0.004,0.997,0.997,-0.13,-0.14,-0.13,28.95,1
702.35,32.776,0.021,0.021,1.021,1.021,-0.18,-0.18,-0.18,28.66,1
734.73,34.287,0.013,0.013,1.013,1.013,0.94,0.95,0.94,28.23,1
727.87,33.967,0.013,0.012,1.012,1.012,0.26,0.26,0.26,28.3,1
724.79,33.824,-0.01,-0.01,0.99,0.99,-0.11,-0.11,-0.11,28.51,1
727.34,33.943,0.029,0.029,1.029,1.03,-0.85,-0.85,-0.84,28.46,1
712.46,33.248,-0.004,-0.004,0.996,0.996,0.16,0.16,0.16,28.7,1
706.67,32.978,-0.01,-0.01,0.99,0.99,0.22,0.22,0.22,28.66,1
710.1,33.138,-0.025,-0.025,0.975,0.975,0.1,0.1,0.1,28.09,1
710.26,33.146,-0.012,-0.012,0.988,0.988,0.35,0.35,0.35,28.6,1
712.84,33.266,0.011,0.011,1.011,1.011,0.55,0.55,0.55,28.47,1
732.05,34.162,-0.034,-0.034,0.966,0.968,0.31,0.31,0.31,28.13,1
715.15,33.374,0.014,0.014,1.014,1.014,0.06,0.06,0.06,28.4,1
712.91,33.269,0.015,0.015,1.015,1.015,-1.01,-1.01,-1.01,28.99,1
722.22,33.703,-0.05,-0.05,0.95,0.953,-0.15,-0.15,-0.15,28.71,1
726.41,33.899,-0.007,-0.007,0.993,0.993,0.87,0.87,0.87,28.78,1
723.61,33.769,0.01,0.01,1.01,1.01,-0.29,-0.29,-0.29,28.55,1
729.96,34.065,-0.01,-0.01,0.99,0.99,-0.32,-0.32,-0.32,28.46,1
728.03,33.975,-0.017,-0.017,0.983,0.984,0.02,0.02,0.02,28.51,1
713.34,33.289,-0.02,-0.02,0.98,0.98,-0.03,-0.03,-0.03,28.62,1
726.76,33.916,-0.0,-0.0,1.0,1.0,0.18,0.18,0.18,28.17,1
701.3,32.727,-0.035,-0.035,0.965,0.966,0.6,0.6,0.6,28.37,1
722.66,33.724,0.002,0.002,1.002,1.002,-0.84,-0.84,-0.84,28.52,1
710.98,33.179,0.023,0.023,1.023,1.024,0.09,0.09,0.09,28.46,1
717.77,33.496,0.016,0.016,1.016,1.016,0.3,0.3,0.3,28.36,1
701.06,32.716,-0.007,-0.007,0.993,0.993,0.08,0.08,0.08,28.51,1
713.45,33.294,0.019,0.019,1.019,1.019,0.13,0.13,0.13,28.19,1
2260.45,105.488,3.218,2.149,2.386,4.546,26.79,32.13,13.82,28.53,1
1479.74,69.055,1.59,1.06,1.682,2.546,13.09,15.74,6.65,28.56,1
135.0,8.0,-1.276,-0.851,0.453,1.599,-10.05,-12.17,-4.88,28.75,1
135.0,8.0,-1.658,-1.106,0.288,2.014,-14.29,-17.05,-7.58,28.27,1
712.44,33.247,0.01,0.01,1.01,1.01,0.12,0.12,0.12,28.52,1
1243.09,58.011,1.057,0.702,1.448,1.925,8.32,10.1,4.0,28.63,1
996.94,46.524,0.534,0.357,1.231,1.389,4.94,5.82,2.8,28.32,1
522.55,24.386,-0.429,-0.287,0.814,0.964,-3.21,-3.92,-1.49,28.29,1
448.76,20.942,-0.505,-0.321,0.81,1.007,-4.43,-5.35,-2.2,28.44,1
716.02,33.414,-0.002,-0.002,0.998,0.998,0.03,0.03,0.03,28.15,1
876.65,40.91,0.352,0.234,1.149,1.225,4.47,5.06,3.03,28.63,1
786.61,36.708,0.148,0.089,1.047,1.061,1.83,2.12,1.11,28.34,1
650.64,30.363,-0.109,-0.062,0.972,0.98,-0.7,-0.94,-0.13,28.61,1
628.01,29.307,-0.197,-0.136,0.908,0.939,-1.45,-1.76,-0.71,28.9,1
717.16,33.467,0.01,0.01,1.01,1.01,0.06,0.06,0.06,28.59,1
761.03,35.515,0.103,0.063,1.035,1.042,0.65,0.85,0.17,28.4,1
756.33,35.295,0.1,0.081,1.067,1.074,0.17,0.27,-0.07,28.24,1
691.56,32.273,-0.032,-0.016,0.995,0.996,-0.08,-0.16,0.11,28.52,1
691.76,32.282,-0.07,-0.049,0.965,0.969,-0.59,-0.69,-0.35,28.6,1
713.1,33.278,-0.023,-0.023,0.977,0.977,0.43,0.43,0.43,28.45,1
744.05,34.722,0.028,0.015,1.005,1.006,-0.28,-0.21,-0.44,28.58,1
724.11,33.792,0.024,0.018,1.013,1.013,0.07,0.1,-0.01,28.83,1
713.99,33.32,-0.012,-0.006,0.997,0.997,-0.67,-0.7,-0.61,28.14,1
701.44,32.734,-0.0,0.007,1.012,1.012,-0.0,-0.04,0.08,28.66,1
708.29,33.053,0.021,0.021,1.021,1.022,-0.25,-0.25,-0.25,28.62,1
744.33,34.735,-0.006,-0.01,0.987,0.987,-0.12,-0.1,-0.17,28.46,1
729.16,34.027,0.002,-0.0,0.998,0.998,-0.27,-0.26,-0.3,28.45,1
729.24,34.031,-0.006,-0.005,0.997,0.997,-0.24,-0.25,-0.22,28.43,1
713.83,33.312,-0.022,-0.02,0.982,0.982,-0.47,-0.48,-0.44,28.41,1
723.14,33.746,-0.036,-0.036,0.964,0.965,-0.14,-0.14,-0.14,28.86,1
735.85,34.34,-0.017,-0.018,0.981,0.981,0.03,0.04,0.02,28.78,1
728.56,33.999,-0.009,-0.01,0.99,0.99,-0.85,-0.84,-0.86,28.57,1
705.76,32.935,0.024,0.025,1.025,1.026,0.69,0.68,0.69,28.43,1
750.31,35.014,-0.01,-0.009,0.991,0.991,-0.34,-0.34,-0.33,28.72,1
734.83,34.292,-0.014,-0.014,0.986,0.986,-0.14,-0.14,-0.14,28.7,1
723.2,33.749,-0.001,-0.002,0.998,0.998,-0.63,-0.63,-0.63,28.34,1
728.59,34.001,-0.01,-0.01,0.99,0.99,-0.23,-0.23,-0.24,28.42,1
727.01,33.927,-0.033,-0.033,0.967,0.969,-0.28,-0.28,-0.28,28.23,1
723.29,33.754,0.019,0.019,1.019,1.02,-0.46,-0.47,-0.46,28.38,1
709.57,33.113,0.063,0.063,1.063,1.066,-0.71,-0.71,-0.71,28.54,1
721.75,33.682,-0.007,-0.008,0.992,0.992,-0.17,-0.17,-0.17,28.44,1
715.46,33.388,-0.02,-0.02,0.98,0.98,0.29,0.29,0.29,28.13,1
717.0,33.46,0.011,0.011,1.011,1.011,-0.42,-0.43,-0.42,28.64,1
712.66,33.257,-0.004,-0.004,0.996,0.996,-0.5,-0.5,-0.5,28.28,1
705.48,32.923,-0.012,-0.012,0.988,0.988,0.83,0.83,0.83,28.6,1
717.97,33.505,-0.039,-0.039,0.961,0.963,-0.19,-0.19,-0.19,28.4,1
715.42,33.386,0.003,0.003,1.003,1.003,-0.89,-0.89,-0.9,28.71,1
716.79,33.45,0.001,0.001,1.001,1.001,0.2,0.2,0.2,28.23,1
709.23,33.097,-0.018,-0.018,0.982,0.982,0.7,0.7,0.7,28.53,1
706.42,32.966,0.018,0.018,1.018,1.019,-0.21,-0.21,-0.21,28.79,1
736.82,34.385,0.012,0.012,1.012,1.012,-0.08,-0.08,-0.08,28.69,1
717.81,33.498,-0.025,-0.025,0.975,0.976,0.85,0.85,0.85,28.54,1
733.52,34.231,-0.003,-0.003,0.997,0.997,0.06,0.06,0.06,28.25,1
704.69,32.885,0.025,0.025,1.025,1.026,0.04,0.04,0.04,28.5,1
705.85,32.94,0.007,0.007,1.007,1.007,0.06,0.06,0.06,28.59,1
726.54,33.905,0.012,0.011,1.011,1.012,-0.88,-0.88,-0.88,28.57,1
716.95,33.458,-0.001,-0.001,0.999,0.999,-0.45,-0.45,-0.45,28.32,1
718.09,33.511,-0.013,-0.013,0.987,0.987,0.03,0.03,0.03,28.35,1
715.5,33.39,0.009,0.009,1.009,1.009,1.1,1.1,1.1,28.53,1
720.78,33.637,0.022,0.022,1.022,1.023,0.29,0.29,0.29,28.78,1
2264.94,105.697,3.221,2.152,2.389,4.551,26.62,31.97,13.65,28.52,1
1490.79,69.57,1.609,1.079,1.701,2.578,12.73,15.38,6.29,28.44,1
135.0,8.0,-1.279,-0.853,0.45,1.602,-10.73,-12.86,-5.57,27.93,1
135.0,8.0,-1.665,-1.113,0.282,2.023,-13.42,-16.18,-6.71,28.96,1
730.55,34.092,0.021,0.021,1.021,1.022,0.82,0.82,0.82,28.7,1
1234.65,57.617,1.065,0.709,1.455,1.937,9.37,11.15,5.05,28.16,1
965.29,45.047,0.593,0.416,1.29,1.48,4.12,5.0,1.98,28.43,1
517.52,24.151,-0.434,-0.292,0.809,0.963,-3.2,-3.91,-1.48,28.61,1
475.18,22.175,-0.545,-0.361,0.77,1.01,-4.85,-5.77,-2.62,28.46,1
709.18,33.095,0.029,0.029,1.029,1.03,-0.33,-0.33,-0.33,28.39,1
892.37,41.644,0.351,0.233,1.148,1.223,2.2,2.79,0.76,28.23,1
812.45,37.914,0.179,0.12,1.078,1.099,0.93,1.23,0.22,28.67,1
654.76,30.555,-0.15,-0.103,0.93,0.948,0.11,-0.12,0.69,28.39,1
625.39,29.185,-0.174,-0.112,0.931,0.954,-0.6,-0.9,0.15,28.27,1
716.25,33.425,0.007,0.007,1.007,1.007,-0.24,-0.24,-0.24,28.83,1
785.56,36.659,0.133,0.094,1.066,1.078,0.62,0.82,0.14,28.55,1
738.41,34.459,0.015,-0.004,0.982,0.982,0.55,0.65,0.31,28.06,1
688.46,32.128,-0.068,-0.052,0.959,0.963,0.07,-0.01,0.26,28.16,1
682.6,31.854,-0.026,-0.006,1.009,1.009,-0.48,-0.58,-0.23,28.26,1
713.35,33.29,-0.02,-0.02,0.98,0.98,-0.37,-0.37,-0.37,28.65,1
732.96,34.205,0.022,0.009,1.0,1.0,0.99,1.05,0.83,28.23,1
719.29,33.567,0.025,0.019,1.014,1.014,1.11,1.14,1.03,28.46,1
723.5,33.763,0.0,0.005,1.009,1.009,-0.44,-0.47,-0.38,28.65,1
717.41,33.479,-0.046,-0.039,0.966,0.968,0.46,0.43,0.54,28.49,1
723.34,33.756,-0.003,-0.003,0.997,0.997,0.83,0.83,0.83,28.72,1
717.23,33.471,0.032,0.028,1.025,1.026,0.87,0.9,0.82,28.64,1
733.9,34.249,0.02,0.018,1.016,1.017,0.54,0.55,0.51,28.23,1
708.2,33.049,-0.003,-0.001,1.0,1.0,0.1,0.09,0.12,28.39,1
726.18,33.889,0.009,0.011,1.013,1.013,0.06,0.05,0.09,28.26,1
730.12,34.072,0.018,0.018,1.018,1.018,-0.16,-0.16,-0.16,28.57,1
733.25,34.218,-0.007,-0.009,0.99,0.99,0.42,0.42,0.4,28.49,1
720.76,33.635,0.012,0.011,1.011,1.011,0.3,0.31,0.29,28.68,1
714.8,33.357,-0.009,-0.008,0.992,0.992,-0.04,-0.04,-0.03,28.45,1
721.88,33.688,-0.001,-0.0,1.001,1.001,0.11,0.11,0.12,28.51,1
715.34,33.382,0.044,0.044,1.044,1.046,-0.3,-0.3,-0.3,28.31,1
711.57,33.207,0.014,0.013,1.013,1.013,-0.49,-0.48,-0.49,28.28,1
708.66,33.071,0.0,0.0,1.0,1.0,1.11,1.11,1.11,28.63,1
717.95,33.504,-0.027,-0.027,0.973,0.974,-0.25,-0.26,-0.25,28.41,1
710.75,33.168,0.018,0.018,1.018,1.018,-0.21,-0.21,-0.2,28.36,1
726.67,33.911,-0.025,-0.025,0.975,0.975,0.1,0.1,0.1,28.55,1
720.33,33.615,-0.011,-0.011,0.989,0.989,0.31,0.31,0.31,28.43,1
698.88,32.615,-0.011,-0.011,0.988,0.989,0.51,0.51,0.51,28.26,1
723.99,33.786,0.02,0.02,1.02,1.021,-1.33,-1.33,-1.33,28.41,1
726.95,33.924,-0.008,-0.008,0.992,0.992,-0.32,-0.32,-0.32,28.79,1
741.14,34.587,-0.019,-0.019,0.981,0.981,-0.49,-0.49,-0.49,28.39,1
723.17,33.748,0.005,0.005,1.005,1.005,-0.41,-0.41,-0.41,28.71,1
725.32,33.848,-0.014,-0.014,0.986,0.986,-0.27,-0.27,-0.27,28.72,1
708.8,33.078,-0.023,-0.023,0.977,0.978,-0.31,-0.31,-0.31,28.02,1
717.17,33.468,0.02,0.02,1.02,1.02,-0.08,-0.08,-0.08,28.3,1
731.82,34.151,0.015,0.015,1.015,1.015,-0.45,-0.45,-0.45,28.69,1
718.21,33.517,-0.029,-0.029,0.971,0.972,-0.12,-0.12,-0.12,28.65,1
717.88,33.501,0.014,0.014,1.014,1.015,0.55,0.55,0.55,28.3,1
719.56,33.58,0.042,0.042,1.042,1.043,0.64,0.64,0.64,28.6,1
730.25,34.078,0.013,0.013,1.013,1.013,0.4,0.4,0.4,28.74,1
725.57,33.86,0.001,0.001,1.001,1.001,-0.46,-0.46,-0.46,28.68,1
704.32,32.868,0.003,0.003,1.003,1.003,0.59,0.59,0.59,28.75,1
704.32,32.868,-0.026,-0.026,0.974,0.974,-1.08,-1.08,-1.08,28.73,1
735.1,34.305,0.017,0.017,1.017,1.018,0.19,0.19,0.19,28.86,1
723.69,33.772,0.025,0.025,1.025,1.026,0.07,0.07,0.07,28.2,1
708.59,33.067,-0.016,-0.016,0.984,0.984,-0.15,-0.15,-0.15,28.51,1
2251.38,105.064,3.201,2.132,2.369,4.517,26.75,32.09,13.77,28.36,1
1480.77,69.103,1.599,1.069,1.691,2.561,12.98,15.63,6.55,28.3,1
135.0,8.0,-1.269,-0.844,0.46,1.592,-10.65,-12.77,-5.48,28.62,1
135.0,8.0,-1.653,-1.101,0.293,2.008,-14.06,-16.82,-7.35,28.2,1
718.97,33.552,0.013,0.013,1.013,1.013,0.69,0.69,0.69,28.05,1
1239.3,57.834,1.072,0.717,1.463,1.95,8.37,10.15,4.05,28.07,1
969.08,45.224,0.529,0.353,1.227,1.382,4.52,5.4,2.38,28.68,1
527.16,24.601,-0.443,-0.301,0.8,0.963,-3.83,-4.54,-2.11,28.59,1
449.52,20.978,-0.549,-0.365,0.766,1.011,-5.24,-6.16,-3.01,28.65,1
732.63,34.189,0.011,0.011,1.011,1.011,0.55,0.55,0.55,28.07,1
889.11,41.492,0.38,0.261,1.177,1.264,2.38,2.97,0.94,28.37,1
818.57,38.2,0.207,0.148,1.106,1.135,1.47,1.76,0.75,28.35,1
642.99,30.006,-0.147,-0.1,0.934,0.951,-1.77,-2.01,-1.2,28.75,1
635.14,29.64,-0.155,-0.094,0.95,0.967,-1.22,-1.53,-0.48,28.49,1
706.11,32.952,-0.011,-0.011,0.989,0.989,-0.57,-0.57,-0.57,28.59,1
772.07,36.03,0.135,0.096,1.068,1.081,1.06,1.26,0.58,28.45,1
746.33,34.829,0.059,0.039,1.025,1.028,-0.01,0.09,-0.24,28.53,1
700.33,32.682,-0.042,-0.026,0.985,0.986,-0.75,-0.83,-0.56,28.28,1
703.78,32.843,-0.045,-0.024,0.99,0.992,-0.02,-0.13,0.22,28.52,1
716.08,33.417,-0.014,-0.014,0.986,0.986,0.2,0.2,0.2,28.28,1
737.05,34.396,0.018,0.005,0.995,0.995,-0.42,-0.35,-0.58,28.6,1
730.41,34.086,0.022,0.015,1.01,1.011,0.85,0.89,0.78,28.61,1
715.39,33.385,-0.026,-0.021,0.983,0.984,0.81,0.78,0.87,28.57,1
713.88,33.315,-0.029,-0.022,0.983,0.983,-0.51,-0.55,-0.43,28.27,1
716.15,33.42,-0.018,-0.018,0.982,0.982,-0.42,-0.42,-0.42,28.37,1
735.83,34.339,-0.01,-0.015,0.982,0.982,0.13,0.15,0.08,28.1,1
725.7,33.866,0.013,0.011,1.009,1.01,-0.25,-0.24,-0.28,28.59,1
729.41,34.039,-0.011,-0.009,0.992,0.992,0.44,0.44,0.47,28.32,1
710.04,33.135,-0.008,-0.005,0.996,0.996,-0.63,-0.64,-0.6,28.47,1
728.67,34.005,0.001,0.001,1.001,1.001,-0.67,-0.67,-0.67,28.55,1
713.57,33.3,-0.001,-0.003,0.996,0.996,0.78,0.79,0.76,28.48,1
717.54,33.485,-0.016,-0.017,0.983,0.983,0.21,0.21,0.2,28.6,1
714.57,33.347,-0.032,-0.032,0.969,0.97,0.73,0.73,0.74,28.22,1
738.06,34.443,-0.012,-0.011,0.989,0.989,-0.01,-0.02,-0.01,28.32,1
714.84,33.359,0.021,0.021,1.021,1.021,-0.28,-0.28,-0.28,28.4,1
734.62,34.282,0.0,-0.0,1.0,1.0,-0.1,-0.09,-0.1,28.3,1
722.59,33.721,-0.003,-0.003,0.997,0.997,-0.22,-0.22,-0.23,28.23,1
719.84,33.593,-0.023,-0.022,0.978,0.978,0.11,0.11,0.12,28.67,1
728.17,33.981,-0.015,-0.015,0.985,0.986,-0.59,-0.59,-0.58,28.95,1
722.72,33.727,-0.007,-0.007,0.993,0.993,-0.26,-0.26,-0.26,28.41,1
730.41,34.086,0.004,0.004,1.004,1.004,-0.16,-0.16,-0.16,28.75,1
720.32,33.615,-0.036,-0.036,0.964,0.965,0.27,0.27,0.27,28.53,1
735.8,34.337,-0.007,-0.007,0.993,0.993,-0.36,-0.36,-0.36,28.51,1
715.81,33.405,0.001,0.001,1.001,1.001,-0.21,-0.21,-0.21,28.6,1
711.64,33.21,-0.01,-0.01,0.99,0.99,1.28,1.28,1.28,28.67,1
705.42,32.92,-0.002,-0.002,0.998,0.998,-0.21,-0.21,-0.21,28.33,1
720.57,33.627,0.001,0.001,1.001,1.001,0.79,0.79,0.79,28.54,1
726.68,33.912,-0.027,-0.027,0.973,0.974,0.23,0.23,0.23,28.57,1
718.76,33.542,0.009,0.009,1.009,1.009,0.08,0.08,0.08,28.62,1
718.78,33.543,0.005,0.005,1.005,1.005,-1.11,-1.11,-1.11,28.79,1
736.02,34.348,0.043,0.043,1.043,1.045,0.2,0.2,0.2,28.22,1
720.47,33.622,0.022,0.022,1.022,1.023,0.47,0.47,0.47,28.53,1
719.06,33.556,0.01,0.01,1.01,1.011,0.27,0.27,0.27,28.7,1
714.25,33.332,-0.039,-0.039,0.961,0.963,0.44,0.44,0.44,28.56,1
724.28,33.8,-0.038,-0.038,0.962,0.964,0.25,0.25,0.25,28.6,1
731.94,34.157,-0.031,-0.031,0.969,0.97,0.61,0.61,0.61,28.56,1
715.78,33.403,0.013,0.013,1.013,1.014,-0.09,-0.09,-0.09,28.28,1
714.11,33.325,0.001,0.001,1.001,1.001,-1.14,-1.14,-1.14,28.31,1
732.32,34.175,0.003,0.003,1.003,1.003,-0.09,-0.09,-0.09,28.32,1
708.62,33.069,-0.007,-0.007,0.993,0.993,0.05,0.05,0.05,28.64,1
2278.03,106.308,3.223,2.154,2.391,4.555,27.13,32.47,14.15,28.89,1
1478.25,68.985,1.577,1.047,1.669,2.524,13.77,16.42,7.33,28.75,1
135.0,8.0,-1.259,-0.834,0.47,1.582,-11.14,-13.27,-5.98,28.15,1
135.0,8.0,-1.652,-1.1,0.294,2.007,-13.7,-16.46,-6.99,28.33,1
735.46,34.321,-0.009,-0.009,0.991,0.991,-0.07,-0.07,-0.07,28.86,1
1231.78,57.483,1.07,0.715,1.461,1.947,8.36,10.14,4.05,28.7,1
974.09,45.457,0.529,0.352,1.226,1.381,4.02,4.9,1.88,28.67,1
515.41,24.053,-0.413,-0.271,0.83,0.966,-3.23,-3.94,-1.51,28.28,1
455.84,21.273,-0.512,-0.328,0.803,1.007,-4.75,-5.67,-2.52,28.42,1
715.37,33.384,0.014,0.014,1.014,1.014,-0.5,-0.5,-0.5,28.41,1
902.9,42.135,0.356,0.238,1.153,1.23,2.55,3.15,1.12,28.22,1
815.35,38.05,0.154,0.095,1.053,1.068,2.19,2.49,1.48,28.0,1
651.64,30.41,-0.152,-0.105,0.929,0.947,-1.38,-1.61,-0.81,28.35,1
639.53,29.845,-0.16,-0.099,0.945,0.963,-1.9,-2.21,-1.16,28.51,1
721.07,33.65,0.004,0.004,1.004,1.004,-0.67,-0.67,-0.67,28.41,1
783.97,36.585,0.11,0.07,1.042,1.05,1.28,1.48,0.8,28.52,1
746.08,34.817,0.05,0.03,1.017,1.018,0.36,0.46,0.12,28.61,1
693.42,32.36,-0.066,-0.05,0.961,0.965,-1.03,-1.11,-0.84,28.52,1
677.48,31.616,-0.093,-0.072,0.942,0.949,-0.66,-0.76,-0.41,28.94,1
718.17,33.515,0.03,0.03,1.03,1.031,0.1,0.1,0.1,28.29,1
739.65,34.517,0.05,0.037,1.028,1.03,0.28,0.34,0.12,28.41,1
730.41,34.086,0.052,0.046,1.041,1.043,-0.55,-0.52,-0.63,28.57,1
718.71,33.54,-0.009,-0.004,1.0,1.0,-0.15,-0.18,-0.09,28.6,1
711.28,33.193,0.005,0.011,1.016,1.016,0.19,0.16,0.28,28.86,1
726.43,33.9,-0.015,-0.015,0.985,0.986,0.2,0.2,0.2,28.89,1
729.42,34.039,0.002,-0.002,0.995,0.995,-0.55,-0.53,-0.61,28.71,1
722.66,33.724,0.013,0.011,1.01,1.01,-0.23,-0.21,-0.25,28.34,1
725.7,33.866,-0.0,0.002,1.003,1.003,-0.25,-0.26,-0.23,28.3,1
725.29,33.847,0.004,0.006,1.008,1.008,0.22,0.21,0.25,28.62,1
717.25,33.472,0.021,0.021,1.021,1.022,-0.63,-0.63,-0.63,28.95,1
715.17,33.374,0.009,0.008,1.007,1.007,0.81,0.82,0.8,28.3,1
737.56,34.42,-0.008,-0.008,0.991,0.991,0.5,0.5,0.49,28.78,1
718.88,33.548,0.009,0.01,1.01,1.011,0.31,0.31,0.32,28.42,1
706.47,32.969,0.024,0.025,1.026,1.026,0.38,0.37,0.39,28.42,1
728.28,33.986,-0.02,-0.02,0.98,0.98,0.1,0.1,0.1,28.3,1
709.97,33.132,-0.006,-0.006,0.994,0.994,0.69,0.69,0.68,28.39,1
720.36,33.617,-0.014,-0.014,0.986,0.986,0.57,0.57,0.57,28.25,1
700.94,32.711,0.0,0.0,1.0,1.0,0.99,0.99,0.99,28.97,1
714.45,33.341,0.02,0.02,1.021,1.021,0.5,0.5,0.5,28.53,1
728.47,33.995,-0.029,-0.029,0.971,0.972,0.56,0.56,0.56,28.63,1
727.29,33.94,-0.02,-0.02,0.98,0.98,-0.43,-0.43,-0.43,28.88,1
720.03,33.601,0.008,0.008,1.008,1.008,1.09,1.09,1.09,28.62,1
731.12,34.119,-0.004,-0.004,0.996,0.996,-0.15,-0.15,-0.15,28.47,1
739.74,34.521,-0.018,-0.018,0.982,0.982,0.48,0.48,0.48,28.59,1
723.99,33.786,-0.019,-0.019,0.981,0.981,-0.22,-0.22,-0.22,28.42,1
713.65,33.304,-0.014,-0.014,0.985,0.986,-0.38,-0.38,-0.38,28.86,1
716.37,33.431,-0.026,-0.026,0.974,0.974,0.47,0.47,0.47,29.06,1
714.59,33.347,-0.036,-0.036,0.964,0.965,0.9,0.9,0.9,28.48,1
701.15,32.721,0.002,0.002,1.002,1.002,-0.31,-0.31,-0.31,28.65,1
724.42,33.806,-0.016,-0.016,0.984,0.984,0.05,0.05,0.05,28.53,1
717.21,33.47,-0.021,-0.021,0.979,0.98,-0.68,-0.68,-0.68,28.65,1
721.74,33.681,0.013,0.013,1.013,1.013,0.32,0.32,0.32,28.74,1
720.28,33.613,0.017,0.017,1.017,1.017,0.15,0.15,0.15,28.82,1
723.99,33.786,-0.007,-0.007,0.993,0.993,1.04,1.04,1.04,28.26,1
699.52,32.644,0.022,0.022,1.022,1.022,0.47,0.47,0.47,28.42,1
724.85,33.826,0.026,0.026,1.026,1.026,-0.33,-0.33,-0.33,28.26,1
713.38,33.291,-0.012,-0.012,0.988,0.988,0.43,0.43,0.43,28.22,1
719.61,33.582,0.002,0.002,1.002,1.002,-0.18,-0.18,-0.18,28.26,1
720.56,33.626,-0.053,-0.053,0.947,0.95,0.33,0.33,0.33,28.37,1
713.34,33.289,0.031,0.031,1.031,1.032,-0.22,-0.22,-0.22,28.72,1
2265.53,105.725,3.227,2.158,2.395,4.562,27.08,32.43,14.11,28.36,1
1474.76,68.822,1.604,1.074,1.696,2.569,13.96,16.61,7.52,28.75,1
135.0,8.0,-1.256,-0.831,0.473,1.578,-10.58,-12.71,-5.41,28.4,1
135.0,8.0,-1.652,-1.1,0.295,2.007,-14.13,-16.89,-7.42,28.69,1
724.24,33.798,0.003,0.003,1.003,1.003,0.09,0.09,0.09,28.35,1
1244.67,58.084,1.065,0.709,1.455,1.937,8.56,10.34,4.24,28.5,1
973.74,45.441,0.547,0.371,1.245,1.41,4.36,5.24,2.22,28.13,1
516.41,24.099,-0.427,-0.285,0.816,0.964,-3.22,-3.93,-1.5,28.34,1
460.75,21.502,-0.512,-0.328,0.803,1.007,-4.24,-5.16,-2.01,28.47,1
706.37,32.964,0.002,0.002,1.002,1.002,0.05,0.05,0.05,28.83,1
888.88,41.481,0.338,0.22,1.135,1.205,1.99,2.59,0.56,28.49,1
813.61,37.969,0.173,0.114,1.072,1.092,1.51,1.8,0.79,28.5,1
645.28,30.113,-0.152,-0.105,0.929,0.947,-1.04,-1.28,-0.47,28.5,1
645.55,30.126,-0.174,-0.113,0.931,0.954,-1.07,-1.38,-0.33,28.53,1
722.91,33.736,-0.0,-0.0,1.0,1.0,0.47,0.47,0.47,28.48,1
793.23,37.017,0.094,0.055,1.026,1.032,1.51,1.7,1.03,28.48,1
750.42,35.019,0.079,0.059,1.045,1.05,0.78,0.88,0.54,28.32,1
710.75,33.169,-0.051,-0.035,0.976,0.978,-1.45,-1.53,-1.26,28.57,1
704.77,32.889,-0.057,-0.036,0.978,0.981,0.58,0.48,0.83,28.64,1
729.33,34.036,-0.04,-0.04,0.96,0.962,-0.52,-0.52,-0.52,28.34,1
742.48,34.649,0.05,0.037,1.028,1.03,1.06,1.12,0.9,28.7,1
732.17,34.168,0.045,0.038,1.034,1.035,-0.23,-0.2,-0.31,28.43,1
710.34,33.149,0.011,0.016,1.02,1.02,0.33,0.31,0.4,28.57,1
706.13,32.953,-0.004,0.003,1.008,1.008,-0.7,-0.73,-0.62,28.27,1
712.45,33.247,-0.034,-0.034,0.966,0.967,-0.5,-0.5,-0.5,28.82,1
732.69,34.192,0.014,0.01,1.007,1.007,0.11,0.13,0.05,28.41,1
731.07,34.117,0.034,0.032,1.03,1.031,-0.28,-0.27,-0.3,28.57,1
729.28,34.033,-0.014,-0.012,0.989,0.989,-0.31,-0.32,-0.29,28.68,1
732.39,34.178,-0.013,-0.011,0.991,0.991,-0.64,-0.65,-0.61,28.42,1
721.04,33.649,0.029,0.029,1.029,1.03,-0.02,-0.02,-0.02,28.41,1
724.12,33.792,-0.009,-0.01,0.989,0.989,-0.31,-0.3,-0.33,28.85,1
740.1,34.538,-0.01,-0.01,0.989,0.989,-0.13,-0.12,-0.14,28.38,1
732.85,34.2,-0.021,-0.021,0.98,0.98,-0.49,-0.5,-0.49,28.72,1
727.44,33.947,0.008,0.009,1.009,1.009,-0.76,-0.76,-0.75,28.82,1
714.21,33.33,0.012,0.012,1.012,1.012,-0.14,-0.14,-0.14,28.56,1
734.17,34.261,-0.013,-0.014,0.986,0.986,-0.43,-0.43,-0.44,28.33,1
714.96,33.365,-0.022,-0.022,0.978,0.978,-0.04,-0.04,-0.05,28.62,1
720.45,33.621,-0.012,-0.012,0.988,0.988,-0.05,-0.05,-0.05,28.32,1
720.82,33.638,-0.005,-0.004,0.996,0.996,-0.18,-0.18,-0.18,28.48,1
716.64,33.443,-0.035,-0.035,0.965,0.967,-0.2,-0.2,-0.2,28.75,1
713.73,33.307,0.005,0.005,1.005,1.005,-0.41,-0.41,-0.41,28.36,1
736.14,34.353,0.029,0.029,1.029,1.03,0.21,0.21,0.21,28.64,1
722.07,33.696,-0.012,-0.012,0.988,0.988,-0.49,-0.49,-0.49,28.46,1
721.42,33.666,-0.027,-0.027,0.973,0.974,-0.23,-0.23,-0.23,28.27,1
728.56,33.999,0.025,0.025,1.025,1.026,-0.39,-0.39,-0.39,28.55,1
741.61,34.608,0.025,0.025,1.025,1.025,0.44,0.44,0.44,28.54,1
708.45,33.061,0.028,0.028,1.028,1.029,-0.27,-0.27,-0.28,28.99,1
711.39,33.198,0.006,0.006,1.006,1.006,-0.58,-0.58,-0.58,28.56,1
704.05,32.856,-0.011,-0.011,0.989,0.989,0.57,0.57,0.57,28.52,1
739.68,34.518,-0.014,-0.014,0.986,0.986,-0.38,-0.38,-0.38,28.7,1
725.75,33.868,-0.032,-0.032,0.968,0.969,-0.37,-0.37,-0.37,28.36,1
724.87,33.827,0.016,0.016,1.016,1.017,0.03,0.03,0.03,28.63,1
700.67,32.698,-0.02,-0.02,0.98,0.98,0.02,0.02,0.02,28.62,1
720.26,33.612,-0.026,-0.026,0.974,0.975,-0.66,-0.66,-0.66,28.69,1
713.05,33.276,-0.01,-0.01,0.99,0.99,0.14,0.14,0.14,28.36,1
729.59,34.047,0.002,0.002,1.002,1.002,-0.57,-0.57,-0.57,28.47,1
715.97,33.412,-0.007,-0.007,0.993,0.993,-0.5,-0.5,-0.5,28.56,1
719.87,33.594,-0.013,-0.013,0.987,0.987,0.08,0.08,0.08,28.58,1
731.5,34.137,-0.033,-0.033,0.967,0.968,-0.26,-0.26,-0.26,28.25,1
727.25,33.938,-0.005,-0.005,0.995,0.995,-0.73,-0.73,-0.73,28.55,1
2258.59,105.401,3.187,2.119,2.355,4.494,26.14,31.48,13.17,28.83,1
1473.05,68.742,1.6,1.07,1.691,2.562,13.58,16.23,7.14,28.54,1
135.0,8.0,-1.246,-0.821,0.483,1.568,-11.43,-13.56,-6.27,28.02,1
135.0,8.0,-1.658,-1.106,0.289,2.014,-13.21,-15.97,-6.5,28.49,1
714.12,33.326,0.019,0.019,1.019,1.019,0.69,0.69,0.69,28.47,1
1252.54,58.452,1.053,0.697,1.443,1.918,8.86,10.63,4.54,28.35,1
993.57,46.366,0.518,0.342,1.216,1.365,4.19,5.07,2.05,28.98,1
523.34,24.423,-0.435,-0.293,0.808,0.963,-3.27,-3.98,-1.55,28.63,1
454.18,21.195,-0.583,-0.399,0.732,1.017,-5.21,-6.13,-2.98,28.16,1
728.34,33.989,-0.011,-0.011,0.989,0.989,0.66,0.66,0.66,28.63,1
884.73,41.287,0.336,0.217,1.133,1.201,2.86,3.45,1.42,28.82,1
807.51,37.684,0.147,0.089,1.047,1.061,2.01,2.3,1.29,28.73,1
647.61,30.222,-0.141,-0.094,0.94,0.955,-2.58,-2.81,-2.0,28.52,1
622.08,29.031,-0.193,-0.132,0.911,0.941,-1.58,-1.89,-0.84,28.5,1
738.02,34.441,-0.041,-0.041,0.959,0.961,0.29,0.29,0.29,28.58,1
767.43,35.813,0.11,0.07,1.042,1.05,1.16,1.36,0.68,28.35,1
741.04,34.582,0.072,0.053,1.039,1.043,0.23,0.33,-0.01,28.7,1
689.24,32.164,-0.054,-0.038,0.973,0.975,-0.24,-0.32,-0.05,28.55,1
700.08,32.671,-0.076,-0.056,0.959,0.963,-0.93,-1.03,-0.68,28.54,1
724.34,33.802,0.02,0.02,1.02,1.02,-0.47,-0.47,-0.47,28.63,1
717.37,33.477,0.06,0.047,1.037,1.04,0.71,0.78,0.55,28.5,1
735.91,34.343,0.021,0.014,1.009,1.01,0.89,0.93,0.81,28.36,1
710.89,33.175,-0.029,-0.024,0.98,0.981,0.45,0.42,0.51,28.48,1
717.97,33.505,-0.016,-0.01,0.995,0.995,0.44,0.4,0.52,28.69,1
724.11,33.792,0.006,0.006,1.006,1.006,0.02,0.02,0.02,27.97,1
727.29,33.94,0.03,0.026,1.023,1.024,0.47,0.49,0.42,28.3,1
725.74,33.868,-0.029,-0.031,0.968,0.969,0.55,0.56,0.52,28.38,1
727.28,33.94,0.007,0.009,1.01,1.01,0.36,0.35,0.38,28.38,1
715.82,33.405,0.008,0.01,1.012,1.012,-0.17,-0.18,-0.15,28.61,1
722.59,33.721,0.039,0.039,1.039,1.04,0.17,0.17,0.17,28.45,1
739.78,34.523,-0.006,-0.007,0.992,0.992,0.6,0.6,0.58,28.28,1
727.3,33.94,0.001,0.0,1.0,1.0,-0.91,-0.9,-0.92,28.72,1
729.19,34.029,0.026,0.026,1.027,1.027,-0.73,-0.73,-0.72,28.7,1
735.88,34.341,-0.008,-0.007,0.994,0.994,0.91,0.9,0.92,28.7,1
718.56,33.533,-0.012,-0.012,0.988,0.988,-0.74,-0.74,-0.74,28.76,1
716.09,33.418,0.01,0.009,1.009,1.009,-0.91,-0.91,-0.92,28.51,1
718.88,33.548,0.009,0.009,1.009,1.009,-0.6,-0.59,-0.6,28.46,1
723.77,33.776,0.029,0.029,1.029,1.03,0.46,0.46,0.47,28.56,1
721.52,33.671,0.008,0.008,1.009,1.009,0.22,0.22,0.22,28.4,1
708.32,33.055,-0.001,-0.001,0.999,0.999,1.05,1.05,1.05,28.69,1
726.76,33.915,0.035,0.035,1.035,1.036,0.03,0.04,0.03,28.54,1
713.24,33.285,-0.017,-0.017,0.983,0.984,-0.29,-0.29,-0.3,28.37,1
717.35,33.477,0.008,0.008,1.008,1.008,-0.13,-0.13,-0.13,28.57,1
710.54,33.159,-0.02,-0.02,0.98,0.98,0.24,0.24,0.24,28.63,1
722.64,33.723,0.011,0.011,1.011,1.011,-0.04,-0.04,-0.04,28.76,1
718.48,33.529,-0.009,-0.01,0.99,0.991,0.08,0.08,0.08,28.5,1
740.09,34.537,0.006,0.006,1.006,1.006,0.49,0.49,0.49,28.46,1
718.96,33.551,-0.025,-0.025,0.975,0.975,-0.62,-0.62,-0.62,28.47,1
710.28,33.147,-0.006,-0.006,0.994,0.994,-0.71,-0.71,-0.71,28.22,1
729.24,34.031,0.006,0.006,1.006,1.006,0.17,0.17,0.17,28.46,1
704.12,32.859,-0.003,-0.003,0.997,0.997,0.63,0.63,0.63,28.29,1
714.33,33.335,-0.003,-0.003,0.997,0.997,0.26,0.26,0.26,28.55,1
730.91,34.109,0.004,0.004,1.004,1.004,0.06,0.06,0.06,28.27,1
717.94,33.504,-0.019,-0.019,0.981,0.981,0.14,0.14,0.14,28.47,1
713.67,33.305,0.015,0.015,1.015,1.015,0.16,0.16,0.16,28.41,1
740.47,34.555,0.029,0.029,1.029,1.03,0.14,0.14,0.14,28.09,1
723.57,33.766,-0.02,-0.02,0.98,0.98,0.65,0.65,0.65,28.37,1
724.26,33.799,0.009,0.009,1.009,1.009,-0.04,-0.04,-0.04,28.39,1
717.42,33.48,0.011,0.011,1.011,1.011,0.09,0.09,0.09,28.8,1
711.93,33.223,0.017,0.017,1.017,1.017,-0.52,-0.52,-0.52,28.38,1
2247.38,104.878,3.187,2.118,2.355,4.493,26.32,31.66,13.34,28.41,1
1488.83,69.479,1.591,1.061,1.682,2.546,13.79,16.44,7.36,28.16,1
135.0,8.0,-1.242,-0.817,0.487,1.565,-10.16,-12.29,-5.0,28.65,1
135.0,8.0,-1.669,-1.117,0.278,2.028,-14.02,-16.78,-7.32,28.48,1
718.29,33.52,0.015,0.015,1.015,1.015,-0.3,-0.3,-0.3,28.34,1
1243.28,58.02,1.078,0.722,1.468,1.959,8.17,9.95,3.86,28.84,1
982.19,45.835,0.515,0.339,1.213,1.36,5.21,6.09,3.06,28.77,1
529.47,24.708,-0.399,-0.258,0.843,0.968,-3.89,-4.59,-2.17,28.47,1
448.48,20.929,-0.562,-0.378,0.753,1.013,-4.47,-5.39,-2.24,28.55,1
732.8,34.197,0.02,0.02,1.02,1.02,0.99,0.99,0.99,28.71,1
893.89,41.715,0.347,0.229,1.144,1.217,3.11,3.7,1.67,28.81,1
810.7,37.833,0.147,0.088,1.046,1.06,1.09,1.39,0.38,28.51,1
662.75,30.928,-0.088,-0.041,0.993,0.998,-1.93,-2.17,-1.36,28.44,1
629.76,29.389,-0.151,-0.09,0.954,0.97,-1.03,-1.33,-0.28,28.26,1
716.66,33.444,0.023,0.023,1.023,1.024,0.26,0.26,0.26,28.82,1
769.16,35.894,0.12,0.081,1.053,1.063,0.8,1.0,0.32,28.69,1
756.69,35.312,0.062,0.042,1.028,1.031,0.29,0.39,0.05,28.42,1
689.96,32.198,-0.076,-0.06,0.951,0.956,-1.0,-1.08,-0.81,28.08,1
691.3,32.261,-0.064,-0.044,0.971,0.974,-0.5,-0.6,-0.26,28.47,1
712.64,33.257,-0.022,-0.022,0.978,0.978,0.15,0.15,0.15,28.35,1
747.48,34.883,0.023,0.01,1.001,1.001,-0.02,0.05,-0.18,28.3,1
733.24,34.218,0.029,0.023,1.018,1.019,-0.24,-0.21,-0.32,28.34,1
704.75,32.888,-0.004,0.001,1.005,1.005,0.38,0.35,0.44,28.7,1
718.78,33.543,-0.0,0.007,1.011,1.011,-0.35,-0.39,-0.27,28.44,1
725.09,33.837,0.039,0.039,1.039,1.041,0.36,0.36,0.36,28.49,1
734.63,34.283,0.003,-0.002,0.995,0.995,0.07,0.09,0.01,28.84,1
728.8,34.011,0.009,0.007,1.005,1.005,0.05,0.06,0.02,28.71,1
717.61,33.488,0.003,0.004,1.006,1.006,-1.32,-1.33,-1.3,28.5,1
716.57,33.44,0.014,0.016,1.018,1.018,0.3,0.29,0.33,28.32,1
723.73,33.774,-0.003,-0.003,0.997,0.997,-0.47,-0.47,-0.47,28.56,1
739.3,34.501,0.029,0.028,1.026,1.027,-0.14,-0.13,-0.16,28.37,1
717.55,33.486,-0.019,-0.02,0.979,0.98,0.72,0.73,0.71,28.46,1
716.99,33.46,-0.006,-0.005,0.995,0.995,0.05,0.05,0.06,28.04,1
720.15,33.607,0.006,0.007,1.007,1.007,0.76,0.76,0.77,28.39,1
720.14,33.606,-0.008,-0.008,0.992,0.992,-0.72,-0.72,-0.72,28.38,1
702.79,32.797,-0.015,-0.016,0.984,0.984,0.37,0.37,0.37,28.65,1
727.52,33.951,-0.008,-0.008,0.992,0.992,-0.19,-0.19,-0.19,28.45,1
721.71,33.68,0.004,0.004,1.004,1.004,0.6,0.6,0.6,28.32,1
725.77,33.869,-0.001,-0.0,1.0,1.0,-0.43,-0.43,-0.43,28.5,1
710.39,33.152,-0.016,-0.016,0.984,0.984,0.37,0.37,0.37,28.49,1
728.35,33.99,-0.01,-0.01,0.99,0.99,-0.02,-0.02,-0.02,28.35,1
734.92,34.296,-0.017,-0.017,0.983,0.984,0.1,0.1,0.1,28.13,1
727.96,33.971,-0.015,-0.015,0.985,0.985,-0.66,-0.66,-0.66,28.22,1
713.2,33.283,-0.023,-0.023,0.977,0.978,-0.11,-0.11,-0.1,28.2,1
731.11,34.118,0.005,0.005,1.005,1.005,0.13,0.13,0.13,28.63,1
736.89,34.388,0.006,0.006,1.005,1.006,-0.37,-0.37,-0.37,28.83,1
713.54,33.298,0.015,0.015,1.015,1.015,-0.17,-0.17,-0.17,28.4,1
729.95,34.064,-0.006,-0.006,0.994,0.994,-0.11,-0.11,-0.1,28.7,1
701.0,32.713,-0.023,-0.023,0.977,0.978,0.59,0.59,0.59,28.11,1
717.66,33.491,-0.029,-0.029,0.971,0.972,0.61,0.61,0.61,28.84,1
712.74,33.261,-0.0,-0.001,0.999,0.999,-0.28,-0.28,-0.28,28.72,1
720.8,33.637,-0.015,-0.015,0.985,0.985,-1.19,-1.19,-1.19,28.49,1
720.87,33.641,0.016,0.016,1.016,1.016,-0.21,-0.21,-0.21,28.45,1
736.04,34.348,0.029,0.029,1.029,1.03,1.19,1.19,1.19,28.63,1
721.66,33.678,0.012,0.012,1.012,1.013,0.13,0.13,0.13,28.83,1
727.99,33.973,-0.049,-0.049,0.951,0.954,-0.43,-0.43,-0.43,28.65,1
726.27,33.892,0.028,0.028,1.028,1.028,-0.07,-0.07,-0.07,28.93,1
720.88,33.641,0.014,0.014,1.014,1.014,0.5,0.5,0.5,28.79,1
725.36,33.85,-0.013,-0.013,0.987,0.987,0.23,0.23,0.23,28.79,1
2731.06,114.705,0.09,0.035,1.016,1.02,-1.19,-1.19,-1.19,32.09,2
400.0,25.0,-7.2,-5.216,-2.184,9.155,-55.79,-64.22,-30.48,32.03,2
400.0,25.0,-3.912,-2.742,-0.729,4.832,-30.09,-34.71,-16.22,32.46,2
5208.24,218.746,3.364,2.433,2.456,4.824,27.42,31.52,15.12,32.44,2
6288.32,264.11,5.034,3.661,3.346,7.067,38.53,44.41,20.87,32.27,2
2758.42,115.854,0.019,-0.083,0.936,0.94,1.51,1.51,1.51,32.54,2
400.0,25.0,-3.837,-3.054,-0.591,4.94,-32.35,-36.98,-18.46,32.29,2
1224.45,51.427,-1.967,-1.51,0.005,2.48,-15.88,-18.42,-8.27,32.43,2
4098.07,172.119,2.052,1.324,1.891,3.089,14.3,16.55,7.55,32.37,2
4667.39,196.031,2.586,1.983,2.182,3.922,19.76,22.99,10.07,32.19,2
2741.19,115.13,0.024,-0.029,0.902,0.903,-0.67,-0.67,-0.67,32.61,2
1212.53,50.926,-2.311,-1.666,0.111,2.851,-16.83,-19.37,-9.2,32.42,2
1923.9,80.804,-1.055,-0.915,0.566,1.507,-10.22,-11.61,-6.04,32.61,2
3510.59,147.445,1.114,0.806,1.522,2.051,7.73,8.97,4.03,32.91,2
3829.75,160.849,1.455,1.104,1.744,2.526,12.46,14.23,7.14,32.91,2
2741.16,115.129,0.001,-0.04,1.035,1.036,1.41,1.41,1.41,32.88,2
1946.52,81.754,-1.308,-0.82,0.595,1.654,-9.27,-10.66,-5.09,32.89,2
2276.58,95.616,-0.605,-0.677,0.687,1.139,-6.07,-6.84,-3.78,32.63,2
3144.71,132.078,0.618,0.551,1.055,1.341,3.36,4.04,1.33,32.97,2
3337.52,140.176,0.725,0.541,1.516,1.765,6.5,7.48,3.58,32.74,2
2740.49,115.101,0.084,0.18,1.086,1.104,-0.25,-0.25,-0.25,32.84,2
2293.61,96.332,-0.764,-0.531,0.676,1.15,-5.46,-6.23,-3.17,33.22,2
2496.01,104.832,-0.24,-0.19,0.778,0.836,-1.68,-2.1,-0.42,33.27,2
2980.89,125.197,0.267,0.366,1.245,1.325,3.12,3.49,2.0,33.35,2
3077.33,129.248,0.417,0.23,1.245,1.333,3.55,4.09,1.95,33.06,2
2748.28,115.428,0.123,-0.124,0.9,0.917,-0.47,-0.47,-0.47,33.23,2
2479.45,104.137,-0.408,-0.434,0.756,0.962,-2.99,-3.41,-1.73,33.6,2
2605.15,109.416,-0.286,-0.111,0.978,1.025,0.46,0.23,1.15,33.59,2
2871.43,120.6,0.17,0.057,1.162,1.176,3.28,3.48,2.67,33.45,2
2927.71,122.964,0.085,0.219,1.154,1.178,1.24,1.54,0.36,33.27,2
2768.54,116.279,0.019,0.009,1.032,1.032,1.26,1.26,1.26,33.36,2
2605.78,109.443,-0.206,-0.165,0.954,0.989,-1.41,-1.64,-0.72,33.48,2
2682.46,112.663,-0.27,-0.19,1.039,1.09,-0.13,-0.26,0.25,33.48,2
2805.23,117.82,0.11,0.226,1.035,1.066,1.23,1.34,0.9,33.7,2
2844.43,119.466,0.116,0.099,1.045,1.056,1.58,1.75,1.1,33.69,2
2743.04,115.208,-0.165,-0.118,0.999,1.019,1.33,1.33,1.33,33.7,2
2657.65,111.621,-0.149,-0.182,1.057,1.083,-0.21,-0.34,0.17,33.66,2
2686.97,112.853,-0.048,-0.042,0.96,0.962,0.64,0.57,0.85,33.74,2
2793.9,117.344,-0.065,-0.014,1.057,1.059,-0.25,-0.19,-0.43,34.12,2
2807.13,117.9,-0.027,-0.053,0.971,0.972,1.6,1.69,1.33,33.65,2
2745.18,115.297,-0.004,-0.141,0.996,1.006,0.03,0.03,0.03,34.02,2
2707.85,113.73,-0.181,-0.124,0.827,0.855,-0.69,-0.76,-0.48,33.99,2
2705.42,113.628,-0.011,0.103,0.949,0.955,-0.09,-0.13,0.02,34.04,2
2760.24,115.93,-0.011,0.015,0.899,0.899,0.59,0.63,0.49,33.88,2
2775.86,116.586,0.155,0.102,1.011,1.028,-2.3,-2.26,-2.45,34.25,2
2743.82,115.241,0.01,-0.122,1.005,1.012,1.93,1.93,1.93,34.31,2
2726.3,114.505,-0.236,-0.058,1.154,1.179,0.08,0.05,0.2,34.55,2
2757.74,115.825,0.14,0.03,1.006,1.016,-0.1,-0.13,-0.04,34.26,2
2761.29,115.974,-0.22,0.013,0.995,1.019,1.25,1.27,1.2,34.86,2
2777.79,116.667,0.004,0.114,0.898,0.906,-0.54,-0.51,-0.62,34.52,2
2736.95,114.952,-0.063,-0.068,0.875,0.88,-0.9,-0.9,-0.9,34.26,2
2734.65,114.855,-0.195,-0.129,0.862,0.893,0.05,0.03,0.12,34.46,2
2748.73,115.447,0.161,0.011,1.043,1.056,0.07,0.06,0.11,34.72,2
2757.03,115.795,-0.018,0.091,1.213,1.217,-1.58,-1.57,-1.61,34.66,2
2753.05,115.628,-0.037,-0.074,1.046,1.049,0.26,0.28,0.22,34.37,2
2768.86,116.292,0.076,-0.016,0.864,0.868,-0.07,-0.07,-0.07,34.5,2
2742.72,115.194,0.031,-0.039,0.912,0.914,1.5,1.49,1.53,34.72,2
2759.51,115.899,-0.06,-0.063,1.03,1.033,0.25,0.24,0.27,34.8,2
2757.92,115.833,-0.089,0.085,1.065,1.072,-1.09,-1.08,-1.1,34.82,2
2777.53,116.656,-0.048,0.001,0.957,0.958,2.45,2.46,2.42,34.97,2
2739.4,115.055,0.137,-0.157,1.0,1.022,1.49,1.49,1.49,35.36,2
2739.65,115.066,-0.074,0.056,1.04,1.044,-0.15,-0.15,-0.13,35.03,2
2736.37,114.928,-0.072,0.123,0.819,0.832,0.14,0.14,0.16,35.19,2
2766.79,116.205,0.082,-0.035,0.846,0.851,-0.69,-0.69,-0.7,34.9,2
2745.93,115.329,0.032,0.036,0.872,0.873,0.7,0.71,0.69,35.24,2
2738.0,114.996,-0.075,0.044,1.103,1.106,-0.8,-0.8,-0.8,34.93,2
2733.56,114.81,-0.105,0.046,1.071,1.077,-1.17,-1.17,-1.16,35.04,2
2754.64,115.695,0.131,0.09,1.026,1.039,0.01,0.01,0.01,35.61,2
2729.21,114.627,-0.043,0.096,1.004,1.01,-0.25,-0.25,-0.26,35.52,2
2754.69,115.697,0.204,0.046,1.05,1.071,2.2,2.2,2.19,35.2,2
2752.75,115.615,0.116,-0.062,1.237,1.244,0.38,0.38,0.38,35.23,2
2762.82,116.038,-0.023,-0.054,0.979,0.981,-0.2,-0.2,-0.19,35.68,2
2751.55,115.565,0.124,-0.012,1.057,1.065,-0.39,-0.39,-0.39,35.31,2
2741.13,115.128,-0.302,0.033,0.84,0.894,-0.63,-0.63,-0.64,35.97,2
2743.02,115.207,-0.007,-0.066,1.037,1.039,0.52,0.52,0.52,35.54,2
2742.09,115.168,0.14,0.023,1.204,1.212,-1.04,-1.04,-1.04,35.52,2
2731.13,114.707,-0.035,0.04,1.019,1.02,1.87,1.87,1.87,35.84,2
2737.87,114.991,0.022,-0.241,0.943,0.973,0.8,0.8,0.8,35.92,2
2759.1,115.882,0.114,0.064,0.93,0.939,-2.2,-2.2,-2.2,35.72,2
2748.11,115.421,0.078,0.08,0.858,0.866,0.1,0.1,0.1,36.06,2
2761.77,115.994,-0.079,-0.026,1.275,1.278,-0.47,-0.47,-0.47,31.8,2
400.0,25.0,-6.979,-5.22,-2.142,8.975,-56.38,-64.81,-31.07,31.94,2
400.0,25.0,-3.844,-2.676,-0.886,4.766,-29.43,-34.06,-15.56,32.08,2
5225.93,219.489,3.499,2.54,2.609,5.05,26.9,31.0,14.59,32.3,2
6282.19,263.852,5.055,3.681,3.328,7.084,37.56,43.44,19.9,31.88,2
2749.21,115.467,-0.074,-0.206,1.315,1.333,0.79,0.79,0.79,32.1,2
400.0,25.0,-3.95,-2.981,-0.706,4.998,-31.76,-36.39,-17.87,32.14,2
1225.73,51.48,-1.933,-1.438,0.022,2.409,-17.95,-20.49,-10.34,32.55,2
4083.84,171.521,1.9,1.466,1.896,3.058,15.61,17.86,8.86,32.58,2
4692.74,197.095,2.741,2.035,2.225,4.075,20.13,23.36,10.44,32.63,2
2749.42,115.476,0.019,0.001,1.065,1.065,0.08,0.08,0.08,32.68,2
1220.7,51.269,-2.214,-1.608,-0.034,2.736,-15.21,-17.75,-7.59,32.6,2
1901.82,79.876,-0.925,-0.782,0.43,1.285,-10.67,-12.06,-6.49,32.69,2
3489.06,146.541,1.118,0.681,1.417,1.929,8.67,9.9,4.96,32.65,2
3823.57,160.59,1.452,0.889,1.748,2.44,10.45,12.22,5.13,32.78,2
2756.83,115.787,0.053,-0.078,1.095,1.099,-0.15,-0.15,-0.15,32.65,2
1924.79,80.841,-1.212,-0.924,0.541,1.617,-7.6,-8.99,-3.41,32.89,2
2293.24,96.316,-0.478,-0.378,0.916,1.1,-5.37,-6.14,-3.08,32.96,2
3165.4,132.947,0.496,0.597,1.176,1.409,5.44,6.11,3.4,32.88,2
3331.47,139.922,0.952,0.719,1.392,1.833,5.23,6.2,2.31,32.9,2
2732.82,114.778,-0.028,0.003,0.957,0.958,-1.17,-1.17,-1.17,32.99,2
2274.2,95.516,-0.651,-0.457,0.751,1.094,-3.99,-4.75,-1.69,33.12,2
2471.89,103.82,-0.396,-0.439,0.893,1.071,-2.33,-2.75,-1.07,33.26,2
2962.13,124.41,0.329,0.343,1.069,1.17,0.58,0.95,-0.54,33.39,2
3078.61,129.302,0.549,0.362,0.943,1.15,3.45,3.99,1.85,33.17,2
2733.85,114.822,-0.106,0.18,1.008,1.03,-1.13,-1.13,-1.13,33.39,2
2487.86,104.49,-0.242,-0.215,0.859,0.918,-2.6,-3.02,-1.34,33.35,2
2611.91,109.7,-0.177,-0.023,0.88,0.898,-2.02,-2.25,-1.33,33.31,2
2868.33,120.47,0.043,0.126,1.113,1.121,1.74,1.95,1.13,33.27,2
2921.6,122.707,0.343,0.29,1.058,1.149,1.02,1.31,0.14,33.79,2
2745.91,115.328,0.026,-0.127,1.016,1.024,0.62,0.62,0.62,33.55,2
2608.46,109.555,-0.182,0.016,1.144,1.158,-2.18,-2.41,-1.49,33.18,2
2674.42,112.326,-0.235,-0.199,0.959,1.007,-0.14,-0.27,0.24,33.88,2
2812.87,118.141,0.218,0.122,1.103,1.131,1.3,1.42,0.97,33.84,2
2843.77,119.438,0.131,0.039,0.84,0.851,1.44,1.6,0.96,33.66,2
2756.74,115.783,0.12,-0.011,1.014,1.022,-0.64,-0.64,-0.64,33.84,2
2659.5,111.699,-0.164,-0.158,1.038,1.063,-1.06,-1.18,-0.68,34.07,2
2692.23,113.073,-0.008,-0.186,1.105,1.121,-1.55,-1.62,-1.34,34.46,2
2779.38,116.734,0.012,0.102,1.073,1.078,-1.37,-1.31,-1.56,34.19,2
2817.49,118.335,0.23,-0.06,1.107,1.132,2.5,2.59,2.24,33.66,2
2736.95,114.952,0.013,0.059,1.186,1.187,-0.1,-0.1,-0.1,34.28,2
2712.17,113.911,-0.039,-0.27,1.019,1.054,0.08,0.01,0.29,34.08,2
2727.23,114.544,-0.134,-0.163,0.827,0.853,-0.88,-0.92,-0.77,34.09,2
2759.65,115.905,-0.029,-0.02,0.995,0.995,-0.15,-0.12,-0.25,34.11,2
2786.64,117.039,0.015,0.062,1.183,1.185,1.05,1.1,0.91,34.5,2
2738.38,115.012,0.046,-0.049,0.974,0.976,0.98,0.98,0.98,34.36,2
2724.19,114.416,-0.091,0.035,0.971,0.976,-0.27,-0.31,-0.16,34.26,2
2717.15,114.12,-0.006,-0.045,1.113,1.114,-1.73,-1.75,-1.67,34.26,2
2753.45,115.645,0.041,-0.216,0.809,0.838,1.38,1.4,1.32,34.34,2
2775.77,116.582,0.14,-0.064,0.952,0.965,0.74,0.77,0.66,34.55,2
2769.32,116.311,-0.124,-0.115,0.884,0.9,-0.36,-0.36,-0.36,34.47,2
2739.74,115.069,-0.101,-0.124,1.213,1.223,0.29,0.27,0.35,34.87,2
2756.02,115.753,0.13,0.03,0.817,0.828,0.62,0.61,0.66,34.65,2
2742.47,115.184,0.069,-0.015,0.977,0.979,1.86,1.87,1.83,34.76,2
2758.37,115.852,0.01,0.128,0.834,0.844,-0.82,-0.81,-0.87,34.66,2
2736.78,114.945,-0.047,-0.008,0.943,0.944,0.71,0.71,0.71,34.74,2
2736.41,114.929,-0.055,-0.079,1.033,1.037,0.98,0.97,1.01,34.89,2
2739.38,115.054,-0.049,0.08,1.014,1.018,-0.96,-0.96,-0.94,34.63,2
2764.22,116.097,0.094,0.085,1.143,1.15,0.65,0.65,0.63,35.0,2
2757.17,115.801,-0.138,-0.044,0.923,0.934,0.35,0.36,0.33,34.81,2
2755.78,115.743,0.059,0.145,0.882,0.896,0.37,0.37,0.37,35.01,2
2745.52,115.312,-0.168,-0.031,1.103,1.117,-1.4,-1.4,-1.38,34.88,2
2740.18,115.088,0.039,-0.184,0.981,0.999,-1.81,-1.82,-1.8,34.96,2
2756.88,115.789,0.072,-0.051,0.989,0.992,-1.9,-1.9,-1.91,35.21,2
2745.26,115.301,-0.047,-0.088,0.951,0.956,-0.02,-0.01,-0.03,35.34,2
2746.48,115.352,0.008,0.012,0.905,0.905,0.16,0.16,0.16,34.98,2
2744.78,115.281,-0.063,-0.047,1.092,1.095,-1.15,-1.16,-1.14,35.25,2
2758.78,115.869,0.087,0.088,0.908,0.917,-0.35,-0.36,-0.35,35.3,2
2747.53,115.396,0.055,-0.016,0.889,0.891,0.65,0.65,0.65,35.2,2
2754.14,115.674,-0.041,0.0,0.866,0.867,0.5,0.5,0.49,35.35,2
2747.58,115.398,0.051,0.19,0.941,0.961,0.72,0.72,0.72,35.61,2
2725.69,114.479,0.077,0.055,1.22,1.224,0.15,0.15,0.15,35.65,2
2779.68,116.747,0.262,0.027,0.866,0.905,0.77,0.77,0.77,35.38,2
2742.52,115.186,-0.117,-0.029,1.12,1.126,1.41,1.41,1.4,35.47,2
2746.78,115.365,0.053,-0.127,1.115,1.123,-0.17,-0.17,-0.17,35.89,2
2749.61,115.483,0.039,0.033,0.847,0.849,-2.09,-2.09,-2.09,35.97,2
2754.46,115.687,0.024,0.13,1.003,1.011,-0.25,-0.25,-0.25,35.44,2
2748.9,115.454,-0.024,0.028,0.957,0.958,0.29,0.29,0.29,35.99,2
2751.6,115.567,0.004,-0.096,1.043,1.047,0.19,0.19,0.19,35.76,2
2738.96,115.036,-0.225,-0.066,1.152,1.176,0.88,0.89,0.88,35.52,2
2747.93,115.413,-0.045,0.033,1.124,1.126,-0.37,-0.37,-0.37,31.91,2
400.0,25.0,-7.312,-5.178,-2.309,9.252,-56.15,-64.58,-30.84,32.17,2
400.0,25.0,-3.966,-2.905,-0.653,4.959,-30.2,-34.83,-16.33,32.22,2
5216.69,219.101,3.63,2.49,2.504,5.064,26.93,31.03,14.63,32.13,2
6281.59,263.827,5.121,3.549,3.305,7.053,38.22,44.1,20.56,32.48,2
2733.01,114.786,-0.098,0.022,1.2,1.204,-0.03,-0.03,-0.03,32.03,2
400.0,25.0,-3.956,-2.851,-0.876,4.954,-31.71,-36.34,-17.83,32.53,2
1224.43,51.426,-2.091,-1.404,-0.022,2.518,-17.9,-20.44,-10.29,32.48,2
4121.78,173.115,2.063,1.285,1.795,3.022,14.01,16.26,7.26,32.1,2
4698.74,197.347,2.733,2.055,2.276,4.107,22.49,25.72,12.8,32.5,2
2755.93,115.749,0.126,0.054,1.051,1.06,0.87,0.87,0.87,32.38,2
1223.17,51.373,-2.095,-1.596,0.14,2.637,-16.48,-19.02,-8.85,32.5,2
1917.45,80.533,-1.096,-0.869,0.432,1.464,-9.64,-11.03,-5.46,32.6,2
3488.13,146.501,0.961,0.718,1.637,2.03,8.95,10.18,5.24,32.6,2
3799.15,159.564,1.377,1.24,1.64,2.474,11.5,13.27,6.18,32.56,2
2756.84,115.787,-0.005,-0.123,1.029,1.037,-0.55,-0.55,-0.55,33.1,2
1898.9,79.754,-1.018,-0.804,0.456,1.376,-7.8,-9.2,-3.62,32.73,2
2279.21,95.727,-0.66,-0.512,0.734,1.112,-6.08,-6.85,-3.79,33.0,2
3166.09,132.976,0.616,0.454,1.18,1.406,6.41,7.08,4.37,32.93,2
3340.73,140.311,0.987,0.535,1.524,1.893,5.96,6.93,3.04,32.98,2
2746.84,115.367,0.008,-0.025,0.962,0.962,-2.17,-2.17,-2.17,32.85,2
2279.36,95.733,-0.583,-0.619,0.636,1.062,-4.1,-4.87,-1.81,32.9,2
2494.75,104.78,-0.259,-0.238,0.949,1.012,-5.48,-5.9,-4.22,33.38,2
2994.79,125.781,0.219,0.165,1.278,1.307,2.45,2.83,1.34,33.47,2
3055.95,128.35,0.509,0.144,1.257,1.364,3.28,3.81,1.68,33.25,2
2746.07,115.335,0.148,-0.035,0.914,0.927,1.35,1.35,1.35,33.18,2
2502.94,105.124,-0.393,-0.168,0.848,0.95,-1.6,-2.02,-0.34,33.53,2
2603.45,109.345,-0.253,-0.081,0.94,0.977,-2.97,-3.21,-2.28,33.4,2
2851.85,119.778,0.252,0.144,1.044,1.083,1.7,1.91,1.09,33.66,2
2930.08,123.063,0.35,0.162,1.152,1.215,2.41,2.71,1.53,33.5,2
2760.33,115.934,-0.017,-0.018,1.012,1.012,-0.16,-0.16,-0.16,33.49,2
2612.25,109.714,-0.241,-0.102,0.734,0.779,-1.18,-1.41,-0.49,33.58,2
2678.46,112.495,0.048,-0.047,0.963,0.966,-1.27,-1.4,-0.89,33.48,2
2807.34,117.908,0.104,0.215,1.126,1.151,1.14,1.26,0.81,33.39,2
2835.98,119.111,0.108,-0.051,1.169,1.175,-0.3,-0.14,-0.78,33.55,2
2747.47,115.394,-0.202,0.074,0.982,1.006,-0.33,-0.33,-0.33,33.62,2
2691.63,113.048,-0.167,0.208,0.954,0.99,-1.11,-1.23,-0.73,33.84,2
2717.76,114.146,0.048,-0.072,1.023,1.027,-2.42,-2.49,-2.21,33.91,2
2772.15,116.43,-0.136,0.021,1.136,1.144,-0.37,-0.31,-0.56,33.77,2
2794.77,117.38,0.232,0.137,1.166,1.196,-0.08,0.01,-0.34,33.96,2
2753.55,115.649,0.136,-0.002,1.039,1.048,0.46,0.46,0.46,33.46,2
2707.07,113.697,-0.113,-0.116,0.686,0.705,-0.94,-1.01,-0.73,34.11,2
2739.89,115.075,0.044,0.031,0.882,0.883,0.31,0.28,0.43,34.27,2
2788.4,117.113,0.07,-0.184,0.867,0.889,0.03,0.06,-0.07,34.4,2
2792.27,117.275,0.049,0.16,0.912,0.927,1.44,1.49,1.29,33.99,2
2754.78,115.701,-0.048,0.091,1.049,1.054,0.79,0.79,0.79,33.86,2
2711.38,113.878,0.007,0.137,1.001,1.01,-1.44,-1.48,-1.33,34.35,2
2756.29,115.764,0.087,0.023,1.074,1.078,0.28,0.26,0.35,34.25,2
2767.27,116.226,-0.058,0.017,1.019,1.021,1.11,1.13,1.06,34.26,2
2750.77,115.532,-0.009,0.098,0.702,0.709,0.54,0.57,0.46,34.21,2
2750.94,115.54,0.07,0.083,0.957,0.964,0.59,0.59,0.59,34.72,2
2754.88,115.705,-0.193,-0.046,1.086,1.104,-0.14,-0.16,-0.08,34.65,2
2759.64,115.905,-0.11,-0.205,1.142,1.166,-0.01,-0.02,0.02,34.68,2
2740.03,115.081,-0.093,0.085,1.152,1.159,-2.36,-2.35,-2.39,34.34,2
2764.66,116.116,0.193,0.105,1.073,1.096,-0.3,-0.28,-0.34,34.89,2
2753.47,115.646,0.115,-0.212,0.957,0.987,1.5,1.5,1.5,34.91,2
2751.28,115.554,-0.029,0.08,1.171,1.174,-0.91,-0.93,-0.88,34.97,2
2749.8,115.492,-0.004,0.096,0.932,0.937,1.43,1.43,1.45,34.54,2
2751.28,115.554,0.128,0.124,1.044,1.059,0.7,0.71,0.69,34.72,2
2752.04,115.586,-0.038,-0.078,0.963,0.967,-0.84,-0.83,-0.86,34.73,2
2727.96,114.574,-0.033,-0.042,0.947,0.948,-1.5,-1.5,-1.5,35.3,2
2748.96,115.456,-0.209,-0.1,1.054,1.079,-0.35,-0.36,-0.33,34.46,2
2736.01,114.912,0.056,-0.04,1.109,1.111,-0.88,-0.89,-0.87,34.93,2
2746.92,115.37,0.112,-0.11,0.949,0.962,0.04,0.05,0.03,35.36,2
2762.36,116.019,0.053,0.041,0.897,0.899,0.24,0.24,0.23,35.35,2
2740.03,115.081,0.028,-0.107,0.991,0.997,-0.78,-0.78,-0.78,35.15,2
2751.77,115.575,-0.001,0.08,1.027,1.03,0.49,0.48,0.5,34.9,2
2761.3,115.974,-0.018,0.131,1.083,1.091,0.18,0.18,0.19,35.1,2
2752.63,115.611,0.135,-0.012,1.112,1.12,0.3,0.3,0.29,35.6,2
2745.12,115.295,0.175,-0.083,1.156,1.172,0.81,0.81,0.8,35.58,2
2749.38,115.474,0.016,0.172,0.905,0.921,0.6,0.6,0.6,35.5,2
2753.23,115.636,-0.086,-0.21,0.951,0.977,-0.09,-0.09,-0.08,35.92,2
2778.19,116.684,0.033,-0.094,0.981,0.987,0.82,0.82,0.82,35.82,2
2747.58,115.398,0.126,-0.007,0.856,0.865,0.59,0.59,0.59,35.41,2
2745.35,115.305,0.055,-0.093,0.795,0.802,-1.09,-1.09,-1.1,35.8,2
2748.15,115.422,0.047,0.018,0.951,0.952,-0.33,-0.33,-0.33,35.33,2
2754.89,115.705,0.113,-0.156,0.809,0.831,-0.96,-0.96,-0.95,35.92,2
2747.45,115.393,-0.035,0.089,0.896,0.901,-0.07,-0.07,-0.07,35.69,2
2748.72,115.446,0.015,-0.015,1.033,1.033,-0.57,-0.57,-0.57,35.85,2
2737.5,114.975,0.12,0.01,0.932,0.94,1.27,1.27,1.26,35.92,2
2756.51,115.773,-0.046,0.067,0.979,0.983,-1.62,-1.62,-1.62,31.85,2
400.0,25.0,-7.069,-5.259,-2.181,9.077,-55.96,-64.4,-30.66,31.69,2
400.0,25.0,-3.691,-3.029,-0.792,4.84,-31.74,-36.37,-17.87,31.91,2
5204.13,218.573,3.359,2.603,2.617,4.991,26.8,30.9,14.5,32.19,2
6285.03,263.971,5.097,3.554,3.054,6.923,38.09,43.97,20.43,32.37,2
2760.14,115.926,0.126,-0.008,0.935,0.943,-0.3,-0.3,-0.3,32.03,2
400.0,25.0,-3.947,-2.834,-0.693,4.908,-30.1,-34.73,-16.21,32.77,2
1230.48,51.68,-2.105,-1.658,-0.037,2.68,-16.09,-18.63,-8.48,32.34,2
4098.78,172.149,2.01,1.462,1.806,3.072,13.29,15.55,6.54,32.71,2
4684.29,196.74,2.454,2.073,2.087,3.831,21.52,24.75,11.83,32.17,2
2738.89,115.033,0.28,0.029,1.08,1.116,-0.97,-0.97,-0.97,32.7,2
1228.23,51.585,-2.156,-1.651,-0.06,2.717,-16.71,-19.25,-9.09,32.43,2
1917.43,80.532,-1.236,-1.003,0.357,1.632,-10.32,-11.72,-6.15,32.83,2
3501.98,147.083,1.017,0.876,1.72,2.182,9.09,10.32,5.38,32.41,2
3820.26,160.451,1.657,1.145,1.783,2.69,10.7,12.48,5.39,32.59,2
2756.69,115.781,0.005,0.005,0.97,0.97,0.02,0.02,0.02,32.88,2
1896.77,79.665,-1.094,-0.849,0.166,1.395,-9.08,-10.47,-4.89,32.79,2
2289.67,96.166,-0.787,-0.551,0.852,1.284,-4.44,-5.2,-2.15,33.07,2
3149.34,132.272,0.614,0.394,1.196,1.401,3.42,4.1,1.38,32.97,2
3327.58,139.758,0.523,0.448,1.43,1.587,6.16,7.13,3.24,32.97,2
2756.71,115.782,-0.038,0.128,1.069,1.077,1.48,1.48,1.48,32.75,2
2294.59,96.373,-0.574,-0.601,0.657,1.059,-5.19,-5.95,-2.89,33.38,2
2502.39,105.1,-0.429,-0.27,0.8,0.948,-3.28,-3.7,-2.02,33.29,2
2973.29,124.878,0.316,0.374,1.066,1.173,2.82,3.19,1.7,33.52,2
3067.84,128.849,0.415,0.318,0.989,1.119,5.19,5.72,3.59,33.31,2
2767.97,116.255,0.019,-0.069,1.167,1.169,0.98,0.98,0.98,33.57,2
2490.97,104.621,-0.461,-0.267,0.892,1.039,-2.65,-3.07,-1.39,33.3,2
2601.31,109.255,-0.228,-0.204,0.907,0.957,1.3,1.07,2.0,33.21,2
2879.83,120.953,0.14,0.156,1.149,1.168,2.73,2.93,2.12,33.48,2
2906.48,122.072,0.17,0.175,1.154,1.18,0.07,0.36,-0.81,33.34,2
2741.01,115.122,0.156,-0.065,0.942,0.957,-0.88,-0.88,-0.88,33.51,2
2600.52,109.222,-0.043,0.087,1.003,1.008,-0.34,-0.57,0.36,33.34,2
2673.25,112.277,-0.034,0.154,1.032,1.044,2.59,2.46,2.97,33.86,2
2817.63,118.34,0.09,-0.011,0.928,0.933,1.67,1.79,1.34,33.72,2
2832.96,118.984,0.107,0.232,0.913,0.948,3.57,3.73,3.09,33.55,2
2757.23,115.804,0.094,-0.069,0.993,1.0,0.41,0.41,0.41,33.72,2
2659.67,111.706,0.044,-0.015,1.161,1.161,-1.88,-2.0,-1.5,33.84,2
2691.46,113.041,-0.055,-0.217,1.017,1.042,1.36,1.29,1.57,33.65,2
2798.01,117.516,0.111,-0.023,1.007,1.013,1.51,1.57,1.33,33.65,2
2802.78,117.717,0.003,0.089,1.089,1.092,0.65,0.74,0.39,34.11,2
2751.72,115.572,-0.04,-0.066,1.04,1.042,-0.85,-0.85,-0.85,34.0,2
2713.41,113.963,-0.06,-0.085,1.026,1.032,0.0,-0.07,0.21,34.21,2
2730.17,114.667,-0.029,0.07,0.959,0.962,-1.51,-1.54,-1.39,34.44,2
2767.7,116.244,0.081,-0.101,1.056,1.064,0.73,0.76,0.63,34.51,2
2792.09,117.268,0.077,-0.197,0.976,0.999,1.37,1.41,1.22,34.36,2
2739.18,115.046,-0.116,-0.185,0.907,0.933,0.65,0.65,0.65,33.93,2
2716.42,114.09,-0.068,0.057,1.135,1.138,0.52,0.48,0.64,34.1,2
2741.55,115.145,0.085,0.039,1.16,1.163,-1.03,-1.05,-0.96,34.48,2
2769.7,116.328,0.077,0.155,1.064,1.078,0.73,0.75,0.67,34.45,2
2779.52,116.74,0.312,0.068,0.942,0.995,0.13,0.16,0.05,34.43,2
2741.08,115.125,0.136,-0.007,1.009,1.018,0.82,0.82,0.82,34.44,2
2731.74,114.733,-0.175,-0.065,1.136,1.151,0.29,0.27,0.35,34.46,2
2725.59,114.475,0.011,0.192,1.064,1.081,-1.04,-1.05,-1.01,34.58,2
2771.58,116.406,0.038,-0.077,0.928,0.932,1.32,1.33,1.28,34.59,2
2738.74,115.027,0.206,-0.03,1.052,1.072,2.29,2.3,2.25,34.9,2
2735.81,114.904,0.204,-0.078,0.803,0.832,-1.84,-1.84,-1.84,34.47,2
2729.02,114.619,-0.043,-0.053,1.089,1.092,-0.64,-0.65,-0.6,35.05,2
2750.48,115.52,0.087,0.071,0.892,0.899,0.0,-0.0,0.02,34.58,2
2760.7,115.949,0.063,0.066,0.965,0.969,2.52,2.53,2.51,34.64,2
2754.27,115.679,0.178,-0.044,1.011,1.028,0.55,0.56,0.52,34.75,2
2757.86,115.83,0.117,-0.169,1.0,1.021,0.22,0.22,0.22,35.39,2
2758.47,115.856,0.009,-0.062,1.013,1.014,-0.74,-0.74,-0.72,35.23,2
2744.1,115.252,0.021,-0.017,1.027,1.028,0.04,0.04,0.05,34.88,2
2755.88,115.747,0.043,0.042,0.946,0.948,0.31,0.32,0.31,34.84,2
2750.75,115.532,0.216,0.022,1.128,1.149,-0.18,-0.17,-0.19,35.14,2
2763.86,116.082,0.057,0.065,0.939,0.943,-0.87,-0.87,-0.87,35.65,2
2744.41,115.265,0.118,0.038,1.03,1.037,0.51,0.51,0.52,35.13,2
2761.08,115.965,0.11,0.097,1.071,1.081,1.32,1.32,1.33,35.08,2
2764.5,116.109,0.034,-0.182,1.037,1.053,-0.9,-0.89,-0.9,35.59,2
2747.56,115.398,0.016,0.133,1.018,1.026,-1.28,-1.28,-1.29,35.59,2
2763.63,116.072,-0.101,0.078,1.139,1.146,-1.33,-1.33,-1.33,35.48,2
2735.61,114.895,0.112,-0.067,0.979,0.988,-0.36,-0.36,-0.35,35.78,2
2757.74,115.825,-0.079,-0.085,1.038,1.045,0.18,0.17,0.18,35.35,2
2752.53,115.606,0.044,-0.09,1.023,1.027,0.91,0.91,0.91,35.45,2
2756.41,115.769,-0.007,0.037,0.972,0.972,0.01,0.01,0.01,35.32,2
2755.25,115.72,-0.02,0.043,0.997,0.998,-0.12,-0.12,-0.12,35.7,2
2749.15,115.464,-0.079,-0.053,1.032,1.036,1.1,1.1,1.11,35.77,2
2760.97,115.961,0.13,-0.044,1.031,1.04,0.22,0.22,0.22,36.0,2
2764.01,116.088,0.069,0.04,1.099,1.102,1.29,1.29,1.29,36.05,2
2745.53,115.312,-0.037,-0.139,1.048,1.058,-0.53,-0.53,-0.53,35.89,2
2762.81,116.038,0.039,-0.04,1.072,1.073,0.66,0.66,0.66,32.13,2
400.0,25.0,-7.074,-5.123,-2.197,9.006,-56.65,-65.08,-31.34,32.03,2
400.0,25.0,-3.874,-3.033,-0.792,4.984,-30.39,-35.02,-16.52,32.03,2
5210.14,218.826,3.377,2.523,2.555,4.93,27.3,31.4,14.99,32.01,2
6273.57,263.49,5.002,3.631,3.056,6.895,40.07,45.95,22.41,31.81,2
2761.51,115.983,-0.104,-0.176,0.947,0.969,0.89,0.89,0.89,32.39,2
400.0,25.0,-3.983,-2.935,-0.717,4.999,-27.54,-32.17,-13.65,32.19,2
1224.15,51.414,-2.333,-1.538,-0.113,2.797,-16.08,-18.62,-8.47,31.92,2
4110.56,172.643,1.744,1.564,1.84,2.978,13.13,15.38,6.38,32.14,2
4685.02,196.771,2.856,2.1,2.222,4.184,21.16,24.39,11.47,32.42,2
2750.33,115.514,0.007,-0.031,1.031,1.032,0.24,0.24,0.24,32.07,2
1228.09,51.58,-2.29,-1.496,-0.088,2.737,-15.93,-18.47,-8.31,32.5,2
1906.04,80.054,-1.042,-0.887,0.512,1.461,-7.54,-8.93,-3.36,32.75,2
3492.28,146.676,1.084,0.711,1.602,2.061,8.58,9.82,4.88,32.98,2
3831.19,160.91,1.589,1.143,1.786,2.65,12.43,14.2,7.11,32.8,2
2746.71,115.362,0.082,-0.121,0.906,0.918,-1.29,-1.29,-1.29,32.82,2
1915.32,80.444,-1.208,-0.772,0.419,1.494,-10.77,-12.17,-6.59,32.78,2
2294.59,96.373,-0.595,-0.359,0.911,1.145,-5.62,-6.39,-3.33,33.0,2
3173.83,133.301,0.658,0.421,1.257,1.48,5.54,6.22,3.51,32.9,2
3333.14,139.992,0.947,0.611,1.54,1.908,5.16,6.13,2.24,33.09,2
2749.43,115.476,-0.092,-0.05,1.03,1.035,1.95,1.95,1.95,32.66,2
2259.4,94.895,-0.606,-0.635,0.6,1.064,-5.02,-5.79,-2.73,32.84,2
2490.16,104.587,-0.355,-0.199,0.924,1.01,-2.67,-3.09,-1.42,33.23,2
2961.05,124.364,0.367,0.274,1.195,1.28,0.6,0.97,-0.52,33.28,2
3083.78,129.519,0.416,0.156,1.08,1.168,3.94,4.47,2.34,32.99,2
2759.78,115.911,-0.055,0.009,1.117,1.119,-1.48,-1.48,-1.48,33.23,2
2500.36,105.015,-0.506,-0.14,0.863,1.01,-1.36,-1.78,-0.1,33.32,2
2602.21,109.293,-0.27,-0.193,0.928,0.985,-2.41,-2.64,-1.71,33.29,2
2880.69,120.989,0.125,0.217,1.146,1.173,0.79,1.0,0.18,33.59,2
2939.24,123.448,0.216,0.14,1.138,1.167,2.77,3.06,1.89,33.73,2
2749.93,115.497,-0.082,0.165,0.957,0.975,0.09,0.09,0.09,33.54,2
2603.81,109.36,-0.274,-0.208,0.988,1.046,-1.39,-1.63,-0.7,33.38,2
2672.39,112.24,-0.089,-0.281,1.006,1.048,-0.08,-0.2,0.3,33.79,2
2818.44,118.374,0.025,-0.074,0.99,0.993,0.86,0.97,0.52,33.52,2
2844.11,119.453,0.166,0.125,1.124,1.144,0.93,1.1,0.45,33.44,2
2730.41,114.677,-0.076,0.175,0.946,0.965,-0.43,-0.43,-0.43,33.85,2
2678.14,112.482,-0.314,-0.067,0.899,0.954,-0.63,-0.76,-0.25,33.72,2
2718.69,114.185,-0.067,0.015,0.865,0.867,0.24,0.17,0.45,33.57,2
2793.47,117.326,-0.031,0.023,0.989,0.99,1.55,1.61,1.36,33.6,2
2821.79,118.515,0.157,0.028,0.925,0.939,1.6,1.69,1.33,33.91,2
2750.99,115.541,0.013,0.085,1.067,1.071,-0.23,-0.23,-0.23,33.74,2
2709.85,113.814,-0.045,-0.071,0.969,0.973,0.05,-0.02,0.26,34.19,2
2713.39,113.962,-0.026,-0.035,0.923,0.924,-0.6,-0.64,-0.48,34.2,2
2771.69,116.411,0.225,0.024,1.009,1.034,-0.41,-0.37,-0.51,33.74,2
2784.41,116.945,0.064,-0.051,0.852,0.856,1.21,1.25,1.06,34.07,2
2749.49,115.479,-0.036,-0.046,0.837,0.839,0.39,0.39,0.39,34.04,2
2737.89,114.991,-0.079,0.027,1.073,1.077,0.28,0.24,0.4,33.84,2
2738.91,115.034,-0.176,-0.072,1.018,1.035,-0.11,-0.13,-0.05,34.55,2
2766.44,116.191,0.042,0.054,1.077,1.079,1.08,1.1,1.02,34.22,2
2762.55,116.027,-0.051,0.012,0.97,0.972,1.37,1.39,1.29,34.55,2
2728.4,114.593,-0.059,0.091,1.061,1.067,-1.35,-1.35,-1.35,34.02,2
2745.63,115.316,-0.086,-0.004,0.853,0.858,-1.95,-1.97,-1.89,34.98,2
2755.11,115.715,0.186,0.007,0.957,0.975,-0.97,-0.98,-0.94,34.65,2
2764.04,116.09,0.059,-0.002,0.987,0.988,-0.8,-0.79,-0.83,34.27,2
2751.81,115.576,0.063,-0.029,1.293,1.295,1.82,1.83,1.77,34.25,2
2755.11,115.715,0.049,-0.071,1.047,1.05,-0.26,-0.26,-0.26,34.79,2
2746.66,115.36,-0.114,0.039,0.915,0.923,-0.42,-0.43,-0.39,34.85,2
2742.88,115.201,0.092,-0.099,0.872,0.882,0.62,0.61,0.64,34.77,2
2761.68,115.991,0.121,-0.059,1.038,1.047,1.77,1.78,1.76,34.87,2
2762.62,116.03,0.041,-0.105,1.126,1.132,-0.13,-0.13,-0.16,34.72,2
2746.6,115.357,-0.059,0.001,1.143,1.144,-1.5,-1.5,-1.5,35.19,2
2737.01,114.954,-0.066,0.043,1.085,1.088,0.43,0.43,0.45,35.41,2
2747.85,115.41,-0.066,-0.003,0.984,0.986,-0.27,-0.27,-0.25,34.89,2
2761.63,115.989,0.003,-0.033,0.893,0.894,-0.11,-0.1,-0.12,35.21,2
2754.22,115.677,0.038,0.111,1.014,1.021,1.41,1.41,1.39,34.96,2
2753.52,115.648,-0.113,0.061,1.021,1.029,0.6,0.6,0.6,35.25,2
2750.83,115.535,-0.063,-0.015,1.035,1.037,0.42,0.41,0.43,35.24,2
2746.07,115.335,0.108,-0.087,1.136,1.145,-1.26,-1.26,-1.25,35.43,2
2736.15,114.918,0.038,-0.032,1.168,1.169,0.57,0.57,0.56,35.39,2
2764.32,116.101,0.035,0.04,0.864,0.866,-0.23,-0.22,-0.23,35.66,2
2737.44,114.973,0.013,-0.065,1.071,1.073,-1.93,-1.93,-1.93,35.53,2
2745.39,115.306,-0.11,-0.021,1.104,1.11,1.49,1.49,1.49,35.78,2
2741.89,115.16,0.032,0.088,0.973,0.978,-0.41,-0.41,-0.4,35.76,2
2749.15,115.464,0.006,0.108,0.828,0.835,-0.2,-0.2,-0.2,35.59,2
2759.29,115.89,-0.099,-0.097,1.089,1.098,1.75,1.75,1.75,35.68,2
2732.05,114.746,0.019,-0.099,0.978,0.984,-1.63,-1.63,-1.63,35.77,2
2742.19,115.172,-0.018,-0.199,0.902,0.924,0.62,0.62,0.62,35.83,2
2755.34,115.724,0.022,0.007,0.914,0.914,0.42,0.42,0.43,36.17,2
2745.89,115.327,0.203,0.045,1.122,1.141,0.83,0.83,0.83,36.11,2
2760.12,115.925,-0.123,-0.095,0.932,0.945,-1.31,-1.31,-1.31,35.99,2
2753.93,115.665,0.079,0.172,0.986,1.004,-0.4,-0.4,-0.4,32.24,2
400.0,25.0,-7.233,-5.376,-2.254,9.289,-54.53,-62.96,-29.22,32.09,2
400.0,25.0,-3.822,-2.823,-0.52,4.78,-29.18,-33.8,-15.3,31.68,2
5201.5,218.463,3.355,2.514,2.338,4.8,25.92,30.02,13.62,32.26,2
6275.61,263.576,5.031,3.775,3.243,7.077,37.82,43.7,20.16,32.51,2
2745.61,115.316,-0.099,0.113,0.942,0.954,0.1,0.1,0.1,31.84,2
400.0,25.0,-3.732,-2.834,-0.86,4.764,-30.12,-34.75,-16.23,32.27,2
1230.18,51.667,-2.523,-1.467,-0.011,2.918,-16.23,-18.76,-8.61,32.39,2
4105.2,172.418,2.072,1.446,1.915,3.17,14.41,16.66,7.65,32.31,2
4692.9,197.102,2.835,2.025,2.214,4.128,22.68,25.9,12.99,32.21,2
2733.69,114.815,-0.101,-0.148,0.933,0.95,0.21,0.21,0.21,32.4,2
1216.01,51.072,-2.294,-1.51,-0.049,2.747,-17.73,-20.27,-10.11,32.46,2
1926.24,80.902,-1.157,-0.807,0.452,1.481,-8.71,-10.11,-4.53,32.4,2
3478.32,146.089,1.173,0.698,1.408,1.961,7.53,8.76,3.82,32.99,2
3812.8,160.137,1.573,1.159,1.748,2.621,10.55,12.32,5.23,33.02,2
2756.14,115.758,-0.051,-0.09,0.998,1.003,0.06,0.06,0.06,32.54,2
1924.69,80.837,-1.093,-0.72,0.612,1.445,-8.15,-9.54,-3.96,32.44,2
2292.08,96.267,-0.688,-0.652,0.548,1.095,-4.31,-5.07,-2.02,33.05,2
3157.03,132.595,0.459,0.549,1.198,1.395,4.62,5.3,2.58,32.91,2
3333.89,140.023,0.817,0.642,1.311,1.673,6.07,7.04,3.15,32.77,2
2754.87,115.705,-0.016,0.115,0.947,0.954,1.19,1.19,1.19,33.21,2
2300.58,96.624,-0.728,-0.421,0.65,1.063,-3.97,-4.74,-1.68,33.3,2
2486.47,104.432,-0.429,-0.237,0.991,1.106,-2.72,-3.14,-1.47,33.15,2
2973.61,124.892,0.182,0.189,1.229,1.256,3.14,3.52,2.03,32.82,2
3059.62,128.504,0.484,0.476,1.036,1.238,3.75,4.29,2.15,32.88,2
2767.26,116.225,0.073,-0.068,0.941,0.946,0.28,0.28,0.28,33.2,2
2474.07,103.911,-0.298,-0.296,0.811,0.914,-3.38,-3.8,-2.12,33.75,2
2622.29,110.136,-0.266,-0.136,1.03,1.072,-2.79,-3.02,-2.1,33.78,2
2887.72,121.284,0.167,0.219,1.003,1.04,3.0,3.2,2.38,33.41,2
2949.99,123.9,0.134,0.207,1.101,1.128,2.28,2.57,1.4,33.25,2
2733.29,114.798,0.132,0.126,0.981,0.998,0.07,0.07,0.07,33.37,2
2607.7,109.523,-0.116,-0.064,0.993,1.001,-2.45,-2.68,-1.76,33.39,2
2681.65,112.629,-0.121,0.124,1.001,1.016,-0.33,-0.46,0.05,33.59,2
2820.93,118.479,-0.034,0.108,1.089,1.095,-0.23,-0.12,-0.57,33.69,2
2842.65,119.391,-0.061,0.223,0.965,0.993,2.59,2.75,2.11,33.96,2
2730.91,114.698,-0.107,-0.074,1.08,1.087,-1.07,-1.07,-1.07,33.57,2
2659.32,111.691,-0.001,-0.002,1.232,1.232,0.93,0.8,1.31,33.82,2
2700.52,113.422,-0.296,-0.029,0.831,0.883,-1.27,-1.34,-1.06,33.9,2
2790.55,117.203,-0.062,0.024,1.144,1.145,0.05,0.11,-0.14,33.94,2
2790.43,117.198,-0.035,0.079,1.213,1.216,1.45,1.54,1.19,34.23,2
2746.58,115.357,0.017,0.007,0.806,0.806,-0.88,-0.88,-0.88,34.01,2
2690.92,113.018,0.0,-0.045,0.82,0.821,0.54,0.47,0.74,33.87,2
2724.98,114.449,0.054,0.066,1.061,1.065,0.76,0.72,0.87,34.2,2
2771.98,116.423,0.113,-0.017,1.148,1.154,0.55,0.58,0.45,34.09,2
2781.02,116.803,0.222,-0.066,1.293,1.314,0.65,0.7,0.5,34.19,2
2749.15,115.464,0.011,0.033,0.845,0.846,-0.04,-0.04,-0.04,34.5,2
2729.67,114.646,-0.098,-0.045,1.055,1.06,-0.62,-0.66,-0.51,34.25,2
2728.55,114.599,-0.275,0.101,1.027,1.067,1.03,1.01,1.09,34.41,2
2750.32,115.514,-0.035,0.069,1.071,1.074,2.82,2.84,2.77,34.33,2
2765.45,116.149,-0.124,0.226,0.861,0.899,1.21,1.23,1.13,34.72,2
2743.79,115.239,0.073,-0.048,1.014,1.017,1.01,1.01,1.01,34.36,2
2755.93,115.749,-0.067,0.091,0.918,0.925,-0.65,-0.67,-0.58,34.38,2
2759.06,115.881,-0.209,-0.071,1.121,1.142,0.16,0.15,0.19,34.71,2
2760.78,115.953,0.049,-0.073,0.999,1.003,-0.11,-0.1,-0.14,34.52,2
2767.12,116.219,0.031,0.016,0.985,0.986,-0.11,-0.1,-0.16,35.1,2
2757.34,115.808,0.022,-0.092,0.979,0.983,-1.48,-1.48,-1.48,34.56,2
2744.77,115.28,0.026,-0.035,0.954,0.955,0.07,0.06,0.1,34.3,2
2751.03,115.543,-0.153,-0.014,1.051,1.062,0.21,0.2,0.23,34.99,2
2770.13,116.345,-0.166,0.055,1.129,1.142,1.02,1.02,1.0,34.78,2
2757.17,115.801,0.032,-0.023,1.008,1.009,-2.68,-2.68,-2.71,34.92,2
2767.77,116.246,0.124,0.114,1.145,1.158,-0.18,-0.18,-0.18,34.98,2
2751.76,115.574,0.17,0.015,0.979,0.994,1.15,1.14,1.17,35.24,2
2760.03,115.921,0.132,-0.14,1.086,1.103,1.76,1.76,1.77,35.41,2
2749.73,115.489,-0.007,-0.265,0.937,0.974,-0.42,-0.42,-0.43,35.19,2
2755.26,115.721,0.07,0.005,1.08,1.082,-0.85,-0.84,-0.86,35.08,2
2746.16,115.339,0.096,0.158,1.008,1.025,-2.11,-2.11,-2.11,35.33,2
2719.39,114.214,0.088,0.063,1.105,1.111,0.39,0.38,0.4,34.92,2
2756.41,115.769,-0.088,-0.085,1.026,1.033,0.49,0.49,0.5,35.39,2
2757.88,115.831,-0.036,0.017,1.101,1.102,1.39,1.39,1.38,35.3,2
2754.94,115.707,0.127,0.263,0.941,0.986,0.99,0.99,0.98,35.09,2
2735.28,114.882,0.05,-0.279,1.026,1.065,-3.23,-3.23,-3.23,35.58,2
2758.44,115.854,0.182,-0.242,0.842,0.895,-0.26,-0.26,-0.25,35.52,2
2752.02,115.585,0.132,-0.083,0.882,0.895,-0.11,-0.11,-0.11,35.85,2
2734.95,114.868,-0.005,0.024,1.014,1.014,-1.59,-1.59,-1.6,35.54,2
2751.26,115.553,0.077,-0.029,1.07,1.073,-0.1,-0.1,-0.11,35.88,2
2757.29,115.806,0.055,-0.086,1.05,1.055,1.23,1.23,1.23,35.51,2
2734.8,114.861,0.058,0.006,1.19,1.192,0.32,0.32,0.32,35.86,2
2733.9,114.824,-0.12,-0.113,1.009,1.022,-0.12,-0.12,-0.11,36.11,2
2750.17,115.507,-0.014,0.2,0.939,0.96,1.47,1.47,1.46,36.02,2
2763.62,116.072,0.157,0.033,1.165,1.176,-2.16,-2.16,-2.16,36.31,2
5965.6,240.918,0.196,0.647,1.525,1.668,-5.68,-9.0,4.54,42.09,2
5900.58,238.292,-0.074,0.548,1.374,1.481,-4.9,-8.75,6.51,42.2,2
5854.27,236.422,-0.084,0.401,1.246,1.312,-6.69,-10.82,5.55,41.91,2
5837.56,235.748,-0.338,0.166,1.096,1.159,-8.13,-12.29,4.54,41.81,2
5822.04,235.121,-0.119,0.336,1.141,1.196,-8.38,-12.3,4.29,42.31,2
5811.81,234.708,-0.564,-0.011,0.9,1.062,-8.09,-11.52,4.15,42.39,2
5839.81,235.838,-0.687,-0.165,0.751,1.031,-7.19,-9.9,4.22,42.47,2
5890.54,237.887,-0.799,-0.307,0.518,1.0,-7.6,-9.39,2.59,42.46,2
5938.65,239.83,-0.604,-0.205,0.574,0.858,-6.19,-6.93,2.43,42.17,2
6005.98,242.549,-0.498,-0.45,0.652,0.936,-4.36,-3.95,2.4,42.72,2
6100.72,246.375,0.028,-0.487,0.652,0.814,-2.9,-1.33,1.77,42.27,2
6160.29,248.781,-0.121,-0.348,0.899,0.971,-1.98,0.7,0.43,42.07,2
6244.72,252.191,0.136,-0.63,1.054,1.235,-0.35,3.32,-0.27,42.14,2
6329.75,255.624,0.201,-0.238,1.074,1.118,2.01,6.51,-0.25,42.48,2
6408.63,258.81,0.314,-0.573,1.312,1.466,2.9,7.99,-1.61,42.76,2
6461.98,260.965,0.46,-0.3,1.215,1.334,4.8,10.21,-1.82,42.74,2
6538.94,264.072,0.531,-0.306,1.251,1.393,6.64,12.06,-1.86,42.42,2
6601.52,266.6,0.5,-0.146,1.465,1.555,6.18,11.32,-3.91,42.58,2
6626.02,267.589,0.461,-0.091,1.238,1.324,6.87,11.41,-4.47,42.38,2
6646.0,268.396,0.53,0.07,1.18,1.295,7.72,11.39,-4.48,42.56,2
6667.3,269.256,0.432,0.295,0.928,1.065,8.07,10.63,-4.58,42.56,2
6662.36,269.057,0.317,0.424,0.918,1.059,7.68,8.93,-4.99,42.88,2
6625.73,267.578,0.164,0.51,0.62,0.82,8.3,8.12,-3.99,42.87,2
6584.28,265.904,-0.008,0.46,0.689,0.828,6.6,4.94,-4.88,42.7,2
6520.17,263.315,-0.254,0.404,0.644,0.802,5.75,2.63,-4.57,42.82,2
6454.16,260.649,-0.531,0.441,0.531,0.871,4.55,0.08,-4.28,42.63,2
6380.72,257.683,-0.639,0.345,0.672,0.989,2.57,-3.08,-4.5,42.4,2
6286.63,253.883,-0.629,0.462,0.874,1.172,1.3,-5.27,-3.79,43.04,2
6220.06,251.195,-0.532,0.388,0.923,1.134,-1.23,-8.4,-4.21,42.93,2
6121.22,247.203,-0.632,0.244,1.22,1.396,-2.03,-9.48,-2.85,42.98,2
6069.71,245.123,-0.616,0.111,1.257,1.404,-3.1,-10.44,-1.77,43.19,2
5974.0,241.258,-0.157,0.014,1.403,1.412,-4.88,-11.72,-1.49,43.07,2
5912.07,238.757,-0.077,0.056,1.324,1.328,-6.02,-12.0,-0.74,43.01,2
5876.36,237.314,0.026,-0.262,1.288,1.314,-6.56,-11.34,0.4,43.21,2
5843.91,236.004,0.197,-0.468,1.211,1.313,-7.63,-10.92,0.73,42.7,2
5816.26,234.888,0.408,-0.603,1.203,1.406,-8.67,-10.25,0.77,43.22,2
5833.1,235.567,0.464,-0.377,0.998,1.164,-7.8,-7.53,2.36,43.13,2
5824.46,235.218,0.679,-0.547,0.885,1.243,-7.47,-5.29,3.06,42.97,2
5870.24,237.067,0.606,-0.329,0.724,1.0,-7.32,-3.27,3.19,43.31,2
5913.31,238.807,0.631,-0.542,0.573,1.01,-7.08,-1.3,3.07,43.36,2
5976.95,241.377,0.552,-0.328,0.523,0.829,-5.01,2.27,4.43,43.27,2
6022.98,243.236,0.439,-0.506,0.706,0.973,-3.03,5.45,5.41,43.44,2
6122.43,247.252,0.238,-0.157,0.793,0.842,-2.22,7.07,4.95,43.08,2
6214.15,250.956,0.022,-0.1,1.087,1.092,-0.67,9.01,5.04,43.23,2
6299.44,254.401,-0.085,-0.104,1.229,1.236,0.45,10.06,4.55,43.11,2
6355.19,256.652,-0.285,0.176,1.113,1.162,2.43,11.5,4.86,43.51,2
6451.42,260.538,-0.35,0.293,1.504,1.571,4.96,13.03,5.69,43.2,2
6522.19,263.396,-0.621,0.411,1.469,1.647,5.24,11.89,4.33,43.73,2
6558.55,264.865,-0.576,0.353,1.403,1.557,6.79,11.65,4.35,43.31,2
6622.33,267.44,-0.629,0.473,1.171,1.411,7.51,10.3,3.71,43.3,2
6654.77,268.75,-0.604,0.345,1.069,1.275,7.89,8.41,2.93,43.53,2
6666.55,269.226,-0.546,0.448,1.01,1.232,7.58,5.75,1.72,43.48,2
6641.13,268.2,-0.355,0.357,0.952,1.077,7.93,3.77,1.43,43.38,2
6624.94,267.545,-0.209,0.183,0.741,0.792,7.82,1.46,0.97,43.74,2
6596.39,266.393,-0.109,0.455,0.517,0.697,6.23,-2.09,-0.7,43.37,2
6555.29,264.733,0.295,0.185,0.301,0.461,6.67,-3.26,-0.04,43.96,2
6480.99,261.732,0.43,-0.018,0.402,0.588,4.45,-6.67,-1.81,43.71,2
6409.75,258.855,0.361,0.03,0.663,0.755,3.89,-7.91,-1.69,43.41,2
6352.42,256.54,0.527,-0.286,0.873,1.059,2.47,-9.48,-2.24,43.48,2
6260.34,252.821,0.717,-0.247,0.994,1.25,1.07,-10.46,-2.63,43.55,2
6167.03,249.053,0.545,-0.467,0.919,1.166,-1.75,-12.31,-4.36,43.41,2
6100.89,246.382,0.615,-0.561,1.346,1.583,-3.13,-12.2,-4.61,43.7,2
6030.84,243.553,0.385,-0.257,1.419,1.493,-3.46,-10.58,-3.83,43.88,2
5929.04,239.442,0.223,-0.445,1.311,1.402,-5.39,-10.18,-4.72,43.91,2
5889.91,237.862,0.029,-0.389,1.503,1.553,-6.66,-8.84,-5.06,43.97,2
5871.01,237.098,-0.153,-0.291,1.226,1.27,-7.74,-7.16,-5.36,43.83,2
5831.71,235.511,-0.177,-0.248,1.151,1.191,-7.67,-4.28,-4.69,43.85,2
5817.23,234.927,-0.58,-0.12,0.999,1.161,-8.09,-2.0,-4.71,43.77,2
5841.35,235.901,-0.509,-0.067,0.964,1.093,-8.61,-0.04,-5.05,43.82,2
5862.54,236.756,-0.723,0.018,0.578,0.926,-6.75,3.94,-3.23,43.87,2
5883.22,237.592,-0.678,0.232,0.699,1.001,-6.2,6.17,-2.92,44.09,2
5954.38,240.465,-0.527,0.293,0.514,0.792,-4.81,8.69,-1.96,44.29,2
6011.19,242.76,-0.348,0.166,0.726,0.822,-4.31,9.72,-2.05,43.72,2
6089.06,245.904,-0.295,0.182,0.697,0.779,-3.4,10.52,-1.87,44.24,2
6196.9,250.26,-0.072,0.464,0.916,1.029,-2.35,10.82,-1.61,44.07,2
6248.63,252.348,0.164,0.459,1.04,1.148,0.17,11.95,0.06,44.46,2
6338.96,255.997,0.132,0.338,1.272,1.323,1.03,10.86,0.08,44.21,2
6404.08,258.626,0.397,0.477,1.278,1.421,3.33,10.73,1.6,44.5,2
6470.06,261.291,0.417,0.26,1.361,1.447,3.77,8.34,1.35,44.09,2
6535.97,263.952,0.555,0.336,1.356,1.503,6.06,7.55,3.08,44.16,2
6595.56,266.359,0.568,0.172,1.323,1.45,7.2,5.48,3.84,43.88,2
6631.44,267.808,0.681,0.219,1.153,1.357,8.01,3.11,4.45,44.19,2
6627.56,267.651,0.413,-0.122,1.047,1.132,7.45,-0.45,3.92,44.39,2
6660.39,268.977,0.358,-0.346,0.966,1.087,7.44,-3.15,4.14,44.64,2
6626.61,267.613,0.352,-0.34,0.945,1.064,8.13,-4.7,5.29,44.62,2
6615.45,267.162,0.055,-0.347,0.807,0.88,7.42,-7.11,5.23,44.81,2
6557.98,264.842,-0.175,-0.492,0.614,0.806,6.99,-8.58,5.63,44.44,2
6513.0,263.025,-0.17,-0.548,0.759,0.951,5.22,-10.71,4.82,44.88,2
6451.24,260.531,-0.306,-0.377,0.787,0.925,3.72,-11.84,4.39,44.44,2
6369.92,257.247,-0.652,-0.429,0.725,1.065,2.87,-11.6,4.65,44.89,2
6287.77,253.929,-0.719,-0.477,0.793,1.172,0.97,-11.73,3.88,44.93,2
6188.85,249.934,-0.587,-0.413,1.107,1.319,-0.47,-10.8,3.52,44.44,2
6101.34,246.4,-0.497,-0.04,1.248,1.344,-2.14,-9.6,2.82,44.6,2
6052.42,244.425,-0.556,-0.142,1.247,1.373,-4.77,-8.98,1.01,44.57,2
6005.52,242.53,-0.336,0.019,1.326,1.367,-6.06,-6.78,0.35,45.09,2
5914.46,238.853,-0.075,0.261,1.515,1.539,-6.18,-3.34,0.62,44.84,2
5867.1,236.941,0.072,0.45,1.254,1.335,-7.19,-0.88,-0.26,44.92,2
5835.3,235.656,0.099,0.198,1.301,1.319,-7.55,2.0,-0.77,44.61,2
5821.7,235.107,0.355,0.427,0.927,1.08,-8.5,3.88,-2.15,44.74,2
5833.48,235.583,0.559,0.562,1.03,1.3,-8.32,6.37,-2.67,44.98,2
5836.54,235.706,0.666,0.676,0.682,1.168,-8.22,8.14,-3.55,45.16,2
5865.1,236.86,0.597,0.585,0.537,0.993,-6.71,10.59,-3.25,45.0,2
5942.32,239.978,0.399,0.422,0.699,0.909,-5.96,11.5,-3.92,44.72,2
5986.59,241.766,0.554,0.44,0.484,0.858,-4.51,12.32,-4.03,45.0,2
6045.93,244.162,0.429,0.249,0.725,0.878,-2.67,12.76,-3.85,45.15,2
6137.48,247.86,0.281,0.135,0.834,0.89,-2.19,11.13,-5.06,45.26,2
6219.57,251.175,0.183,-0.072,1.03,1.048,-0.5,10.08,-5.04,45.01,2
6314.41,255.005,-0.084,-0.058,0.918,0.924,0.49,7.82,-5.63,44.81,2
6367.59,257.153,-0.332,-0.35,1.414,1.494,2.66,6.39,-4.87,45.59,2
6462.75,260.996,-0.415,-0.257,1.561,1.636,3.49,3.41,-5.24,45.33,2
6508.64,262.849,-0.486,-0.56,1.435,1.615,5.69,1.77,-3.96,45.46,2
6577.0,265.609,-0.758,-0.373,1.399,1.634,6.04,-1.58,-4.23,45.03,2
6626.79,267.62,-0.645,-0.51,1.357,1.587,6.67,-4.33,-3.88,45.52,2
6647.8,268.469,-0.494,-0.378,1.104,1.267,8.64,-5.28,-1.82,45.63,2
6653.68,268.706,-0.237,-0.441,1.003,1.121,8.23,-7.99,-1.77,45.53,2
6644.16,268.322,-0.368,-0.527,0.891,1.098,7.41,-10.4,-1.77,45.27,2
6612.92,267.06,-0.043,-0.289,0.847,0.896,8.27,-10.34,0.26,45.38,2
6586.71,266.002,-0.026,-0.161,0.677,0.696,7.01,-11.57,0.47,45.46,2
6554.85,264.715,0.212,-0.076,0.634,0.672,5.97,-11.74,1.17,45.62,2
6466.71,261.155,0.284,-0.095,0.582,0.654,3.78,-12.24,0.93,45.89,2
6384.74,257.845,0.611,-0.134,0.592,0.862,2.67,-10.94,1.9,45.61,2
6304.81,254.617,0.668,0.253,0.955,1.192,1.43,-9.13,2.83,45.72,2
6232.9,251.713,0.626,0.493,1.0,1.279,-0.88,-7.9,2.68,45.55,2
6157.7,248.676,0.486,0.619,1.228,1.459,-2.15,-5.28,3.49,45.68,2
6092.55,246.045,0.667,0.329,1.207,1.418,-3.44,-2.54,4.11,45.41,2
5999.67,242.294,0.09,0.548,1.22,1.341,-5.27,-0.33,3.99,45.69,2
5931.65,239.548,0.233,0.45,1.502,1.585,-4.98,3.78,5.69,45.83,2
5880.67,237.489,0.105,0.6,1.314,1.449,-5.67,6.55,6.07,46.25,2
5847.52,236.15,-0.128,0.391,1.131,1.203,-6.56,8.57,5.86,45.58,2
5835.12,235.649,-0.408,0.086,1.208,1.278,-7.87,9.51,4.84,46.22,2
5826.94,235.319,-0.614,0.311,0.972,1.191,-8.27,10.6,4.3,45.67,2
5839.17,235.813,-0.39,0.207,0.815,0.927,-7.54,11.96,4.46,45.77,2
5875.18,237.267,-0.603,-0.36,0.87,1.118,-7.6,11.67,3.44,46.32,2
5914.64,238.86,-0.528,-0.087,0.468,0.711,-7.27,10.9,2.43,46.13,2
5938.8,239.836,-0.525,-0.372,0.63,0.901,-5.97,10.27,2.06,46.22,2
6029.77,243.51,-0.429,-0.171,0.632,0.783,-3.91,9.66,2.17,45.92,2
6100.79,246.378,-0.077,-0.35,0.548,0.655,-2.25,8.03,1.67,46.21,2
6185.24,249.789,-0.108,-0.319,0.845,0.91,-1.74,4.79,-0.1,46.22,2
6278.3,253.547,0.112,-0.554,1.211,1.336,-0.5,1.96,-1.21,46.09,2
6339.43,256.016,0.221,-0.66,1.109,1.31,1.78,0.06,-1.25,46.3,2
6424.8,259.463,0.511,-0.314,1.449,1.568,4.1,-1.74,-1.14,46.16,2
6499.84,262.493,0.303,-0.275,1.299,1.362,4.63,-5.09,-2.66,46.4,2
6568.44,265.264,0.655,-0.402,1.372,1.573,5.82,-7.33,-3.25,46.07,2
6602.71,266.648,0.661,0.031,1.439,1.584,5.66,-10.35,-4.89,46.09,2
6641.29,268.206,0.765,-0.088,1.272,1.487,8.28,-9.88,-3.39,46.46,2
6641.9,268.23,0.399,0.096,1.059,1.136,8.64,-10.85,-3.76,46.34,2
6664.05,269.125,0.447,0.247,1.003,1.126,8.22,-11.73,-4.49,46.2,2
6647.4,268.453,0.186,0.338,0.725,0.821,8.59,-10.92,-4.0,46.27,2
6627.2,267.637,0.09,0.224,0.61,0.656,7.23,-10.97,-4.83,46.27,2
6580.6,265.755,-0.223,0.558,0.696,0.919,6.7,-9.37,-4.44,46.56,2
6503.74,262.651,-0.369,0.609,0.68,0.985,4.12,-9.1,-5.73,46.47,2
6418.58,259.212,-0.41,0.555,0.689,0.975,3.99,-5.78,-4.27,46.41,2
6353.68,256.591,-0.475,0.501,0.983,1.201,2.27,-3.6,-4.14,46.67,2
6276.35,253.468,-0.769,0.415,0.952,1.292,1.24,-0.49,-3.16,46.6,2
6196.87,250.258,-0.569,0.103,1.158,1.294,-0.38,2.13,-2.64,46.28,2
6111.48,246.81,-0.581,0.033,1.302,1.426,-2.54,4.08,-2.64,46.52,2
6023.12,243.241,-0.378,-0.074,1.45,1.5,-3.36,7.09,-1.32,46.71,2
5950.88,240.324,-0.351,-0.09,1.405,1.451,-5.99,7.81,-1.94,46.38,2
5909.24,238.642,-0.15,-0.038,1.359,1.368,-5.86,10.66,0.01,46.63,2
5873.3,237.191,0.204,-0.489,1.351,1.451,-7.7,10.81,-0.24,46.49,2
5839.94,235.844,0.292,-0.246,1.205,1.264,-7.7,11.96,1.06,46.83,2
5816.79,234.909,0.319,-0.319,0.971,1.07,-8.48,11.45,1.24,46.44,2
5834.8,235.636,0.418,-0.357,0.903,1.057,-7.26,12.04,3.06,46.83,2
5853.47,236.39,0.551,-0.64,0.725,1.113,-7.8,10.01,2.76,46.88,2
5884.09,237.627,0.565,-0.517,0.699,1.037,-7.06,8.47,3.37,47.08,2
5957.24,240.581,0.605,-0.276,0.476,0.818,-5.33,7.22,4.61,46.99,2
5999.55,242.289,0.547,-0.345,0.793,1.023,-4.93,4.09,4.2,46.86,2
6080.57,245.561,0.357,-0.303,0.568,0.737,-3.81,1.28,4.22,46.82,2
6141.95,248.04,0.19,-0.094,0.892,0.917,-3.31,-2.37,3.39,47.36,2
6231.28,251.648,0.097,-0.057,1.126,1.131,-0.35,-3.59,4.83,47.18,2
6319.11,255.195,-0.064,0.027,1.107,1.109,1.72,-5.53,5.27,47.01,2
6388.86,258.012,-0.424,0.168,1.159,1.246,2.96,-7.98,4.82,47.48,2
6476.79,261.563,-0.443,0.373,1.524,1.63,3.87,-10.25,4.05,47.34,2
6518.24,263.237,-0.444,0.449,1.404,1.54,5.29,-11.36,3.86,47.05,2
6588.17,266.061,-0.59,0.385,1.473,1.633,7.15,-11.28,4.24,47.27,2
6636.69,268.02,-0.337,0.603,1.215,1.398,7.3,-12.08,3.08,47.19,2
6643.46,268.293,-0.677,0.621,1.118,1.447,7.5,-11.95,2.21,47.11,2
6641.74,268.224,-0.273,0.447,1.111,1.228,8.1,-10.55,1.99,47.39,2
6629.6,267.734,-0.22,0.425,0.91,1.028,7.65,-9.37,1.0,47.21,2
6625.7,267.576,-0.172,0.435,0.647,0.799,7.75,-6.88,0.84,47.29,2
6584.09,265.896,0.08,0.12,0.57,0.588,6.12,-5.48,-0.76,47.68,2
6513.06,263.028,0.3,0.058,0.539,0.62,5.17,-2.9,-1.42,47.1,2
6460.69,260.913,0.595,0.007,0.513,0.786,4.13,-0.06,-1.92,46.9,2
6406.67,258.731,0.461,-0.191,0.659,0.827,1.84,1.69,-3.46,47.2,2
6317.17,255.116,0.616,-0.461,0.876,1.166,0.59,4.47,-3.79,47.4,2
6221.49,251.252,0.652,-0.359,1.25,1.455,-0.64,7.07,-3.98,47.62,2
6138.05,247.883,0.511,-0.504,0.979,1.214,-1.09,10.08,-3.32,47.77,2
6054.71,244.517,0.584,-0.477,1.427,1.614,-3.97,10.14,-5.08,47.63,2
5980.58,241.523,0.27,-0.509,1.419,1.531,-4.01,12.38,-4.03,47.65,2
5922.79,239.19,0.294,-0.47,1.416,1.521,-6.13,11.8,-5.14,47.71,2
5868.94,237.015,0.113,-0.617,1.279,1.424,-8.0,10.64,-6.12,47.41,2
5822.2,235.127,-0.081,-0.415,1.179,1.253,-6.8,11.73,-4.19,48.18,2
5839.65,235.832,-0.261,-0.311,1.114,1.186,-6.69,10.89,-3.55,47.59,2
5836.31,235.697,-0.456,-0.062,1.014,1.114,-8.15,7.69,-4.69,47.67,2
5832.74,235.553,-0.472,-0.094,0.809,0.942,-7.86,5.55,-4.29,47.74,2
5855.8,236.484,-0.675,0.095,0.569,0.888,-7.93,2.47,-4.47,47.83,2
5921.4,239.133,-0.754,0.349,0.558,1.001,-6.18,0.77,-3.02,48.19,2
5971.18,241.144,-0.479,0.18,0.516,0.727,-4.71,-1.5,-2.05,48.13,2
6023.09,243.24,-0.511,0.254,0.775,0.962,-3.02,-3.66,-1.0,47.85,2
6106.08,246.592,-0.378,0.511,0.809,1.028,-2.97,-7.39,-1.7,48.21,2
6208.79,250.74,0.019,0.513,0.928,1.06,-0.93,-8.91,-0.48,48.16,2
6275.8,253.446,0.069,0.537,1.006,1.143,0.77,-10.36,0.38,48.27,2
6354.66,256.63,0.18,0.314,1.283,1.333,1.64,-12.13,0.41,48.11,2
6435.93,259.913,0.67,0.53,1.441,1.675,3.83,-11.92,1.85,48.41,2
6508.28,262.834,0.341,0.254,1.471,1.531,5.03,-11.98,2.4,48.16,2
6566.84,265.199,0.591,0.223,1.428,1.561,5.7,-11.78,2.58,48.6,2
6621.94,267.425,0.618,0.162,1.325,1.471,7.22,-9.95,3.77,48.32,2
6649.13,268.522,0.453,-0.02,1.11,1.199,6.88,-9.22,3.31,48.52,2
6658.0,268.881,0.218,-0.124,0.96,0.992,8.19,-6.12,4.71,48.21,2
6674.5,269.547,0.394,-0.242,0.844,0.962,7.71,-4.18,4.55,48.55,2
6640.06,268.156,0.01,-0.352,0.829,0.9,7.47,-1.51,4.82,48.13,2
6592.41,266.232,0.148,-0.329,0.61,0.709,7.35,1.67,5.42,48.69,2
6561.89,264.999,-0.287,-0.528,0.664,0.895,6.42,4.24,5.36,48.24,2
6498.22,262.428,-0.232,-0.372,0.647,0.782,5.86,7.25,5.81,48.31,2
6414.42,259.044,-0.546,-0.529,0.604,0.971,3.19,8.03,4.23,48.5,2
6343.47,256.179,-0.543,-0.408,0.753,1.014,2.01,10.04,4.17,48.36,2
6261.1,252.852,-0.696,-0.446,1.029,1.32,0.59,11.41,3.87,48.6,2
6172.2,249.262,-0.593,-0.391,1.26,1.446,-0.98,12.11,3.35,48.68,2
6096.75,246.215,-0.422,-0.123,1.187,1.266,-3.45,11.27,1.8,48.48,2
6027.03,243.399,-0.116,-0.198,1.265,1.286,-4.57,11.11,1.44,48.55,2
5974.16,241.264,-0.329,0.039,1.222,1.266,-5.32,10.6,1.24,48.66,2
5917.48,238.975,-0.074,0.231,1.491,1.511,-6.27,9.16,0.6,48.81,2
5878.26,237.391,0.13,0.306,1.317,1.359,-7.66,6.6,-0.74,48.89,2
5834.21,235.612,0.205,0.246,1.038,1.087,-7.74,4.71,-1.07,48.64,2
5823.99,235.2,0.332,0.538,1.058,1.232,-8.4,1.72,-2.25,48.62,2
5809.92,234.632,0.711,0.764,0.79,1.308,-8.53,-1.17,-3.18,48.95,2
5859.63,236.639,0.68,0.37,0.761,1.085,-6.83,-2.52,-2.55,48.86,2
5893.49,238.007,0.517,0.432,0.673,0.952,-6.96,-5.84,-3.96,48.84,2
5962.58,240.796,0.558,0.535,0.687,1.035,-5.55,-7.63,-4.02,48.82,2
6027.26,243.409,0.428,0.338,0.509,0.746,-3.58,-8.7,-3.65,48.85,2
6082.05,245.621,0.467,0.256,0.594,0.798,-3.06,-10.94,-4.81,48.96,2
6170.76,249.204,0.262,0.167,0.733,0.797,-1.77,-12.01,-5.22,49.12,2
6238.42,251.936,0.011,-0.269,1.001,1.036,-0.04,-12.12,-5.12,49.01,2
6330.7,255.663,-0.171,-0.083,1.021,1.038,1.53,-11.83,-5.08,49.06,2
6411.41,258.922,-0.353,-0.484,1.118,1.268,3.81,-10.18,-4.15,48.91,2
6471.55,261.351,-0.334,-0.47,1.219,1.349,3.84,-10.14,-5.23,49.0,2
6553.3,264.653,-0.575,-0.349,1.46,1.607,6.69,-6.65,-3.22,49.32,2
6597.46,266.436,-0.498,-0.473,1.224,1.403,6.28,-5.81,-4.13,48.79,2
6612.38,267.038,-0.538,-0.528,1.26,1.468,7.02,-3.31,-3.55,49.03,2
6657.42,268.857,-0.477,-0.466,1.141,1.322,8.07,-0.05,-2.28,49.57,2
6660.46,268.98,-0.248,-0.324,0.919,1.005,8.21,2.61,-1.56,48.87,2
6653.31,268.691,-0.344,-0.383,0.769,0.925,8.41,5.54,-0.42,49.6,2
6613.27,267.074,-0.241,-0.237,0.777,0.848,6.55,6.48,-1.01,49.27,2
6559.73,264.912,0.248,-0.186,0.565,0.644,6.84,9.53,0.86,49.3,2
6510.86,262.939,0.308,0.222,0.513,0.639,4.62,9.87,0.45,49.14,2
6440.66,260.103,0.507,0.06,0.576,0.769,4.65,12.17,2.49,49.33,2
6360.5,256.866,0.377,0.118,0.53,0.661,2.57,11.96,2.53,49.35,2
6294.07,254.184,0.735,0.22,0.748,1.071,0.21,10.99,2.34,49.32,2
6213.32,250.923,0.574,0.483,1.085,1.319,-0.26,11.39,4.01,49.85,2
6119.35,247.128,0.464,0.448,1.214,1.375,-1.76,10.2,4.54,49.31,2
6048.81,244.279,0.402,0.657,1.359,1.562,-4.27,7.44,3.88,49.9,2
5989.32,241.877,0.247,0.596,1.261,1.417,-4.95,5.98,4.81,49.54,2
5924.55,239.261,0.174,0.45,1.419,1.499,-5.72,3.94,5.34,49.69,2
5871.88,237.134,-0.056,0.272,1.41,1.437,-6.95,1.03,5.06,49.51,2
5861.4,236.71,-0.278,0.285,1.288,1.348,-7.77,-1.8,4.8,49.78,2
5825.66,235.267,-0.329,0.369,0.975,1.093,-9.16,-5.42,3.55,49.78,2
5804.52,234.413,-0.434,0.012,0.8,0.91,-8.67,-7.28,3.76,49.59,2
5859.58,236.637,-0.658,0.014,0.83,1.059,-7.68,-8.64,4.05,49.76,2
5888.11,237.789,-0.673,-0.09,0.585,0.897,-7.38,-10.57,3.25,49.94,2
5931.45,239.539,-0.448,-0.297,0.649,0.842,-5.96,-11.18,3.21,49.91,2
5971.47,241.155,-0.413,-0.487,0.477,0.797,-5.74,-12.68,1.66,49.85,2
6036.37,243.776,-0.422,-0.349,0.547,0.774,-3.63,-11.92,1.75,50.07,2
6131.7,247.626,-0.279,-0.535,0.816,1.015,-1.64,-10.84,1.53,49.73,2
6216.48,251.05,0.118,-0.553,0.852,1.022,-0.22,-9.88,0.63,50.41,2
6281.59,253.679,0.187,-0.54,0.912,1.077,0.91,-8.73,-0.58,50.25,2
6373.97,257.41,0.281,-0.322,1.333,1.4,2.97,-6.21,-0.82,50.02,2
6458.21,260.812,0.311,-0.436,1.309,1.414,4.17,-4.11,-1.78,49.96,2
6496.92,262.375,0.438,-0.315,1.237,1.349,5.43,-1.59,-2.49,50.22,2
6594.03,266.297,0.71,-0.158,1.414,1.59,6.27,0.8,-3.34,50.2,2
6624.83,267.541,0.628,-0.141,1.43,1.568,7.01,3.3,-3.96,49.57,2
6647.45,268.455,0.522,0.058,1.253,1.359,8.33,6.51,-3.63,50.14,2
6646.08,268.399,0.422,0.131,1.142,1.224,8.21,8.29,-4.33,50.07,2
6644.74,268.345,0.363,-0.004,0.864,0.937,7.29,9.2,-5.43,50.31,2
6633.44,267.889,0.255,0.452,0.797,0.951,7.48,11.07,-4.98,50.4,2
6609.85,266.936,0.01,0.272,0.693,0.744,7.35,12.38,-4.44,50.4,2
6546.8,264.39,-0.279,0.421,0.467,0.688,5.67,11.84,-5.07,49.93,2
6487.17,261.982,-0.371,0.56,0.725,0.988,4.55,11.51,-4.8,50.01,2
6400.47,258.481,-0.424,0.435,0.703,0.929,2.88,10.26,-4.79,50.05,2
6324.46,255.411,-0.46,0.511,0.77,1.032,0.91,8.33,-4.85,50.43,2
6237.67,251.906,-0.763,0.268,1.184,1.434,-0.13,6.96,-3.81,50.27,2
6133.6,247.703,-0.668,0.111,1.23,1.405,-2.03,4.39,-3.56,50.54,2
6088.47,245.881,-0.543,0.176,1.175,1.306,-2.38,3.06,-1.75,50.35,2
5997.53,242.208,-0.533,0.01,1.372,1.472,-3.54,0.69,-0.81,50.58,2
5955.69,240.518,-0.188,-0.064,1.356,1.37,-5.89,-3.04,-1.21,50.7,2
5891.66,237.933,-0.082,-0.081,1.581,1.586,-7.34,-5.96,-0.9,50.85,2
5861.29,236.706,0.228,-0.213,1.166,1.207,-7.96,-8.05,-0.02,50.46,2
5814.15,234.802,0.396,-0.429,1.1,1.246,-8.22,-9.73,0.9,50.72,2
5837.73,235.755,0.435,-0.431,1.128,1.283,-7.95,-10.73,2.01,50.78,2
5812.09,234.719,0.648,-0.516,0.799,1.151,-7.98,-11.84,2.46,50.84,2
5855.82,236.485,0.588,-0.565,0.774,1.124,-8.03,-12.71,2.52,50.43,2
5897.35,238.162,0.61,-0.542,0.516,0.965,-5.91,-11.13,4.39,50.44,2
5959.59,240.676,0.562,-0.548,0.612,0.996,-6.25,-11.69,3.46,50.84,2
6027.17,243.405,0.393,-0.443,0.584,0.832,-4.24,-9.61,4.55,50.67,2
6099.0,246.306,0.326,-0.213,0.8,0.89,-2.48,-7.47,5.13,51.16,2
6160.78,248.801,0.06,-0.102,0.736,0.746,-1.1,-5.46,5.11,50.46,2
6248.18,252.33,-0.078,0.059,0.977,0.981,0.53,-2.97,5.18,50.75,2
6349.57,256.425,-0.182,-0.088,1.051,1.071,2.11,-0.37,5.09,51.19,2
6421.88,259.345,-0.202,0.207,1.572,1.599,3.13,1.77,4.41,50.94,2
6491.46,262.155,-0.434,0.298,1.35,1.449,4.95,4.76,4.57,50.99,2
6545.2,264.325,-0.545,0.335,1.357,1.5,5.95,6.89,4.0,50.99,2
6588.41,266.07,-0.733,0.536,1.418,1.684,6.95,8.93,3.58,50.77,2
6627.63,267.654,-0.71,0.43,1.207,1.464,7.12,9.98,2.52,50.98,2
6668.71,269.313,-0.491,0.437,1.031,1.222,8.01,11.55,2.42,51.27,2
6667.06,269.247,-0.292,0.591,1.147,1.323,8.38,12.36,2.05,51.28,2
6645.38,268.371,-0.121,0.321,0.765,0.839,6.93,11.1,0.16,50.74,2
6618.15,267.271,0.007,0.192,0.583,0.614,7.63,11.72,0.69,50.99,2
6569.38,265.302,0.23,0.366,0.6,0.74,6.05,9.81,-0.77,51.34,2
6502.77,262.612,0.392,0.086,0.462,0.612,5.59,8.78,-0.84,51.25,2
6440.45,260.095,0.529,-0.175,0.825,0.995,3.41,5.84,-2.41,51.31,2
6358.97,256.805,0.582,-0.23,0.538,0.825,2.42,3.93,-2.59,51.42,2
6277.9,253.531,0.476,-0.263,0.849,1.008,0.46,0.96,-3.59,51.1,2
6180.35,249.591,0.714,-0.451,0.974,1.289,-1.65,-2.19,-4.63,51.25,2
6128.84,247.511,0.557,-0.506,1.141,1.367,-1.57,-3.1,-3.42,51.56,2
6038.84,243.876,0.335,-0.571,1.506,1.645,-3.86,-6.31,-4.59,51.43,2
5983.39,241.637,0.272,-0.403,1.362,1.446,-5.27,-8.48,-4.93,51.54,2
5900.08,238.272,-0.144,-0.541,1.48,1.582,-6.49,-10.26,-5.18,51.53,2
5865.35,236.87,-0.089,-0.503,1.378,1.47,-6.42,-10.52,-4.28,51.48,2
5830.02,235.443,-0.149,-0.271,1.003,1.049,-8.12,-12.3,-5.32,51.26,2
5840.83,235.88,-0.417,-0.223,0.997,1.103,-8.52,-12.5,-5.25,51.4,2
5815.59,234.86,-0.57,-0.138,1.182,1.319,-7.87,-11.39,-4.35,51.86,2
5853.57,236.394,-0.498,0.033,0.523,0.723,-8.17,-11.01,-4.62,51.53,2
5886.81,237.736,-0.763,0.023,0.823,1.123,-7.45,-9.4,-4.07,51.57,2
5940.57,239.908,-0.46,0.311,0.804,0.977,-6.89,-7.8,-3.88,51.22,2
6003.89,242.465,-0.656,0.169,0.626,0.922,-3.63,-3.41,-1.17,51.47,2
6069.72,245.123,-0.531,0.467,0.765,1.042,-3.38,-2.0,-1.6,51.51,2
6150.86,248.4,-0.233,0.376,0.859,0.967,-2.44,0.07,-1.44,51.63,2
6230.23,251.605,0.049,0.384,1.109,1.175,-0.67,2.86,-0.5,51.54,2
6298.26,254.353,0.149,0.459,1.068,1.172,1.22,5.6,0.54,52.13,2
6385.55,257.878,0.245,0.592,1.388,1.529,1.75,6.76,0.26,52.0,2
6478.28,261.623,0.391,0.402,1.473,1.576,4.48,9.85,2.26,51.79,2
6521.05,263.35,0.539,0.24,1.388,1.508,5.52,10.96,2.71,51.59,2
6589.56,266.117,0.662,0.206,1.326,1.496,7.22,12.42,3.96,52.21,2
6639.41,268.13,0.452,-0.03,1.37,1.443,6.68,11.34,3.17,52.18,2
6652.1,268.643,0.69,-0.148,1.098,1.305,8.3,12.13,4.74,52.09,2
6663.37,269.098,0.534,-0.215,1.052,1.199,8.85,11.6,5.45,52.0,2
6672.08,269.449,0.189,-0.335,0.751,0.843,8.78,10.25,5.77,51.99,2
6623.12,267.472,0.239,-0.431,0.554,0.742,7.5,7.56,5.08,51.88,2
6573.04,265.45,-0.07,-0.443,0.604,0.752,6.17,4.75,4.52,52.23,2
6534.83,263.906,-0.206,-0.425,0.582,0.749,6.0,3.11,5.27,52.03,2
6468.94,261.246,-0.298,-0.491,0.623,0.848,4.05,-0.22,4.36,52.36,2
6388.35,257.991,-0.489,-0.405,0.495,0.805,3.12,-2.35,4.54,52.09,2
6312.04,254.909,-0.669,-0.254,0.97,1.205,1.19,-5.25,3.73,52.24,2
6215.38,251.006,-0.583,-0.219,1.097,1.261,-0.51,-7.62,3.13,52.18,2
6114.29,246.923,-0.543,-0.358,1.094,1.273,-1.5,-8.93,3.15,52.29,2
6061.39,244.787,-0.487,0.017,1.167,1.264,-2.95,-10.33,2.58,52.34,2
5980.39,241.516,-0.494,0.02,1.312,1.402,-4.04,-10.99,2.18,52.23,2
5940.57,239.907,-0.231,0.061,1.417,1.437,-5.91,-12.05,0.79,52.38,2
5880.41,237.478,-0.109,0.291,1.116,1.158,-6.69,-11.68,0.23,52.51,2
5870.17,237.065,0.14,0.414,1.213,1.289,-7.26,-10.81,-0.4,52.35,2
5814.8,234.829,0.125,0.372,1.027,1.1,-7.76,-9.62,-1.22,52.22,2
5830.09,235.446,0.597,0.478,0.979,1.242,-8.94,-8.97,-3.03,52.3,2
5851.47,236.309,0.687,0.453,0.939,1.249,-7.99,-6.12,-2.98,52.5,2
5862.65,236.761,0.623,0.547,0.619,1.034,-6.49,-2.73,-2.61,52.48,2
5910.57,238.696,0.428,0.541,0.651,0.948,-6.37,-0.85,-3.84,52.53,2
5977.02,241.38,0.519,0.474,0.68,0.977,-6.18,0.88,-5.18,52.69,2
6035.7,243.749,0.366,0.332,0.881,1.01,-4.66,3.65,-5.29,52.92,2
6113.36,246.886,0.223,0.186,0.737,0.792,-2.12,7.07,-4.45,52.9,2
6189.79,249.972,0.173,0.063,1.076,1.092,-1.84,7.81,-5.85,52.44,2
6288.14,253.944,-0.093,-0.182,0.998,1.018,0.1,9.76,-5.51,52.67,2
6369.83,257.243,-0.334,-0.136,1.264,1.315,1.38,10.57,-5.71,52.89,2
6437.99,259.996,-0.294,-0.155,1.204,1.249,4.78,13.04,-3.58,52.82,2
6481.48,261.752,-0.393,-0.407,1.396,1.506,5.23,12.13,-4.15,52.93,2
6552.79,264.632,-0.618,-0.407,1.443,1.621,5.58,10.75,-4.53,52.75,2
6601.46,266.598,-0.473,-0.542,1.26,1.451,6.42,9.56,-4.08,52.92,2
6650.19,268.565,-0.639,-0.457,1.117,1.365,7.8,8.69,-2.73,53.06,2
6659.53,268.942,-0.38,-0.53,1.082,1.263,8.6,7.14,-1.6,53.23,2
6654.41,268.736,-0.273,-0.424,1.018,1.136,7.23,3.43,-2.26,52.77,2
6642.89,268.27,-0.216,-0.372,0.871,0.972,7.52,1.49,-0.91,52.86,2
6609.55,266.924,0.016,-0.183,0.608,0.635,7.07,-0.96,0.02,53.01,2
6529.73,263.701,0.138,-0.251,0.768,0.82,6.03,-3.67,0.64,53.01,2
6500.15,262.506,0.235,0.112,0.569,0.626,4.78,-6.18,1.27,53.13,2
6428.28,259.604,0.646,0.113,0.709,0.966,3.42,-8.3,1.96,52.91,2
6334.29,255.808,0.694,0.242,0.883,1.149,2.15,-9.81,2.84,53.04,2
6263.74,252.959,0.592,0.386,1.059,1.273,0.24,-11.4,3.09,53.4,2
6179.08,249.54,0.636,0.34,1.192,1.393,-0.52,-11.28,4.44,52.94,2
6089.49,245.922,0.56,0.295,1.27,1.419,-2.99,-12.33,3.96,52.92,2
6032.58,243.624,0.524,0.651,1.607,1.812,-3.87,-11.33,4.85,53.3,2
5976.45,241.357,0.423,0.595,1.326,1.514,-5.14,-10.32,5.1,53.22,2
5916.12,238.92,0.091,0.53,1.277,1.386,-5.64,-8.25,5.79,52.99,2
5878.9,237.417,0.044,0.336,1.264,1.308,-8.13,-7.99,4.12,53.63,2
5849.43,236.227,-0.33,0.284,1.283,1.355,-8.62,-5.68,4.04,53.13,2
5841.08,235.89,-0.506,0.161,0.952,1.09,-7.36,-1.68,5.31,53.13,2
5845.2,236.056,-0.396,-0.148,0.979,1.066,-7.59,0.6,4.65,53.47,2
5830.05,235.444,-0.496,0.088,0.773,0.923,-6.62,3.77,4.78,53.41,2
5895.35,238.082,-0.515,0.045,0.433,0.675,-6.14,6.0,4.04,53.63,2
5947.83,240.201,-0.455,-0.315,0.582,0.803,-6.39,6.97,2.22,53.74,2
6004.08,242.473,-0.466,-0.317,0.712,0.908,-5.23,8.76,1.52,53.41,2
6076.51,245.397,-0.431,-0.528,0.672,0.957,-2.38,11.6,2.27,53.39,2
6161.25,248.82,-0.052,-0.515,0.807,0.959,-1.57,11.75,0.83,53.48,2
6247.38,252.298,0.052,-0.644,1.048,1.231,-0.61,11.43,-0.55,53.69,2
6321.71,255.3,0.144,-0.282,1.103,1.148,1.44,11.62,-0.83,53.7,2
6389.46,258.036,0.132,-0.267,1.176,1.213,3.04,10.84,-1.5,53.52,2
6481.57,261.756,0.554,-0.35,1.476,1.615,4.23,9.27,-2.41,53.92,2
6524.8,263.502,0.588,-0.194,1.531,1.651,6.06,8.05,-2.45,53.62,2
6586.49,265.993,0.708,-0.256,1.29,1.494,6.94,5.74,-3.16,53.57,2
6600.43,266.556,0.639,0.022,1.363,1.505,7.72,3.32,-3.63,53.82,2
6627.02,267.63,0.624,-0.003,1.169,1.325,7.85,0.41,-4.35,53.89,2
6666.55,269.226,0.337,0.251,0.98,1.066,7.79,-2.4,-4.86,53.6,2
6643.91,268.312,0.386,0.378,0.675,0.865,7.06,-5.45,-5.61,53.88,2
6624.06,267.51,0.011,0.337,0.625,0.71,7.86,-6.44,-4.42,53.85,2
6586.7,266.001,-0.032,0.317,0.686,0.757,6.85,-8.6,-4.63,54.03,2
6543.24,264.246,-0.205,0.548,0.623,0.855,4.69,-11.23,-5.61,53.93,2
6457.98,260.803,-0.411,0.318,0.796,0.951,4.17,-11.49,-4.64,53.95,2
6382.08,257.738,-0.408,0.371,0.766,0.944,2.72,-11.97,-4.33,54.37,2
6294.09,254.184,-0.576,0.315,0.948,1.153,1.13,-11.9,-3.95,53.74,2
6234.97,251.797,-0.664,0.427,1.133,1.381,0.36,-10.39,-2.61,54.15,2
6128.19,247.485,-0.454,0.35,1.161,1.294,-1.67,-9.62,-2.47,53.92,2
6064.29,244.904,-0.471,0.174,1.39,1.478,-3.49,-8.24,-2.14,54.01,2
5993.82,242.058,-0.319,-0.058,1.532,1.566,-4.48,-5.77,-1.08,53.99,2
5941.95,239.963,-0.163,-0.243,1.411,1.441,-5.83,-3.55,-0.53,54.12,2
5865.97,236.895,-0.104,-0.329,1.31,1.355,-6.85,-1.07,0.13,54.24,2
5849.82,236.243,0.154,-0.354,1.229,1.288,-7.68,1.38,0.69,53.72,2
5829.43,235.419,0.351,-0.42,1.167,1.288,-8.17,3.8,1.28,54.08,2
5822.19,235.127,0.399,-0.441,0.821,1.014,-7.95,6.42,2.22,54.27,2
5834.19,235.611,0.499,-0.42,0.735,0.982,-7.83,8.31,2.7,54.45,2
5873.29,237.191,0.5,-0.615,0.493,0.933,-7.29,9.91,3.22,53.92,2
5912.32,238.767,0.609,-0.533,0.564,0.986,-6.3,11.19,3.84,53.94,2
5975.77,241.329,0.567,-0.147,0.463,0.746,-5.61,11.37,3.82,54.07,2
6046.38,244.181,0.371,-0.212,0.785,0.894,-4.31,11.39,4.11,54.23,2
6136.25,247.81,0.262,-0.13,0.661,0.723,-1.55,12.15,5.61,54.17,2
